applicant_id,age,annual_income,employment_years,credit_score,loan_amount,loan_term_months,num_credit_lines,debt_to_income,previous_defaults,home_ownership,loan_purpose,default
1,22,40600.0,2.2,610,26200.0,12,1,0.289,0,Mortgage,Debt consolidation,0
2,59,39000.0,20.1,683,30100.0,60,5,0.052,0,Mortgage,Medical,0
3,52,72000.0,17.0,688,26600.0,36,4,0.329,0,Mortgage,Education,0
4,41,73800.0,9.2,568,12500.0,36,5,0.204,0,Rent,Debt consolidation,0
5,40,37500.0,1.8,600,14700.0,24,4,0.496,0,Rent,Medical,0
6,63,40100.0,14.7,605,34800.0,36,6,0.284,0,Rent,Home improvement,1
7,22,64300.0,3.9,656,14900.0,36,2,0.087,0,Rent,Debt consolidation,0
8,54,32400.0,9.7,829,6400.0,36,5,0.365,0,Rent,Debt consolidation,0
9,28,39900.0,3.0,595,34000.0,36,4,0.042,0,Rent,Debt consolidation,1
10,22,51300.0,2.6,592,44000.0,36,3,0.231,0,Mortgage,Debt consolidation,0
11,45,80700.0,15.2,579,14300.0,24,2,0.119,0,Mortgage,Business,0
12,69,36200.0,18.7,721,25500.0,24,3,0.277,0,Mortgage,Business,0
13,56,19500.0,13.3,667,8100.0,36,1,0.141,0,Rent,Car,0
14,58,18800.0,15.8,598,8800.0,24,5,0.555,0,Mortgage,Debt consolidation,0
15,56,26100.0,16.3,641,12400.0,24,5,0.059,0,Own,Home improvement,0
16,59,25400.0,15.9,607,22200.0,24,2,0.241,0,Own,Business,0
17,45,45400.0,13.9,694,9400.0,60,4,0.245,2,Mortgage,Education,0
18,24,27100.0,0.0,850,19200.0,36,1,0.313,0,Mortgage,Education,0
19,62,34500.0,18.0,714,1900.0,36,2,0.204,0,Own,Debt consolidation,0
20,41,,10.5,663,19500.0,36,3,0.346,0,Rent,Debt consolidation,0
21,44,39300.0,9.2,617,23800.0,36,6,0.197,0,Rent,Business,0
22,37,95000.0,10.1,563,65600.0,24,10,0.332,0,Mortgage,Business,0
23,27,68300.0,4.0,729,57200.0,36,3,0.596,0,Rent,Debt consolidation,1
24,67,49400.0,22.0,724,34100.0,36,2,0.423,0,Rent,Medical,0
25,59,38900.0,17.0,633,26200.0,36,8,0.19,0,Own,Medical,0
26,52,39500.0,14.7,767,10500.0,24,5,0.101,1,Rent,Debt consolidation,0
27,39,57700.0,6.5,672,51600.0,60,4,0.764,0,Mortgage,Education,0
28,61,65600.0,15.3,732,29400.0,48,3,0.361,0,Rent,Debt consolidation,0
29,46,31100.0,14.9,694,12600.0,12,3,0.147,0,Rent,Medical,0
30,41,49900.0,11.1,656,23800.0,60,4,0.399,0,Rent,Debt consolidation,0
31,41,,6.1,594,6900.0,24,3,0.636,0,Rent,Medical,1
32,30,54500.0,5.3,658,30200.0,12,4,0.326,0,Rent,Business,0
33,22,71800.0,0.0,737,24900.0,24,6,0.196,0,Mortgage,Debt consolidation,0
34,47,42600.0,9.9,629,10800.0,60,3,0.18,1,Mortgage,Car,0
35,65,121600.0,21.7,705,102000.0,24,3,0.528,0,Rent,Medical,0
36,21,31600.0,0.8,583,26500.0,48,3,0.1,0,Mortgage,Business,1
37,63,54700.0,18.4,732,25800.0,36,2,0.155,0,Mortgage,Education,0
38,61,48200.0,8.2,695,41800.0,36,9,0.414,0,Rent,Business,0
39,32,46600.0,4.4,574,18800.0,36,4,0.315,0,Rent,Business,1
40,51,46300.0,14.2,652,17600.0,12,8,0.372,2,Mortgage,Debt consolidation,0
41,26,51700.0,4.6,745,42900.0,48,5,0.271,1,Mortgage,Home improvement,0
42,58,74900.0,18.9,569,44000.0,36,4,0.471,0,Rent,Car,0
43,55,97600.0,14.2,584,68100.0,36,6,0.205,0,Rent,Medical,0
44,36,49000.0,6.7,664,19600.0,12,2,0.262,0,Mortgage,Debt consolidation,0
45,21,73700.0,0.0,841,29200.0,48,4,0.32,0,Mortgage,Car,0
46,69,34500.0,19.8,616,4200.0,48,2,0.229,0,Mortgage,Debt consolidation,0
47,41,,5.4,710,62700.0,36,2,0.293,0,Rent,Business,0
48,65,33500.0,13.3,691,8200.0,36,5,0.404,0,Mortgage,Home improvement,0
49,53,84600.0,10.7,623,39800.0,36,6,0.18,0,Rent,Debt consolidation,0
50,59,148100.0,20.9,683,21800.0,36,5,0.604,0,Mortgage,Education,0
51,58,46100.0,15.2,634,27700.0,12,3,0.427,0,Rent,Debt consolidation,1
52,28,16400.0,4.7,641,6300.0,48,2,0.258,0,Rent,Car,0
53,37,37300.0,6.1,537,26200.0,12,5,0.544,0,Mortgage,Car,1
54,42,90800.0,4.2,668,45300.0,12,3,0.66,0,Mortgage,Debt consolidation,0
55,44,64600.0,13.2,742,10300.0,12,4,0.12,1,Rent,Car,0
56,20,55500.0,0.0,675,3300.0,24,4,0.521,0,Rent,Car,0
57,46,81200.0,9.5,757,18700.0,36,3,0.046,0,Mortgage,Debt consolidation,0
58,26,62500.0,,716,41600.0,48,2,0.212,0,Mortgage,Debt consolidation,0
59,57,90100.0,16.3,665,68000.0,36,2,0.264,0,Rent,Education,0
60,54,77600.0,12.2,620,26400.0,36,1,0.472,0,Mortgage,Home improvement,0
61,66,104900.0,13.7,631,53000.0,36,4,0.062,0,Own,Education,0
62,57,58700.0,13.2,552,14900.0,36,4,0.248,0,Mortgage,Education,0
63,37,77100.0,5.4,649,61600.0,60,6,0.495,0,Mortgage,Medical,0
64,69,42000.0,18.1,682,36600.0,60,5,0.275,0,Mortgage,Business,0
65,39,36300.0,11.3,807,25000.0,60,3,0.057,1,Own,Education,0
66,35,115100.0,3.2,712,14500.0,60,7,0.2,0,Rent,Education,0
67,65,54600.0,19.7,601,23000.0,60,5,0.465,0,Rent,Car,0
68,37,73300.0,8.1,555,65400.0,36,5,0.241,1,Mortgage,Debt consolidation,1
69,22,52100.0,4.0,653,12800.0,36,3,0.227,0,Rent,Debt consolidation,1
70,42,36600.0,9.2,735,22700.0,48,5,0.448,0,Rent,Home improvement,1
71,60,49300.0,19.2,652,41800.0,24,6,0.413,1,Own,Medical,0
72,28,100500.0,3.5,713,71100.0,36,3,0.142,0,Mortgage,Debt consolidation,0
73,42,64700.0,10.9,656,36700.0,60,4,0.166,0,Rent,Business,0
74,24,20800.0,,727,10000.0,36,3,0.107,0,Rent,Home improvement,1
75,54,44000.0,6.5,542,36900.0,12,5,0.342,0,Mortgage,Home improvement,1
76,43,119500.0,11.1,798,46100.0,36,4,0.168,0,Mortgage,Business,0
77,35,44100.0,8.1,581,36000.0,24,2,0.027,0,Rent,Debt consolidation,0
78,30,19900.0,6.2,733,8300.0,36,6,0.031,0,Mortgage,Business,0
79,47,126300.0,10.0,648,87500.0,36,6,0.44,0,Own,Education,0
80,53,69000.0,18.5,661,57200.0,36,2,0.264,0,Rent,Medical,0
81,67,47300.0,18.2,651,24500.0,36,5,0.142,0,Mortgage,Car,0
82,41,40700.0,10.5,690,12800.0,12,0,0.235,0,Rent,Debt consolidation,0
83,26,84200.0,5.0,707,7900.0,36,5,0.379,2,Own,Debt consolidation,0
84,62,37400.0,22.8,755,27600.0,12,3,0.208,0,Rent,Debt consolidation,0
85,51,87000.0,12.2,783,50300.0,36,1,0.398,1,Rent,Car,0
86,55,64300.0,12.8,697,17600.0,36,4,0.341,0,Rent,Business,0
87,23,55400.0,0.0,807,44100.0,24,6,0.308,0,Rent,Car,0
88,34,52700.0,11.1,677,43900.0,60,5,0.228,0,Mortgage,Car,0
89,58,44900.0,17.3,756,36100.0,36,2,0.15,0,Rent,Car,0
90,62,82700.0,19.0,704,46400.0,24,6,0.164,0,Mortgage,Debt consolidation,0
91,41,31800.0,18.6,626,28000.0,36,6,0.303,0,Mortgage,Education,0
92,60,21800.0,17.8,684,17300.0,12,5,0.623,0,Rent,Debt consolidation,0
93,62,66700.0,13.7,710,9200.0,12,2,0.386,0,Rent,Home improvement,0
94,38,67200.0,7.4,667,59400.0,60,4,0.26,0,Rent,Home improvement,0
95,65,62300.0,15.9,703,32200.0,48,3,0.387,0,Mortgage,Car,0
96,33,60100.0,4.8,739,50000.0,48,1,0.336,0,Rent,Business,1
97,30,41800.0,3.6,668,29100.0,36,4,0.096,0,Mortgage,Business,0
98,54,72700.0,12.6,434,43700.0,60,7,0.136,0,Mortgage,Business,0
99,51,47900.0,9.0,804,15700.0,60,5,0.034,0,Own,Education,0
100,25,38400.0,7.0,646,2800.0,12,6,0.411,0,Own,Home improvement,0
101,62,41900.0,18.5,604,12000.0,24,4,0.19,0,Rent,Medical,0
102,28,134600.0,3.3,580,85200.0,36,6,0.222,2,Mortgage,Home improvement,1
103,60,20600.0,19.1,643,16100.0,36,6,0.171,0,Mortgage,Education,0
104,18,62900.0,0.0,625,3300.0,36,8,0.207,0,Mortgage,Debt consolidation,0
105,60,21200.0,17.6,611,4800.0,24,3,0.276,0,Rent,Education,0
106,59,46400.0,18.5,615,28900.0,48,4,0.255,1,Rent,Education,0
107,59,39500.0,16.8,712,11500.0,12,3,0.208,0,Rent,Car,0
108,53,17300.0,16.0,832,2900.0,48,5,0.269,0,Rent,Home improvement,0
109,42,59500.0,11.9,736,7100.0,36,5,0.12,0,Mortgage,Home improvement,0
110,55,40500.0,15.3,760,24000.0,12,6,0.044,0,Mortgage,Debt consolidation,0
111,32,17200.0,4.9,640,9600.0,60,1,0.216,0,Mortgage,Education,0
112,59,74600.0,21.0,678,58200.0,36,4,0.18,0,Mortgage,Medical,0
113,47,,10.2,704,31900.0,48,2,0.144,0,Mortgage,Business,0
114,42,,10.8,617,17200.0,60,4,0.137,0,Rent,Debt consolidation,0
115,44,58700.0,11.6,636,42800.0,12,2,0.124,0,Rent,Home improvement,0
116,48,50200.0,10.2,738,44700.0,24,5,0.246,0,Rent,Home improvement,0
117,19,95200.0,0.0,757,33900.0,24,2,0.341,0,Rent,Business,0
118,25,113700.0,1.7,675,89300.0,12,5,0.433,0,Mortgage,Medical,0
119,31,86400.0,3.7,574,60300.0,60,5,0.377,0,Mortgage,Car,1
120,24,30600.0,0.0,646,25200.0,60,4,0.215,0,Rent,Debt consolidation,0
121,41,54200.0,7.2,555,22300.0,36,3,0.15,0,Mortgage,Debt consolidation,0
122,53,61100.0,14.8,676,8300.0,48,2,0.102,0,Mortgage,Home improvement,0
123,52,19800.0,,690,3000.0,60,4,0.241,1,Rent,Business,0
124,42,62000.0,11.3,648,43300.0,24,4,0.266,0,Mortgage,Business,1
125,63,152700.0,10.2,689,119700.0,12,3,0.357,0,Rent,Medical,0
126,47,67500.0,13.5,703,29600.0,60,4,0.202,0,Rent,Home improvement,0
127,22,102400.0,0.0,691,10300.0,48,7,0.402,0,Own,Medical,0
128,58,53700.0,17.4,574,5700.0,24,3,0.119,0,Mortgage,Business,0
129,48,47300.0,12.0,650,26400.0,36,4,0.355,0,Mortgage,Debt consolidation,0
130,51,59300.0,12.6,703,49300.0,24,4,0.185,1,Rent,Car,0
131,47,32600.0,11.3,796,12700.0,36,3,0.325,0,Rent,Debt consolidation,0
132,47,30300.0,11.5,648,18300.0,36,6,0.083,0,Mortgage,Debt consolidation,1
133,22,92300.0,4.0,714,47100.0,24,3,0.466,0,Rent,Home improvement,0
134,47,,11.5,740,78500.0,48,5,0.526,0,Rent,Education,0
135,60,29900.0,20.1,654,22700.0,36,5,0.332,0,Mortgage,Education,0
136,34,79500.0,9.2,762,17400.0,48,4,0.351,0,Own,Medical,0
137,49,46900.0,14.4,766,29400.0,36,2,0.07,0,Rent,Debt consolidation,0
138,19,58100.0,0.0,780,44800.0,36,6,0.387,0,Own,Medical,1
139,36,61700.0,10.5,707,51900.0,24,4,0.076,0,Rent,Education,0
140,41,80600.0,7.8,850,44400.0,24,6,0.133,0,Rent,Debt consolidation,0
141,70,51100.0,22.9,621,10200.0,48,6,0.302,0,Own,Car,0
142,29,99200.0,1.5,840,52000.0,36,2,0.355,0,Rent,Car,0
143,32,57200.0,2.0,731,35200.0,24,3,0.428,0,Mortgage,Home improvement,1
144,39,67000.0,14.3,777,18900.0,60,5,0.181,0,Mortgage,Education,0
145,70,32300.0,,644,28300.0,60,5,0.086,0,Rent,Debt consolidation,0
146,63,144300.0,21.4,738,35300.0,24,2,0.189,0,Mortgage,Education,0
147,19,62000.0,0.8,784,51100.0,24,3,0.272,0,Rent,Debt consolidation,0
148,30,70000.0,3.5,583,28800.0,36,4,0.103,0,Mortgage,Home improvement,1
149,61,21900.0,17.1,657,1100.0,24,4,0.408,0,Mortgage,Debt consolidation,0
150,21,32500.0,0.0,499,16600.0,60,5,0.125,0,Mortgage,Home improvement,1
151,63,91000.0,18.0,656,53100.0,36,4,0.316,0,Rent,Debt consolidation,0
152,32,56600.0,2.4,605,44700.0,12,4,0.528,0,Mortgage,Education,1
153,66,18800.0,18.0,653,9600.0,36,3,0.329,0,Mortgage,Debt consolidation,0
154,33,82400.0,8.8,850,10700.0,24,1,0.381,0,Own,Debt consolidation,0
155,41,37400.0,10.0,807,31300.0,36,8,0.115,0,Own,Home improvement,0
156,53,99300.0,9.6,555,52700.0,24,4,0.239,0,Mortgage,Business,1
157,24,46900.0,5.0,714,13200.0,60,4,0.204,1,Rent,Home improvement,0
158,47,54300.0,11.6,734,44200.0,48,4,0.572,0,Rent,Medical,1
159,44,88400.0,8.8,643,13500.0,60,3,0.312,0,Mortgage,Car,0
160,59,31300.0,18.6,684,4200.0,24,3,0.202,2,Rent,Car,0
161,70,29800.0,20.3,692,15000.0,36,2,0.069,0,Own,Debt consolidation,0
162,53,44400.0,10.5,562,25800.0,60,2,0.411,0,Mortgage,Car,0
163,39,74100.0,13.9,587,35900.0,36,5,0.19,0,Rent,Car,0
164,39,25200.0,8.3,684,21200.0,36,4,0.309,0,Mortgage,Debt consolidation,0
165,40,21300.0,8.6,678,5800.0,60,5,0.529,1,Own,Car,1
166,61,74000.0,16.0,613,66000.0,48,4,0.21,0,Rent,Car,0
167,35,36300.0,10.3,606,2400.0,60,5,0.289,0,Rent,Business,0
168,26,40300.0,1.6,663,6100.0,36,4,0.372,1,Mortgage,Business,0
169,35,19400.0,2.2,741,4000.0,36,3,0.065,0,Rent,Car,0
170,19,,0.0,664,4100.0,36,2,0.072,0,Rent,Debt consolidation,0
171,23,48800.0,5.0,800,20600.0,36,5,0.126,0,Rent,Medical,0
172,22,78100.0,,614,61400.0,24,1,0.269,0,Mortgage,Car,0
173,58,33300.0,15.2,685,24900.0,60,2,0.173,0,Own,Education,0
174,56,112300.0,19.3,642,76700.0,36,2,0.058,0,Mortgage,Debt consolidation,0
175,54,34800.0,16.6,717,2000.0,36,4,0.339,0,Rent,Home improvement,0
176,42,34800.0,8.8,607,27300.0,60,5,0.263,0,Rent,Car,1
177,56,105700.0,14.7,824,40900.0,48,6,0.352,1,Own,Business,0
178,26,54500.0,4.2,535,36600.0,24,1,0.321,0,Mortgage,Education,1
179,65,37200.0,16.3,807,24800.0,36,7,0.096,0,Rent,Debt consolidation,0
180,44,45400.0,10.4,677,9100.0,36,2,0.146,0,Mortgage,Business,0
181,67,96400.0,20.5,714,47100.0,24,5,0.247,1,Mortgage,Debt consolidation,0
182,26,102000.0,0.0,777,85400.0,12,1,0.277,0,Mortgage,Car,0
183,44,32600.0,9.8,739,8900.0,36,2,0.264,0,Rent,Education,0
184,54,48000.0,13.5,612,31600.0,48,6,0.084,0,Mortgage,Business,0
185,44,51300.0,13.5,718,44300.0,60,4,0.286,0,Rent,Car,0
186,41,29900.0,,819,10700.0,36,2,0.111,0,Own,Medical,0
187,26,47700.0,2.1,599,18100.0,36,3,0.318,0,Mortgage,Education,0
188,38,49200.0,6.6,839,21400.0,24,2,0.228,0,Own,Education,1
189,30,86700.0,7.7,701,64000.0,60,1,0.1,0,Rent,Car,0
190,33,89700.0,5.9,635,38000.0,60,7,0.108,0,Rent,Car,0
191,54,,19.8,599,19300.0,60,10,0.343,0,Mortgage,Education,0
192,51,44000.0,15.2,652,10500.0,36,4,0.396,1,Rent,Home improvement,0
193,50,68300.0,11.6,514,60800.0,24,4,0.218,0,Rent,Medical,0
194,37,36600.0,,637,29600.0,36,5,0.269,1,Mortgage,Debt consolidation,1
195,68,65800.0,,649,36900.0,36,1,0.142,0,Rent,Home improvement,0
196,22,46900.0,4.0,584,40600.0,36,1,0.29,0,Rent,Debt consolidation,1
197,36,30200.0,3.2,730,19100.0,12,4,0.652,0,Mortgage,Medical,0
198,24,30400.0,0.0,652,26300.0,12,6,0.309,0,Rent,Debt consolidation,0
199,35,101100.0,8.2,619,18900.0,36,4,0.419,0,Own,Education,0
200,68,45300.0,23.7,644,10900.0,60,4,0.086,0,Mortgage,Car,0
201,37,111300.0,1.0,698,89300.0,48,7,0.247,0,Mortgage,Home improvement,0
202,66,37900.0,23.3,676,15400.0,48,4,0.103,0,Rent,Medical,0
203,44,56700.0,10.0,614,20700.0,24,4,0.063,0,Rent,Debt consolidation,0
204,55,162200.0,9.1,680,112100.0,48,4,0.143,0,Own,Debt consolidation,1
205,42,28900.0,0.6,666,16900.0,36,6,0.453,0,Mortgage,Debt consolidation,1
206,32,19000.0,1.0,579,6500.0,12,4,0.188,0,Rent,Medical,0
207,58,93300.0,15.9,647,36200.0,36,1,0.158,0,Rent,Business,0
208,69,32400.0,20.2,716,12900.0,24,2,0.207,0,Rent,Medical,0
209,31,48500.0,7.1,716,7600.0,60,1,0.241,0,Mortgage,Debt consolidation,0
210,59,36600.0,14.8,652,9000.0,60,3,0.177,0,Mortgage,Debt consolidation,0
211,31,56100.0,,724,28400.0,24,3,0.237,0,Mortgage,Education,0
212,55,30500.0,13.6,592,21800.0,36,4,0.477,0,Own,Debt consolidation,1
213,59,44800.0,16.5,594,18200.0,36,5,0.346,0,Mortgage,Education,1
214,41,61400.0,,650,23100.0,24,2,0.293,0,Rent,Car,0
215,57,29600.0,13.2,790,17800.0,36,2,0.685,0,Rent,Business,0
216,32,34500.0,8.3,683,6300.0,48,2,0.223,1,Mortgage,Education,0
217,22,41200.0,0.0,648,15400.0,48,1,0.314,0,Rent,Debt consolidation,1
218,23,24000.0,0.0,794,5400.0,24,6,0.408,0,Own,Education,0
219,41,39700.0,7.6,647,24000.0,36,1,0.469,0,Rent,Education,1
220,65,52000.0,22.0,849,7600.0,12,2,0.374,0,Rent,Education,0
221,24,40100.0,2.0,629,17300.0,12,7,0.272,0,Rent,Education,0
222,42,42800.0,7.5,589,23800.0,12,6,0.318,0,Mortgage,Car,1
223,55,48500.0,17.6,657,36800.0,12,3,0.284,0,Mortgage,Debt consolidation,0
224,28,35300.0,10.0,650,23500.0,36,4,0.09,0,Rent,Home improvement,1
225,56,69300.0,15.8,605,59000.0,36,4,0.21,0,Rent,Debt consolidation,0
226,34,100500.0,10.1,850,63100.0,48,2,0.477,0,Rent,Home improvement,0
227,60,38900.0,19.9,695,13500.0,36,3,0.443,0,Rent,Debt consolidation,0
228,48,62500.0,10.2,707,15400.0,24,5,0.288,0,Rent,Home improvement,0
229,46,43500.0,11.3,633,4300.0,60,7,0.452,0,Rent,Home improvement,0
230,27,58800.0,0.0,624,16800.0,60,5,0.224,0,Mortgage,Business,1
231,42,107200.0,,752,17800.0,24,4,0.147,0,Mortgage,Car,0
232,63,63200.0,16.1,536,23000.0,36,5,0.201,0,Mortgage,Education,0
233,19,20200.0,0.0,579,13100.0,24,4,0.416,0,Mortgage,Medical,0
234,58,61500.0,13.8,650,39300.0,60,6,0.219,0,Rent,Home improvement,0
235,44,90800.0,9.5,778,29100.0,36,5,0.357,0,Own,Debt consolidation,0
236,56,43900.0,16.8,640,21200.0,12,6,0.206,1,Rent,Debt consolidation,1
237,53,80600.0,13.6,703,18900.0,48,1,0.047,0,Own,Home improvement,0
238,40,34700.0,3.2,672,16600.0,48,5,0.055,0,Own,Medical,0
239,34,23300.0,4.2,774,11300.0,24,3,0.021,0,Rent,Business,0
240,51,52600.0,8.6,543,16100.0,36,3,0.344,0,Rent,Debt consolidation,0
241,25,20400.0,3.5,729,5500.0,36,6,0.123,0,Rent,Business,0
242,48,43500.0,13.5,654,38400.0,24,3,0.12,0,Mortgage,Debt consolidation,1
243,23,93300.0,2.8,744,47300.0,24,4,0.571,0,Rent,Debt consolidation,0
244,52,18900.0,11.2,604,10000.0,60,4,0.222,0,Own,Debt consolidation,1
245,51,25900.0,13.9,672,1500.0,48,4,0.15,0,Own,Business,0
246,22,29300.0,0.2,662,6000.0,48,3,0.134,0,Rent,Debt consolidation,0
247,58,47500.0,12.6,590,16800.0,48,4,0.41,2,Rent,Car,1
248,40,40800.0,11.0,568,35500.0,36,5,0.152,0,Own,Debt consolidation,1
249,59,98700.0,18.9,624,19600.0,36,0,0.282,0,Rent,Car,0
250,20,79000.0,2.0,680,24300.0,48,4,0.268,0,Mortgage,Debt consolidation,0
251,27,62800.0,1.8,609,56000.0,24,6,0.392,0,Mortgage,Car,1
252,44,52700.0,,644,24200.0,24,5,0.239,0,Mortgage,Debt consolidation,0
253,27,59700.0,2.1,519,19100.0,24,5,0.225,0,Mortgage,Debt consolidation,1
254,35,31900.0,8.8,640,18800.0,48,5,0.184,0,Rent,Debt consolidation,0
255,53,75300.0,12.5,752,35500.0,36,7,0.091,0,Mortgage,Home improvement,0
256,25,28100.0,2.1,726,24300.0,36,1,0.284,0,Rent,Business,1
257,53,74400.0,6.7,663,9000.0,36,4,0.167,0,Mortgage,Car,0
258,23,88700.0,1.1,689,64000.0,60,2,0.582,1,Rent,Home improvement,1
259,27,54500.0,3.9,604,15700.0,24,7,0.297,0,Rent,Debt consolidation,0
260,49,44900.0,11.2,800,33000.0,36,5,0.518,0,Rent,Debt consolidation,0
261,60,,22.1,835,46200.0,48,2,0.226,0,Mortgage,Car,0
262,27,11700.0,0.1,683,9000.0,48,5,0.249,0,Mortgage,Debt consolidation,0
263,33,57000.0,4.3,850,44800.0,36,2,0.18,0,Rent,Home improvement,0
264,67,46300.0,16.9,616,30600.0,24,4,0.579,1,Rent,Debt consolidation,0
265,70,47800.0,19.1,570,8200.0,60,3,0.267,1,Mortgage,Home improvement,0
266,48,69800.0,15.1,613,6600.0,36,8,0.119,1,Rent,Debt consolidation,0
267,41,47200.0,13.6,652,16000.0,60,6,0.31,0,Mortgage,Medical,0
268,36,27700.0,5.1,850,13000.0,48,4,0.269,0,Own,Debt consolidation,0
269,50,45700.0,10.6,648,14000.0,60,4,0.103,0,Rent,Car,0
270,49,50700.0,8.9,601,34500.0,12,4,0.43,0,Mortgage,Business,0
271,33,51900.0,9.9,598,34500.0,36,8,0.175,0,Rent,Debt consolidation,0
272,19,53200.0,1.0,761,46600.0,24,2,0.344,0,Mortgage,Debt consolidation,0
273,26,82400.0,2.9,750,32200.0,24,3,0.271,0,Own,Debt consolidation,0
274,68,28500.0,15.8,631,20500.0,24,3,0.14,0,Own,Education,0
275,40,53500.0,4.9,520,36400.0,36,2,0.316,0,Rent,Medical,0
276,43,93400.0,10.5,580,83200.0,36,3,0.494,1,Mortgage,Home improvement,1
277,42,20600.0,11.2,808,14600.0,36,5,0.462,0,Mortgage,Home improvement,0
278,59,53600.0,10.2,725,15600.0,36,3,0.354,0,Mortgage,Car,0
279,21,36600.0,0.2,675,2300.0,24,4,0.137,0,Mortgage,Home improvement,0
280,22,40700.0,4.0,820,35500.0,36,7,0.362,0,Mortgage,Debt consolidation,0
281,32,31200.0,4.9,827,20600.0,48,4,0.502,0,Rent,Debt consolidation,0
282,43,45000.0,14.5,667,33300.0,12,3,0.176,0,Mortgage,Car,0
283,53,123100.0,15.9,669,89200.0,48,6,0.183,0,Rent,Education,0
284,44,26100.0,7.1,623,17600.0,36,2,0.416,0,Rent,Medical,0
285,41,27300.0,8.3,647,18800.0,36,3,0.223,0,Rent,Education,0
286,67,25600.0,19.2,551,21500.0,48,4,0.206,1,Rent,Debt consolidation,1
287,26,116300.0,0.3,551,96200.0,36,1,0.337,0,Rent,Debt consolidation,1
288,48,38900.0,9.1,532,14500.0,36,1,0.317,0,Rent,Debt consolidation,1
289,46,48400.0,15.7,757,3700.0,60,2,0.122,0,Mortgage,Debt consolidation,0
290,43,40100.0,7.1,545,3300.0,12,3,0.258,0,Own,Business,1
291,60,30600.0,20.0,826,13100.0,36,3,0.203,0,Rent,Medical,0
292,32,43600.0,4.3,612,33100.0,60,6,0.177,0,Mortgage,Business,0
293,68,167600.0,19.9,809,129100.0,60,6,0.227,0,Mortgage,Car,0
294,35,98300.0,8.5,641,38700.0,36,6,0.315,1,Mortgage,Car,0
295,46,32000.0,9.4,545,9800.0,24,1,0.163,0,Rent,Car,1
296,45,67800.0,12.5,773,32600.0,36,3,0.146,0,Own,Medical,0
297,63,32300.0,11.9,782,24500.0,60,4,0.049,0,Mortgage,Education,0
298,41,20200.0,10.5,598,11900.0,48,3,0.495,0,Rent,Home improvement,0
299,33,81600.0,0.0,643,13800.0,24,5,0.503,0,Rent,Debt consolidation,1
300,19,87600.0,0.0,598,31400.0,24,7,0.301,2,Mortgage,Car,0
301,37,82700.0,10.2,660,43200.0,48,3,0.664,0,Mortgage,Debt consolidation,1
302,61,38800.0,19.1,679,19700.0,36,5,0.284,0,Mortgage,Debt consolidation,0
303,18,45100.0,0.0,642,34100.0,60,7,0.033,0,Rent,Debt consolidation,0
304,65,71300.0,15.3,524,60100.0,36,5,0.313,0,Rent,Debt consolidation,0
305,46,59600.0,9.1,624,8100.0,36,10,0.234,0,Rent,Car,0
306,25,40300.0,3.4,726,9700.0,24,6,0.156,0,Mortgage,Car,0
307,34,21800.0,0.3,653,8400.0,36,2,0.415,0,Mortgage,Debt consolidation,1
308,47,51900.0,11.6,644,15700.0,36,7,0.131,0,Mortgage,Medical,0
309,34,84100.0,7.3,596,33400.0,12,6,0.288,0,Mortgage,Education,0
310,23,26900.0,1.2,621,2300.0,36,5,0.09,2,Mortgage,Debt consolidation,1
311,53,67500.0,,783,7200.0,24,7,0.213,0,Rent,Debt consolidation,0
312,53,57900.0,,579,44200.0,60,3,0.445,0,Rent,Home improvement,1
313,24,71300.0,0.8,728,9800.0,24,4,0.398,0,Mortgage,Debt consolidation,0
314,32,75800.0,0.0,674,56900.0,36,4,0.229,0,Rent,Business,0
315,30,34600.0,5.2,690,10700.0,48,5,0.091,1,Rent,Debt consolidation,0
316,52,21800.0,10.7,611,6800.0,24,6,0.586,0,Rent,Car,0
317,56,37500.0,13.5,642,5100.0,36,5,0.146,0,Mortgage,Medical,0
318,56,76500.0,16.6,670,4700.0,60,4,0.219,1,Rent,Home improvement,0
319,67,37400.0,23.9,628,13200.0,36,7,0.199,0,Rent,Education,0
320,58,34600.0,15.9,697,26300.0,36,3,0.166,0,Rent,Home improvement,0
321,34,,8.1,707,16400.0,60,5,0.219,0,Mortgage,Car,0
322,23,117800.0,0.0,844,12100.0,60,2,0.207,0,Mortgage,Education,0
323,50,74100.0,13.5,692,5700.0,60,5,0.444,0,Mortgage,Car,0
324,66,72000.0,19.0,517,13300.0,36,5,0.278,0,Own,Medical,0
325,69,79500.0,24.1,763,55800.0,36,3,0.265,0,Rent,Medical,0
326,30,65400.0,3.2,654,14700.0,36,2,0.305,0,Rent,Business,1
327,30,43400.0,4.1,831,10700.0,36,5,0.322,0,Mortgage,Business,0
328,19,45200.0,1.0,788,36400.0,36,7,0.43,0,Mortgage,Home improvement,0
329,25,39600.0,2.5,630,31400.0,60,3,0.06,0,Rent,Debt consolidation,1
330,47,183000.0,8.3,728,113400.0,36,2,0.102,0,Mortgage,Education,0
331,46,64700.0,18.9,622,12300.0,60,7,0.017,1,Rent,Medical,0
332,37,38900.0,4.4,670,14500.0,60,4,0.065,0,Own,Debt consolidation,0
333,34,61900.0,6.2,724,15500.0,36,4,0.349,0,Mortgage,Education,0
334,61,29600.0,18.2,759,18400.0,24,6,0.13,0,Own,Debt consolidation,0
335,42,104000.0,10.4,742,74100.0,60,6,0.126,0,Mortgage,Education,0
336,60,35200.0,16.2,676,6000.0,24,7,0.188,0,Rent,Debt consolidation,0
337,69,63000.0,19.8,850,51200.0,48,6,0.347,0,Rent,Business,0
338,34,83500.0,5.7,641,37000.0,12,5,0.217,0,Mortgage,Business,0
339,28,59400.0,0.7,541,43100.0,24,6,0.23,0,Rent,Home improvement,1
340,68,51400.0,26.5,557,4800.0,24,3,0.262,0,Rent,Debt consolidation,0
341,51,49300.0,12.5,788,17600.0,24,4,0.451,0,Rent,Debt consolidation,1
342,33,47700.0,7.8,664,3000.0,60,3,0.331,0,Own,Debt consolidation,0
343,50,36700.0,11.8,683,24200.0,24,4,0.1,0,Mortgage,Car,0
344,45,39200.0,9.7,627,4600.0,24,3,0.361,0,Mortgage,Debt consolidation,0
345,65,102700.0,17.4,634,34700.0,48,0,0.316,0,Mortgage,Home improvement,0
346,31,46400.0,0.6,607,33200.0,60,3,0.427,0,Mortgage,Education,1
347,70,33100.0,20.3,708,22700.0,36,4,0.215,0,Rent,Business,0
348,67,37900.0,18.4,662,22500.0,48,5,0.15,1,Mortgage,Medical,0
349,27,85000.0,7.1,705,54400.0,12,3,0.335,0,Rent,Home improvement,0
350,26,68700.0,0.0,697,41500.0,60,7,0.222,0,Rent,Education,0
351,46,,9.5,636,38600.0,48,8,0.223,0,Mortgage,Car,1
352,20,43100.0,0.0,553,15000.0,60,2,0.285,0,Rent,Debt consolidation,1
353,33,65300.0,10.3,546,4800.0,36,2,0.502,0,Mortgage,Home improvement,1
354,41,35500.0,6.6,850,15100.0,60,12,0.366,0,Mortgage,Debt consolidation,0
355,69,43100.0,22.1,788,3800.0,36,4,0.457,0,Rent,Debt consolidation,0
356,70,79600.0,23.7,777,35700.0,48,3,0.229,1,Rent,Debt consolidation,0
357,26,75900.0,2.8,616,33700.0,48,4,0.331,0,Own,Debt consolidation,0
358,65,30000.0,14.7,671,6100.0,24,1,0.139,0,Mortgage,Education,0
359,22,32000.0,0.0,605,22900.0,60,0,0.301,0,Mortgage,Medical,1
360,57,51800.0,18.2,565,33600.0,48,1,0.089,0,Rent,Car,0
361,62,116200.0,13.8,623,61100.0,60,3,0.279,0,Mortgage,Car,0
362,65,18800.0,20.0,776,15700.0,36,7,0.037,0,Rent,Car,0
363,29,56300.0,4.7,737,16600.0,60,8,0.05,0,Rent,Education,0
364,65,24600.0,19.9,592,6700.0,36,5,0.224,0,Rent,Home improvement,0
365,24,35700.0,3.8,645,7400.0,60,3,0.146,0,Rent,Education,0
366,45,40900.0,8.0,730,21000.0,12,4,0.283,0,Own,Car,0
367,42,39700.0,6.7,624,8900.0,36,2,0.329,1,Mortgage,Education,0
368,34,37500.0,8.5,676,29600.0,24,3,0.124,0,Rent,Business,0
369,19,49200.0,0.0,702,15200.0,48,8,0.246,1,Mortgage,Debt consolidation,0
370,58,37500.0,7.7,701,17500.0,36,6,0.218,0,Rent,Car,0
371,35,23600.0,,690,11800.0,60,3,0.406,1,Rent,Education,1
372,53,72400.0,10.9,618,22600.0,60,2,0.446,0,Rent,Business,0
373,39,71400.0,9.8,626,48400.0,36,4,0.189,0,Rent,Medical,0
374,37,74700.0,11.8,579,47700.0,60,4,0.462,2,Rent,Debt consolidation,1
375,64,22700.0,18.5,545,15800.0,48,4,0.25,0,Own,Debt consolidation,0
376,23,56900.0,5.0,661,32200.0,36,2,0.159,0,Mortgage,Car,0
377,57,68700.0,16.1,735,30300.0,36,4,0.106,0,Own,Debt consolidation,0
378,57,29300.0,20.4,560,12600.0,24,5,0.235,0,Rent,Debt consolidation,0
379,38,49200.0,4.8,692,32400.0,12,6,0.252,0,Rent,Car,0
380,31,46300.0,5.2,733,17200.0,36,4,0.599,0,Mortgage,Home improvement,0
381,18,123100.0,0.0,523,51900.0,36,3,0.464,0,Mortgage,Car,1
382,67,128300.0,19.0,648,24300.0,36,4,0.382,0,Mortgage,Car,0
383,68,21300.0,23.5,802,13400.0,60,6,0.375,0,Mortgage,Debt consolidation,0
384,30,170600.0,3.5,714,19700.0,12,5,0.367,0,Rent,Debt consolidation,0
385,19,31000.0,1.0,520,27600.0,60,0,0.085,0,Mortgage,Debt consolidation,1
386,24,80000.0,,723,13800.0,60,4,0.312,0,Mortgage,Debt consolidation,0
387,21,79600.0,2.0,610,29900.0,48,5,0.347,0,Mortgage,Debt consolidation,0
388,62,29800.0,19.3,725,7500.0,36,3,0.422,0,Mortgage,Car,0
389,65,62700.0,22.4,615,18600.0,24,6,0.223,1,Rent,Car,0
390,26,46500.0,0.0,666,15100.0,60,1,0.082,0,Rent,Home improvement,0
391,57,64700.0,11.7,627,42700.0,48,2,0.447,0,Own,Home improvement,0
392,27,55000.0,7.4,670,11000.0,60,6,0.232,0,Mortgage,Home improvement,0
393,37,89200.0,8.4,625,24500.0,24,0,0.015,0,Mortgage,Medical,0
394,49,50900.0,11.7,652,6900.0,36,6,0.194,0,Rent,Debt consolidation,0
395,56,45100.0,15.2,576,15000.0,36,8,0.365,0,Rent,Debt consolidation,0
396,64,84800.0,11.2,709,72100.0,36,3,0.558,0,Rent,Debt consolidation,0
397,20,65500.0,0.2,684,24400.0,48,0,0.331,0,Rent,Education,0
398,28,70700.0,1.7,541,50200.0,24,2,0.31,0,Mortgage,Business,0
399,32,35200.0,8.4,749,15600.0,24,4,0.327,0,Rent,Car,0
400,34,29100.0,9.4,656,12600.0,12,7,0.213,0,Rent,Debt consolidation,0
401,70,36900.0,22.5,683,27700.0,24,5,0.296,0,Rent,Home improvement,0
402,59,35900.0,17.6,731,2600.0,24,1,0.22,0,Rent,Home improvement,0
403,34,72600.0,1.9,696,57000.0,12,3,0.389,1,Mortgage,Debt consolidation,0
404,69,79900.0,22.2,763,36900.0,36,3,0.086,1,Rent,Medical,0
405,44,45400.0,12.3,647,15800.0,48,5,0.315,0,Own,Home improvement,0
406,44,100300.0,14.1,753,82300.0,48,4,0.32,0,Rent,Business,0
407,40,,15.2,680,32900.0,36,3,0.208,1,Own,Education,1
408,25,55400.0,0.0,711,48800.0,12,2,0.163,0,Rent,Home improvement,0
409,67,32500.0,18.4,702,27500.0,48,5,0.564,0,Own,Debt consolidation,1
410,18,107800.0,0.0,769,29900.0,36,2,0.282,1,Mortgage,Car,0
411,27,47500.0,4.1,728,16100.0,24,5,0.185,0,Own,Debt consolidation,0
412,30,52200.0,4.8,635,38600.0,36,0,0.025,0,Own,Education,0
413,32,41400.0,4.9,619,9000.0,60,0,0.406,0,Mortgage,Car,0
414,24,31400.0,5.5,666,21100.0,36,3,0.288,0,Rent,Debt consolidation,0
415,18,23500.0,0.0,609,3800.0,60,5,0.315,0,Rent,Education,0
416,53,67300.0,10.9,586,15100.0,24,3,0.121,0,Rent,Business,0
417,69,33100.0,17.3,500,15700.0,24,2,0.456,0,Rent,Debt consolidation,0
418,24,226300.0,1.3,546,154800.0,24,4,0.362,0,Rent,Debt consolidation,1
419,33,28500.0,2.3,829,19300.0,48,3,0.44,1,Rent,Debt consolidation,0
420,44,26100.0,10.3,617,14800.0,36,2,0.059,0,Rent,Debt consolidation,0
421,67,63300.0,19.1,822,17800.0,36,1,0.109,0,Mortgage,Debt consolidation,0
422,54,105300.0,12.0,702,42400.0,60,3,0.036,0,Mortgage,Business,0
423,58,50600.0,18.6,666,13100.0,36,2,0.275,0,Own,Debt consolidation,0
424,48,65300.0,11.8,550,18600.0,24,6,0.274,0,Rent,Medical,1
425,40,19500.0,12.0,670,6300.0,48,6,0.189,0,Own,Home improvement,0
426,28,34900.0,3.4,821,19500.0,24,3,0.461,0,Rent,Education,0
427,63,28700.0,17.9,795,6500.0,36,3,0.454,0,Rent,Home improvement,0
428,60,19000.0,15.1,692,1600.0,60,5,0.348,0,Rent,Business,0
429,19,52000.0,0.4,578,33200.0,36,2,0.124,0,Rent,Medical,1
430,55,16000.0,16.9,593,1100.0,36,4,0.516,0,Rent,Debt consolidation,0
431,22,25300.0,0.4,602,22100.0,36,5,0.105,2,Own,Car,0
432,57,37500.0,17.2,772,13000.0,24,5,0.14,0,Mortgage,Education,0
433,61,32300.0,14.8,801,1800.0,36,1,0.284,0,Mortgage,Business,0
434,24,59800.0,4.7,686,48000.0,36,5,0.109,0,Rent,Education,0
435,40,57100.0,7.1,646,32000.0,24,3,0.378,0,Mortgage,Debt consolidation,0
436,24,76600.0,5.0,794,57100.0,12,7,0.304,0,Mortgage,Home improvement,0
437,48,71400.0,12.2,592,30000.0,36,4,0.221,0,Own,Debt consolidation,0
438,67,86700.0,24.2,674,30400.0,36,5,0.278,0,Rent,Education,0
439,22,49000.0,0.0,707,29700.0,36,3,0.354,0,Rent,Car,0
440,39,57100.0,4.0,601,22600.0,60,0,0.336,0,Rent,Education,0
441,69,63300.0,18.6,619,33100.0,24,1,0.327,0,Mortgage,Debt consolidation,0
442,33,52600.0,1.8,613,15100.0,24,3,0.225,0,Mortgage,Education,0
443,25,40200.0,0.0,783,13400.0,60,4,0.125,0,Mortgage,Home improvement,0
444,43,41500.0,11.9,823,5000.0,24,3,0.342,0,Mortgage,Car,0
445,44,32600.0,10.4,679,23300.0,60,2,0.145,1,Rent,Home improvement,0
446,53,60500.0,12.6,649,21000.0,48,4,0.346,0,Rent,Medical,0
447,34,46800.0,5.2,622,41100.0,36,4,0.235,1,Mortgage,Education,0
448,68,35200.0,,670,9500.0,24,7,0.06,1,Rent,Debt consolidation,0
449,45,35200.0,15.8,626,16000.0,36,7,0.055,0,Rent,Business,0
450,33,26800.0,3.8,662,8300.0,60,0,0.214,0,Rent,Debt consolidation,0
451,68,80000.0,,703,51200.0,12,2,0.03,0,Rent,Medical,0
452,67,51000.0,22.0,638,37600.0,48,9,0.246,0,Mortgage,Car,0
453,44,31800.0,9.8,655,14800.0,60,5,0.125,0,Mortgage,Education,0
454,19,73400.0,1.0,655,26600.0,48,5,0.355,0,Mortgage,Debt consolidation,0
455,49,37000.0,10.8,645,25300.0,12,9,0.441,2,Rent,Debt consolidation,1
456,47,24300.0,14.1,635,5200.0,48,1,0.293,0,Rent,Business,0
457,25,81700.0,6.0,731,45700.0,48,3,0.346,0,Rent,Debt consolidation,0
458,51,37500.0,11.6,528,25300.0,12,3,0.125,0,Rent,Education,1
459,62,40000.0,15.4,796,11200.0,60,1,0.537,0,Mortgage,Car,0
460,23,50000.0,4.2,681,30400.0,24,3,0.064,0,Rent,Medical,0
461,56,86800.0,16.9,719,58600.0,60,2,0.439,0,Rent,Debt consolidation,1
462,25,49500.0,0.0,728,7400.0,12,4,0.301,0,Rent,Business,0
463,57,26900.0,12.2,613,8800.0,24,3,0.41,0,Mortgage,Debt consolidation,0
464,40,64300.0,1.2,597,25400.0,48,3,0.196,1,Rent,Home improvement,1
465,18,38500.0,0.0,587,27300.0,24,3,0.134,1,Rent,Home improvement,0
466,69,126000.0,19.6,650,67100.0,24,6,0.444,0,Rent,Education,0
467,26,49000.0,2.7,726,21200.0,12,5,0.109,0,Mortgage,Business,0
468,49,16000.0,7.3,623,5100.0,60,5,0.347,0,Rent,Car,0
469,27,58600.0,0.3,719,3100.0,12,6,0.25,0,Rent,Debt consolidation,1
470,67,129600.0,18.2,481,8700.0,36,4,0.232,1,Mortgage,Business,1
471,57,107800.0,13.6,639,27400.0,36,5,0.221,2,Own,Debt consolidation,0
472,60,122500.0,,763,18300.0,36,7,0.093,0,Mortgage,Home improvement,0
473,40,29400.0,10.6,656,4500.0,36,3,0.482,0,Rent,Medical,0
474,42,,16.4,604,43500.0,24,4,0.449,0,Mortgage,Debt consolidation,0
475,51,34200.0,13.1,617,19300.0,60,0,0.21,0,Rent,Debt consolidation,0
476,59,54800.0,19.7,428,4800.0,48,5,0.382,0,Mortgage,Home improvement,0
477,62,25900.0,15.1,589,14400.0,60,4,0.081,0,Mortgage,Home improvement,0
478,18,35500.0,0.0,755,6200.0,48,4,0.122,0,Mortgage,Home improvement,0
479,53,35000.0,12.9,623,13000.0,60,6,0.636,0,Rent,Education,0
480,23,76800.0,0.0,633,68400.0,60,4,0.223,0,Rent,Business,0
481,33,73200.0,6.0,483,36100.0,36,3,0.391,0,Rent,Business,1
482,61,,14.9,540,4500.0,60,4,0.197,0,Rent,Business,0
483,31,25000.0,0.0,765,8600.0,12,4,0.141,0,Mortgage,Education,0
484,60,41900.0,22.0,719,26000.0,24,1,0.367,0,Rent,Home improvement,1
485,42,33800.0,8.0,566,8100.0,36,2,0.064,0,Mortgage,Debt consolidation,0
486,30,75700.0,0.0,620,65800.0,36,0,0.555,0,Mortgage,Car,1
487,35,88400.0,9.5,668,36400.0,36,5,0.462,1,Mortgage,Business,0
488,46,83100.0,9.0,574,5600.0,36,5,0.337,0,Mortgage,Debt consolidation,0
489,58,33600.0,19.3,510,17100.0,36,3,0.305,0,Rent,Business,1
490,50,12500.0,10.6,657,7800.0,60,3,0.086,0,Mortgage,Education,0
491,67,20300.0,18.0,716,8900.0,36,4,0.145,0,Mortgage,Home improvement,0
492,63,99800.0,19.0,717,83700.0,36,5,0.135,0,Mortgage,Business,1
493,57,40100.0,17.4,740,32700.0,48,2,0.193,1,Mortgage,Debt consolidation,0
494,49,33700.0,14.7,546,5700.0,36,3,0.168,0,Rent,Car,1
495,33,111400.0,5.7,675,13100.0,60,3,0.358,0,Mortgage,Home improvement,0
496,39,92300.0,10.0,649,29100.0,36,10,0.296,0,Rent,Education,0
497,24,49600.0,4.6,663,28100.0,12,6,0.097,0,Rent,Debt consolidation,0
498,37,42300.0,8.2,653,23700.0,60,3,0.239,0,Rent,Car,0
499,67,45900.0,19.2,617,12900.0,12,3,0.352,0,Mortgage,Business,0
500,40,54900.0,4.5,429,47100.0,48,3,0.391,0,Rent,Debt consolidation,0
501,24,109100.0,4.2,763,34000.0,36,8,0.277,1,Mortgage,Home improvement,0
502,52,60600.0,13.7,696,44500.0,36,3,0.034,0,Mortgage,Debt consolidation,0
503,69,70500.0,19.2,551,53400.0,60,3,0.277,0,Mortgage,Education,0
504,63,88000.0,21.8,708,11800.0,36,10,0.417,0,Own,Home improvement,0
505,32,27300.0,1.3,634,6800.0,24,2,0.402,0,Rent,Medical,0
506,42,71500.0,14.5,636,16700.0,48,3,0.092,0,Own,Education,0
507,46,42300.0,11.1,609,35200.0,12,1,0.119,0,Rent,Home improvement,0
508,31,13900.0,6.2,713,4800.0,24,6,0.662,0,Rent,Debt consolidation,1
509,32,16900.0,4.4,606,12900.0,36,3,0.317,0,Mortgage,Car,1
510,30,29500.0,0.0,582,13500.0,36,2,0.247,1,Rent,Home improvement,1
511,70,63900.0,20.4,761,28000.0,36,4,0.165,0,Rent,Debt consolidation,0
512,57,51900.0,16.6,656,42400.0,36,2,0.072,0,Mortgage,Debt consolidation,0
513,62,53800.0,,658,22900.0,36,3,0.174,2,Mortgage,Debt consolidation,0
514,61,130000.0,16.6,725,88800.0,36,5,0.294,0,Rent,Home improvement,0
515,68,26000.0,13.4,617,10700.0,60,4,0.285,0,Rent,Medical,0
516,23,48400.0,0.0,633,6600.0,12,6,0.21,0,Mortgage,Home improvement,0
517,64,57100.0,24.6,694,5400.0,60,7,0.246,0,Mortgage,Education,0
518,21,33900.0,0.0,547,7700.0,36,5,0.204,0,Mortgage,Medical,0
519,43,49700.0,,688,33000.0,36,2,0.166,0,Own,Education,0
520,49,22000.0,9.6,610,8100.0,48,3,0.254,1,Own,Business,0
521,36,99200.0,6.7,738,43300.0,36,5,0.027,0,Rent,Education,0
522,25,34900.0,4.7,714,4800.0,36,4,0.171,0,Rent,Home improvement,0
523,28,135400.0,1.5,703,78500.0,60,2,0.162,0,Mortgage,Education,0
524,61,48200.0,22.0,541,35300.0,60,4,0.196,0,Rent,Car,1
525,34,82000.0,6.6,662,47600.0,36,5,0.427,0,Rent,Debt consolidation,1
526,34,47700.0,7.8,576,42300.0,48,7,0.281,0,Rent,Car,1
527,66,48300.0,,667,3100.0,36,5,0.434,0,Mortgage,Business,0
528,25,36600.0,4.8,485,2300.0,48,2,0.397,0,Rent,Car,0
529,66,52000.0,23.9,547,24700.0,24,4,0.069,0,Rent,Debt consolidation,0
530,66,,18.8,765,15900.0,12,7,0.222,0,Rent,Home improvement,0
531,49,33100.0,17.6,700,21000.0,36,5,0.183,0,Mortgage,Debt consolidation,0
532,26,46000.0,1.4,642,33300.0,24,10,0.511,0,Rent,Debt consolidation,1
533,26,36100.0,5.5,597,4900.0,48,2,0.171,0,Mortgage,Education,0
534,33,154800.0,7.5,583,128400.0,24,8,0.317,0,Mortgage,Debt consolidation,0
535,48,46900.0,8.8,686,3500.0,12,7,0.376,0,Rent,Business,0
536,26,106200.0,3.8,643,67500.0,48,0,0.214,1,Rent,Education,0
537,42,44500.0,9.6,794,16800.0,36,2,0.466,0,Mortgage,Car,0
538,24,55800.0,0.0,655,34400.0,60,5,0.246,1,Mortgage,Car,0
539,46,25300.0,12.3,675,3400.0,24,6,0.133,0,Rent,Debt consolidation,0
540,19,39200.0,0.8,559,33200.0,24,4,0.218,0,Mortgage,Car,1
541,55,54500.0,14.6,641,46200.0,12,4,0.286,0,Rent,Debt consolidation,0
542,20,108300.0,0.6,684,53200.0,36,5,0.196,0,Rent,Business,0
543,28,54800.0,3.7,640,26500.0,24,4,0.286,0,Own,Education,0
544,27,97900.0,2.5,631,57700.0,48,1,0.318,0,Mortgage,Home improvement,0
545,62,67500.0,18.0,696,36700.0,12,4,0.188,0,Mortgage,Medical,0
546,20,110600.0,0.0,791,56600.0,60,7,0.131,1,Rent,Home improvement,0
547,40,47600.0,16.8,682,26200.0,36,1,0.498,0,Own,Education,0
548,49,162000.0,8.2,762,126300.0,48,4,0.169,0,Rent,Business,0
549,45,38500.0,9.0,720,21900.0,24,4,0.238,0,Rent,Debt consolidation,0
550,54,33400.0,12.9,757,7200.0,12,5,0.154,0,Rent,Debt consolidation,0
551,60,,22.9,621,22200.0,36,7,0.329,0,Mortgage,Business,0
552,38,157200.0,4.0,653,36700.0,36,2,0.143,0,Own,Debt consolidation,0
553,61,73800.0,18.5,654,14100.0,36,3,0.442,0,Own,Debt consolidation,0
554,34,41500.0,7.1,714,37200.0,36,2,0.173,0,Rent,Debt consolidation,0
555,70,91500.0,21.8,733,21200.0,24,8,0.136,0,Mortgage,Business,0
556,44,69100.0,14.1,680,9300.0,60,5,0.449,0,Mortgage,Home improvement,0
557,57,131000.0,19.2,740,69100.0,24,6,0.187,0,Rent,Business,0
558,64,22600.0,17.0,625,17000.0,24,1,0.486,1,Mortgage,Education,1
559,60,42900.0,17.4,741,4400.0,36,4,0.342,0,Own,Education,0
560,63,38900.0,,751,18200.0,36,6,0.43,0,Rent,Car,0
561,46,18300.0,11.5,724,2000.0,36,4,0.337,0,Rent,Education,0
562,20,83300.0,0.0,681,34500.0,36,4,0.478,1,Rent,Debt consolidation,0
563,44,42800.0,9.8,727,14700.0,36,2,0.392,0,Mortgage,Car,0
564,27,71000.0,0.0,598,11800.0,48,4,0.626,0,Own,Home improvement,0
565,65,159500.0,20.0,686,134200.0,24,3,0.084,0,Mortgage,Education,0
566,30,41100.0,0.0,694,24200.0,12,3,0.493,0,Rent,Home improvement,0
567,30,39700.0,5.2,564,30400.0,48,3,0.276,0,Mortgage,Business,0
568,31,52000.0,1.5,708,42600.0,24,3,0.128,0,Rent,Education,0
569,52,80300.0,11.1,570,67500.0,36,3,0.241,0,Mortgage,Home improvement,0
570,48,36900.0,15.5,636,25300.0,36,3,0.133,0,Mortgage,Business,0
571,68,35800.0,21.8,673,11100.0,48,5,0.394,0,Rent,Education,0
572,40,83200.0,12.2,612,62800.0,24,3,0.236,1,Rent,Debt consolidation,1
573,32,59200.0,10.3,677,29100.0,60,3,0.272,0,Rent,Business,0
574,20,17600.0,0.0,675,4900.0,36,3,0.13,1,Mortgage,Debt consolidation,0
575,18,26600.0,0.0,604,10100.0,60,2,0.143,0,Rent,Car,0
576,37,103800.0,3.2,715,31800.0,24,3,0.161,0,Mortgage,Business,0
577,67,59900.0,21.8,609,26700.0,48,5,0.083,0,Mortgage,Home improvement,0
578,45,33500.0,9.3,850,23900.0,36,1,0.103,0,Mortgage,Debt consolidation,0
579,65,45000.0,16.0,661,20800.0,60,4,0.177,0,Mortgage,Home improvement,0
580,23,49300.0,3.8,576,13700.0,36,2,0.166,0,Mortgage,Business,0
581,22,70800.0,4.0,591,8800.0,60,4,0.167,0,Mortgage,Car,0
582,62,24900.0,20.3,762,19400.0,48,3,0.594,0,Own,Business,0
583,23,32200.0,2.6,637,13000.0,36,4,0.546,1,Rent,Medical,1
584,20,56200.0,1.2,561,23900.0,24,1,0.301,0,Rent,Debt consolidation,0
585,39,46600.0,10.0,738,32600.0,24,5,0.215,0,Rent,Debt consolidation,0
586,67,65200.0,20.5,637,50400.0,60,7,0.184,0,Mortgage,Medical,0
587,54,26500.0,16.0,722,12800.0,60,8,0.395,0,Mortgage,Home improvement,0
588,23,58600.0,2.6,745,34400.0,24,9,0.05,0,Mortgage,Car,0
589,62,84600.0,20.1,692,21400.0,24,11,0.183,0,Mortgage,Debt consolidation,0
590,62,62500.0,12.7,850,52800.0,24,3,0.513,0,Mortgage,Business,0
591,60,52600.0,16.4,532,28000.0,24,6,0.247,0,Rent,Education,0
592,65,46700.0,14.6,605,30900.0,24,5,0.242,0,Rent,Medical,0
593,30,32300.0,5.6,650,4800.0,60,3,0.077,0,Own,Debt consolidation,0
594,69,47300.0,25.3,850,28000.0,12,1,0.139,1,Rent,Debt consolidation,0
595,34,92000.0,5.0,814,33500.0,60,6,0.289,0,Rent,Education,0
596,60,46200.0,17.2,773,20000.0,60,5,0.255,0,Mortgage,Business,0
597,48,31400.0,,606,19800.0,24,4,0.268,0,Mortgage,Debt consolidation,0
598,59,38300.0,10.2,616,27800.0,36,4,0.465,0,Mortgage,Car,0
599,51,54200.0,11.6,604,18800.0,36,6,0.371,0,Mortgage,Medical,0
600,52,40700.0,14.7,607,32200.0,24,4,0.392,0,Own,Debt consolidation,0
601,50,62500.0,4.1,789,14800.0,48,4,0.143,1,Mortgage,Medical,0
602,59,63700.0,13.5,650,33700.0,36,5,0.271,0,Own,Car,0
603,57,76500.0,18.9,661,13700.0,24,3,0.379,0,Own,Debt consolidation,0
604,25,99900.0,5.8,732,29600.0,60,7,0.325,0,Rent,Car,1
605,61,80700.0,18.3,537,65500.0,36,2,0.439,0,Mortgage,Education,1
606,46,30700.0,13.8,674,1800.0,24,4,0.365,0,Own,Medical,0
607,35,31200.0,7.4,582,25800.0,60,7,0.228,0,Rent,Business,0
608,45,47200.0,12.5,646,15500.0,24,8,0.31,0,Rent,Debt consolidation,0
609,69,39100.0,19.5,623,25100.0,12,6,0.328,0,Rent,Business,0
610,63,27700.0,18.3,619,3500.0,24,3,0.243,0,Mortgage,Business,1
611,62,39300.0,15.7,688,23400.0,36,3,0.169,0,Mortgage,Business,0
612,42,,13.4,688,31900.0,36,8,0.084,0,Rent,Medical,0
613,59,35000.0,21.0,652,18300.0,48,5,0.285,0,Mortgage,Business,0
614,38,41900.0,12.1,700,15000.0,36,5,0.078,0,Mortgage,Home improvement,0
615,54,88400.0,,601,64000.0,36,2,0.69,1,Rent,Home improvement,1
616,51,54200.0,10.3,725,35500.0,12,6,0.169,0,Rent,Car,0
617,31,168700.0,9.0,654,25300.0,36,2,0.493,0,Rent,Medical,0
618,32,53400.0,7.2,631,32900.0,60,2,0.293,2,Rent,Medical,1
619,21,42400.0,2.2,606,26100.0,48,2,0.118,0,Mortgage,Debt consolidation,0
620,25,49100.0,0.9,651,33800.0,48,5,0.36,1,Own,Home improvement,0
621,40,,10.1,820,17800.0,36,3,0.193,0,Mortgage,Home improvement,0
622,43,60900.0,6.7,665,23800.0,36,7,0.107,0,Rent,Car,0
623,26,138500.0,5.1,578,119900.0,60,8,0.157,0,Mortgage,Home improvement,0
624,40,32100.0,12.9,744,17300.0,60,2,0.195,0,Rent,Car,0
625,50,75300.0,17.7,632,36300.0,48,3,0.131,0,Rent,Medical,0
626,30,54400.0,6.9,693,48400.0,36,7,0.271,1,Rent,Car,1
627,35,22300.0,2.7,622,5500.0,12,1,0.228,0,Mortgage,Debt consolidation,1
628,37,72100.0,8.2,772,28000.0,24,6,0.016,0,Rent,Car,0
629,44,92400.0,16.8,623,64300.0,12,2,0.039,0,Rent,Home improvement,0
630,37,31900.0,5.0,782,20900.0,36,2,0.234,0,Rent,Debt consolidation,0
631,57,48800.0,15.4,586,42500.0,12,3,0.027,0,Mortgage,Business,0
632,35,20700.0,11.0,647,12500.0,36,3,0.552,0,Rent,Car,0
633,40,26100.0,10.7,782,8300.0,36,5,0.234,0,Rent,Business,0
634,38,82800.0,15.4,683,32100.0,36,6,0.108,0,Mortgage,Business,0
635,27,38800.0,1.4,850,4900.0,36,4,0.258,0,Rent,Car,0
636,54,28200.0,11.4,648,23600.0,24,4,0.031,0,Mortgage,Car,0
637,30,55000.0,8.5,691,8800.0,36,5,0.097,0,Own,Medical,0
638,33,37800.0,2.4,822,19400.0,60,4,0.379,0,Mortgage,Medical,0
639,60,38700.0,16.2,549,15100.0,36,5,0.05,0,Mortgage,Home improvement,0
640,68,70900.0,19.8,539,11600.0,60,7,0.119,0,Own,Education,0
641,53,27400.0,17.1,606,8200.0,36,4,0.427,1,Rent,Education,0
642,66,31200.0,21.0,735,18400.0,36,3,0.512,0,Own,Education,0
643,63,,19.4,541,4100.0,36,1,0.211,0,Rent,Medical,0
644,43,79600.0,8.8,718,69300.0,48,6,0.197,0,Rent,Car,0
645,58,91000.0,19.6,712,74900.0,60,1,0.275,0,Mortgage,Debt consolidation,0
646,35,35200.0,17.0,831,4300.0,36,3,0.25,0,Own,Medical,0
647,42,78300.0,11.7,754,61700.0,48,5,0.326,0,Rent,Business,0
648,46,33100.0,11.5,699,10900.0,60,2,0.311,0,Rent,Business,0
649,68,122200.0,16.1,779,13100.0,48,4,0.429,0,Rent,Education,0
650,62,27800.0,15.7,713,8600.0,12,3,0.345,0,Rent,Business,0
651,43,95200.0,9.4,633,70200.0,12,1,0.173,0,Own,Business,0
652,52,35300.0,12.0,578,21700.0,60,4,0.123,0,Mortgage,Business,0
653,28,134100.0,4.0,624,33900.0,48,3,0.21,0,Mortgage,Car,0
654,60,65900.0,22.1,667,43600.0,60,0,0.386,0,Rent,Debt consolidation,1
655,47,29500.0,15.3,684,19200.0,24,1,0.135,0,Own,Debt consolidation,0
656,46,37800.0,10.7,499,25800.0,48,2,0.22,0,Rent,Business,0
657,58,72400.0,12.4,652,36900.0,60,3,0.117,0,Rent,Home improvement,0
658,51,83000.0,17.2,672,61900.0,60,2,0.212,0,Rent,Home improvement,0
659,21,47300.0,1.1,714,28200.0,48,5,0.118,0,Mortgage,Home improvement,0
660,33,50100.0,0.8,800,7800.0,24,0,0.122,0,Own,Medical,0
661,27,71600.0,5.7,685,52900.0,48,4,0.282,1,Mortgage,Debt consolidation,0
662,56,52400.0,18.3,597,17000.0,36,8,0.09,0,Rent,Home improvement,0
663,19,25700.0,0.0,525,16700.0,36,2,0.466,0,Mortgage,Business,0
664,28,32600.0,1.5,725,20300.0,24,7,0.091,0,Mortgage,Home improvement,0
665,49,55100.0,12.1,600,18500.0,60,4,0.463,0,Rent,Debt consolidation,0
666,54,90000.0,16.6,739,16900.0,24,3,0.276,0,Rent,Car,0
667,44,110000.0,8.9,782,70500.0,36,1,0.285,0,Rent,Home improvement,0
668,63,72400.0,15.5,546,55900.0,36,1,0.288,0,Mortgage,Car,1
669,66,56600.0,21.4,714,43200.0,60,10,0.146,0,Own,Car,0
670,25,71300.0,1.4,773,41500.0,48,4,0.055,0,Own,Debt consolidation,0
671,68,35100.0,21.6,752,8500.0,36,1,0.331,0,Mortgage,Business,0
672,50,45400.0,9.5,502,14500.0,12,6,0.186,1,Rent,Debt consolidation,0
673,51,32500.0,9.1,602,22500.0,36,4,0.253,0,Mortgage,Debt consolidation,0
674,23,26300.0,4.3,568,10500.0,24,2,0.401,0,Own,Education,1
675,50,57900.0,13.6,712,38900.0,60,4,0.337,0,Mortgage,Education,0
676,56,53800.0,18.0,703,16800.0,36,4,0.403,0,Mortgage,Car,0
677,48,69100.0,10.4,454,3800.0,12,6,0.489,1,Rent,Business,0
678,22,64400.0,0.0,646,36300.0,60,3,0.23,2,Mortgage,Business,1
679,45,55300.0,14.9,734,31000.0,12,5,0.14,0,Mortgage,Medical,0
680,67,64800.0,15.0,682,37800.0,12,6,0.089,2,Mortgage,Debt consolidation,0
681,56,48000.0,19.0,682,13300.0,36,2,0.217,2,Rent,Home improvement,0
682,25,60300.0,6.8,641,44600.0,12,6,0.328,0,Rent,Business,0
683,68,34100.0,22.6,585,15800.0,24,6,0.207,0,Rent,Medical,0
684,68,59000.0,17.9,669,41200.0,60,2,0.398,0,Own,Medical,0
685,26,68500.0,0.8,674,39000.0,60,3,0.146,0,Mortgage,Car,0
686,60,35100.0,16.2,719,14200.0,48,3,0.096,0,Own,Business,0
687,39,50300.0,4.5,726,31600.0,48,3,0.081,0,Rent,Debt consolidation,0
688,49,35900.0,9.5,677,19300.0,12,6,0.106,1,Rent,Debt consolidation,0
689,41,37700.0,11.1,758,18300.0,60,3,0.232,0,Mortgage,Business,0
690,59,27900.0,,640,16800.0,36,9,0.14,0,Rent,Business,0
691,70,92300.0,17.7,554,11400.0,12,6,0.256,1,Mortgage,Debt consolidation,0
692,60,83500.0,18.8,708,68800.0,36,3,0.393,0,Rent,Education,0
693,67,64100.0,21.0,680,21500.0,36,3,0.355,0,Rent,Car,0
694,68,131400.0,24.5,710,31700.0,12,4,0.108,0,Rent,Debt consolidation,0
695,22,44600.0,3.3,569,31500.0,24,7,0.113,0,Own,Home improvement,0
696,31,223200.0,8.4,813,55000.0,36,2,0.281,0,Mortgage,Education,0
697,56,43700.0,16.6,727,39200.0,36,5,0.275,0,Mortgage,Car,0
698,49,55700.0,15.3,647,22700.0,12,2,0.228,0,Mortgage,Debt consolidation,0
699,20,40200.0,0.0,595,12100.0,36,4,0.412,0,Mortgage,Medical,0
700,23,59100.0,1.6,756,6100.0,24,7,0.251,0,Mortgage,Home improvement,0
701,45,74400.0,10.7,582,6400.0,36,6,0.437,0,Mortgage,Debt consolidation,0
702,50,46300.0,12.1,850,6100.0,24,5,0.439,1,Rent,Debt consolidation,0
703,26,,4.5,621,6500.0,36,5,0.262,1,Mortgage,Car,1
704,27,55200.0,5.5,808,18100.0,36,3,0.354,0,Rent,Debt consolidation,0
705,24,56100.0,3.6,655,17600.0,48,3,0.196,0,Rent,Debt consolidation,0
706,47,31100.0,11.1,796,12900.0,12,3,0.315,0,Own,Medical,0
707,18,60400.0,0.0,611,15000.0,36,1,0.416,0,Mortgage,Car,0
708,48,45800.0,15.3,672,4700.0,60,5,0.304,0,Mortgage,Debt consolidation,0
709,43,36200.0,11.0,734,4000.0,24,7,0.244,0,Mortgage,Car,0
710,42,33200.0,6.5,723,6800.0,36,3,0.103,0,Rent,Car,0
711,54,186400.0,13.8,758,59500.0,36,6,0.146,0,Own,Debt consolidation,0
712,45,43000.0,5.6,631,7600.0,60,3,0.383,0,Mortgage,Debt consolidation,0
713,56,23700.0,15.3,677,8500.0,36,4,0.168,1,Mortgage,Home improvement,0
714,58,34600.0,15.4,770,28900.0,60,8,0.153,0,Rent,Business,0
715,66,47800.0,17.5,614,13000.0,48,3,0.239,0,Own,Debt consolidation,0
716,60,64400.0,21.6,716,12400.0,36,7,0.413,0,Mortgage,Business,0
717,45,64700.0,7.3,652,39800.0,24,3,0.259,0,Rent,Car,1
718,44,,12.5,686,32100.0,36,5,0.336,0,Own,Education,0
719,30,35500.0,,677,3200.0,24,6,0.352,0,Rent,Debt consolidation,0
720,49,58100.0,15.6,607,41800.0,36,8,0.499,0,Mortgage,Debt consolidation,1
721,25,31600.0,2.7,649,20800.0,24,7,0.274,2,Rent,Business,1
722,67,36000.0,16.2,682,31700.0,48,6,0.235,0,Rent,Business,0
723,62,,13.5,662,26300.0,48,3,0.081,0,Rent,Debt consolidation,1
724,24,27100.0,1.2,796,14800.0,60,5,0.258,0,Rent,Business,0
725,59,83500.0,14.3,751,52900.0,24,6,0.249,0,Mortgage,Home improvement,0
726,24,69200.0,0.2,693,27500.0,60,4,0.307,0,Own,Debt consolidation,0
727,56,79900.0,14.2,609,64300.0,60,1,0.25,1,Rent,Education,0
728,22,50000.0,1.3,604,26000.0,60,3,0.355,2,Mortgage,Business,1
729,43,,11.5,828,23600.0,48,4,0.108,0,Own,Debt consolidation,0
730,52,,9.9,589,1200.0,24,3,0.333,0,Rent,Medical,0
731,56,75500.0,13.2,679,41400.0,60,7,0.408,0,Own,Debt consolidation,1
732,40,53600.0,8.3,699,26600.0,36,3,0.189,0,Mortgage,Debt consolidation,0
733,66,67100.0,18.6,645,49700.0,48,5,0.052,0,Rent,Home improvement,0
734,59,59300.0,,590,12400.0,24,4,0.068,0,Mortgage,Education,0
735,29,29900.0,5.1,607,22200.0,24,2,0.112,0,Rent,Business,0
736,53,23200.0,9.2,626,1500.0,24,2,0.19,0,Mortgage,Home improvement,0
737,56,34300.0,16.5,613,18800.0,36,2,0.365,0,Rent,Debt consolidation,0
738,35,65000.0,8.4,776,25200.0,36,3,0.091,0,Mortgage,Car,0
739,57,69200.0,15.2,669,23000.0,60,4,0.295,0,Mortgage,Debt consolidation,1
740,65,24700.0,15.2,628,10300.0,12,4,0.243,0,Mortgage,Debt consolidation,0
741,61,30000.0,22.5,679,7200.0,12,5,0.106,0,Rent,Education,0
742,58,34100.0,12.8,723,7000.0,36,2,0.238,1,Mortgage,Debt consolidation,0
743,51,41000.0,15.2,642,30100.0,24,2,0.274,2,Own,Business,0
744,32,24800.0,6.2,742,6000.0,36,4,0.084,0,Own,Business,0
745,60,24100.0,18.6,568,16300.0,48,3,0.136,0,Mortgage,Education,0
746,37,32500.0,12.7,764,21300.0,60,2,0.153,0,Mortgage,Home improvement,0
747,46,51200.0,12.9,669,4000.0,24,2,0.147,0,Own,Business,0
748,34,27200.0,,666,21700.0,24,6,0.194,0,Rent,Education,0
749,34,46300.0,9.7,615,33400.0,48,3,0.151,0,Mortgage,Debt consolidation,1
750,26,83200.0,1.3,572,60500.0,24,5,0.295,0,Mortgage,Debt consolidation,1
751,68,25600.0,20.5,537,18900.0,48,4,0.13,0,Mortgage,Debt consolidation,0
752,25,44200.0,0.0,609,24100.0,36,6,0.296,0,Rent,Education,1
753,22,81800.0,0.0,717,73200.0,60,4,0.253,0,Rent,Education,0
754,67,39800.0,19.8,593,8100.0,12,2,0.332,0,Own,Business,0
755,47,36800.0,12.7,546,4100.0,60,1,0.095,0,Rent,Debt consolidation,1
756,41,87700.0,4.1,597,56900.0,60,2,0.264,1,Own,Car,1
757,57,42100.0,17.1,639,12600.0,12,4,0.041,0,Mortgage,Education,0
758,38,85200.0,5.5,642,48300.0,36,5,0.449,1,Rent,Debt consolidation,1
759,24,60700.0,6.0,660,23200.0,36,2,0.315,0,Mortgage,Debt consolidation,0
760,56,41300.0,14.1,753,13800.0,24,4,0.205,0,Own,Car,0
761,27,62300.0,0.2,770,50400.0,60,6,0.354,0,Rent,Debt consolidation,0
762,47,57500.0,11.8,830,9800.0,24,5,0.272,0,Mortgage,Debt consolidation,0
763,68,81700.0,17.3,540,17200.0,24,3,0.237,0,Own,Medical,0
764,67,37300.0,,602,23000.0,12,3,0.348,0,Rent,Car,0
765,37,50000.0,7.6,726,35800.0,36,4,0.415,0,Own,Home improvement,0
766,59,47500.0,15.9,634,36000.0,60,4,0.188,0,Rent,Debt consolidation,0
767,50,69700.0,14.6,739,17200.0,36,1,0.448,0,Mortgage,Business,0
768,43,29400.0,7.0,687,23500.0,48,4,0.129,0,Rent,Debt consolidation,0
769,25,81500.0,0.0,796,46300.0,12,5,0.236,0,Mortgage,Car,1
770,37,61900.0,8.8,753,46400.0,48,1,0.35,0,Rent,Car,0
771,52,25400.0,10.3,755,2700.0,36,3,0.053,0,Own,Car,0
772,70,89700.0,17.5,637,31700.0,36,1,0.56,0,Mortgage,Debt consolidation,0
773,18,149800.0,0.0,662,74300.0,36,5,0.313,0,Own,Car,1
774,56,80900.0,16.8,646,43700.0,60,7,0.052,1,Own,Business,0
775,62,100100.0,13.8,550,13400.0,48,4,0.322,1,Mortgage,Debt consolidation,1
776,68,51200.0,18.1,788,26000.0,48,4,0.403,0,Rent,Business,0
777,40,21400.0,6.1,730,13200.0,36,4,0.079,0,Own,Car,0
778,24,19500.0,6.0,642,7000.0,12,6,0.678,0,Rent,Home improvement,1
779,32,55700.0,8.3,774,26500.0,36,1,0.145,0,Own,Business,0
780,63,36500.0,16.7,620,10900.0,48,4,0.253,0,Mortgage,Home improvement,0
781,64,31000.0,20.1,523,24500.0,48,9,0.203,0,Mortgage,Business,1
782,51,47500.0,9.1,751,26600.0,36,4,0.161,2,Mortgage,Education,0
783,24,66700.0,0.4,568,34600.0,36,3,0.079,0,Rent,Debt consolidation,0
784,24,23700.0,2.7,654,20200.0,24,4,0.017,1,Mortgage,Debt consolidation,0
785,43,39200.0,,686,24100.0,12,3,0.143,0,Rent,Medical,0
786,49,104300.0,12.1,701,30000.0,48,9,0.381,0,Own,Debt consolidation,0
787,19,28600.0,1.0,738,17000.0,60,1,0.455,0,Rent,Home improvement,0
788,54,75700.0,14.6,716,65700.0,36,3,0.057,0,Mortgage,Car,0
789,46,38500.0,10.7,714,2700.0,48,4,0.033,0,Mortgage,Medical,0
790,18,64400.0,0.0,607,37500.0,48,3,0.03,0,Mortgage,Business,0
791,23,84900.0,0.7,694,15600.0,24,5,0.173,0,Mortgage,Debt consolidation,0
792,42,71000.0,10.3,550,52800.0,24,4,0.304,0,Rent,Debt consolidation,0
793,56,77200.0,16.4,795,45900.0,24,4,0.112,0,Mortgage,Debt consolidation,0
794,61,27600.0,17.8,558,23400.0,60,4,0.363,0,Rent,Car,1
795,40,85500.0,5.3,642,52900.0,12,2,0.286,0,Mortgage,Business,0
796,33,32000.0,3.0,564,2100.0,36,1,0.146,0,Rent,Home improvement,0
797,69,55800.0,21.6,612,27000.0,36,4,0.458,0,Mortgage,Car,1
798,42,55800.0,14.0,671,45700.0,48,2,0.412,0,Mortgage,Education,0
799,34,62500.0,6.9,628,15500.0,24,5,0.153,1,Mortgage,Home improvement,0
800,41,58000.0,8.0,762,7000.0,60,2,0.409,1,Rent,Debt consolidation,0
801,18,32100.0,0.0,688,21200.0,36,5,0.22,1,Mortgage,Debt consolidation,0
802,34,25000.0,3.0,633,11900.0,60,6,0.222,0,Mortgage,Business,0
803,45,75800.0,14.7,659,6900.0,36,6,0.336,0,Rent,Debt consolidation,0
804,66,53800.0,19.8,768,15500.0,36,1,0.268,0,Mortgage,Debt consolidation,0
805,57,87100.0,13.6,743,28500.0,48,5,0.145,0,Rent,Car,0
806,59,47900.0,15.9,579,29600.0,36,4,0.32,0,Rent,Education,0
807,46,24300.0,9.6,616,11000.0,24,3,0.198,0,Rent,Car,0
808,23,79500.0,5.0,708,36900.0,48,7,0.287,0,Mortgage,Debt consolidation,0
809,38,40700.0,7.4,698,29900.0,36,6,0.325,0,Mortgage,Car,0
810,70,58200.0,21.3,586,16700.0,36,4,0.057,0,Rent,Business,0
811,20,35500.0,2.0,730,22100.0,48,1,0.384,0,Own,Home improvement,0
812,64,111500.0,16.2,599,40400.0,48,9,0.258,0,Rent,Car,0
813,54,31600.0,15.0,774,12800.0,36,3,0.174,0,Mortgage,Debt consolidation,0
814,33,41400.0,6.8,712,21600.0,36,4,0.017,0,Mortgage,Car,0
815,59,,11.7,579,33200.0,24,1,0.029,0,Mortgage,Business,0
816,62,28400.0,18.4,628,24200.0,36,2,0.528,0,Rent,Education,1
817,20,57800.0,0.7,626,16100.0,24,6,0.103,0,Own,Car,0
818,23,109700.0,2.4,683,15200.0,24,5,0.288,0,Mortgage,Debt consolidation,0
819,53,38400.0,14.1,654,15900.0,48,4,0.367,0,Rent,Education,0
820,70,59700.0,21.6,578,30700.0,24,7,0.545,0,Mortgage,Education,0
821,19,12400.0,1.0,558,3000.0,24,3,0.529,0,Rent,Debt consolidation,1
822,53,48100.0,10.5,714,38800.0,60,4,0.462,0,Rent,Debt consolidation,0
823,25,41900.0,1.8,693,30500.0,48,6,0.142,1,Rent,Debt consolidation,0
824,52,32600.0,15.6,678,15300.0,48,3,0.08,0,Rent,Debt consolidation,0
825,51,84200.0,14.6,692,36400.0,36,5,0.141,0,Rent,Business,0
826,22,41600.0,3.0,620,3500.0,36,4,0.055,0,Rent,Car,0
827,54,44900.0,22.7,685,22700.0,60,3,0.034,0,Mortgage,Business,0
828,65,40600.0,20.6,850,22600.0,24,7,0.453,0,Rent,Education,0
829,63,18800.0,21.4,764,15200.0,12,3,0.098,0,Mortgage,Education,0
830,19,27800.0,0.0,647,13200.0,24,2,0.089,0,Mortgage,Debt consolidation,0
831,31,79300.0,,628,14600.0,60,4,0.45,0,Own,Medical,0
832,30,17100.0,3.9,441,3500.0,24,7,0.206,0,Rent,Car,1
833,42,33400.0,11.7,755,6200.0,36,1,0.406,0,Mortgage,Home improvement,0
834,25,40100.0,4.0,733,34000.0,36,3,0.366,0,Mortgage,Debt consolidation,0
835,63,117200.0,19.2,626,84900.0,60,2,0.305,0,Mortgage,Business,0
836,59,72000.0,15.8,555,54100.0,36,1,0.16,0,Mortgage,Business,0
837,60,37100.0,15.7,578,28400.0,36,4,0.227,0,Mortgage,Debt consolidation,1
838,28,94100.0,3.5,706,12400.0,60,3,0.354,0,Mortgage,Debt consolidation,0
839,18,33900.0,0.0,663,21900.0,24,7,0.289,0,Mortgage,Home improvement,0
840,66,81200.0,21.7,725,52700.0,36,3,0.086,0,Rent,Home improvement,0
841,33,24800.0,3.0,677,6000.0,12,6,0.332,0,Mortgage,Debt consolidation,0
842,52,83800.0,15.9,747,39100.0,24,3,0.261,0,Mortgage,Education,0
843,66,40000.0,17.2,700,24500.0,12,5,0.734,0,Mortgage,Car,0
844,19,29300.0,1.0,736,23800.0,36,2,0.171,0,Rent,Education,0
845,18,44000.0,0.0,503,6300.0,24,2,0.131,0,Rent,Debt consolidation,0
846,18,56300.0,0.0,571,45500.0,48,5,0.11,0,Mortgage,Debt consolidation,0
847,26,38300.0,1.9,641,31900.0,36,3,0.388,0,Own,Car,0
848,20,64700.0,1.3,756,54000.0,36,3,0.414,0,Own,Debt consolidation,0
849,61,36600.0,19.0,820,2000.0,48,6,0.494,0,Mortgage,Car,0
850,50,66800.0,10.2,657,15900.0,60,8,0.162,0,Mortgage,Education,0
851,69,61200.0,20.2,621,39000.0,36,2,0.465,0,Rent,Debt consolidation,1
852,60,47600.0,16.0,514,15400.0,12,6,0.155,0,Rent,Debt consolidation,0
853,69,39300.0,18.9,739,4000.0,24,3,0.281,1,Mortgage,Business,0
854,30,52900.0,,626,37000.0,60,6,0.102,0,Own,Debt consolidation,0
855,33,64500.0,9.3,850,4800.0,60,4,0.312,0,Rent,Car,0
856,63,137400.0,16.2,611,59000.0,36,4,0.262,0,Mortgage,Debt consolidation,0
857,30,78400.0,6.5,838,67100.0,24,5,0.747,0,Own,Home improvement,0
858,21,79900.0,2.1,730,33900.0,36,5,0.248,1,Rent,Home improvement,0
859,53,229600.0,9.8,588,189400.0,48,3,0.105,0,Rent,Business,0
860,60,63400.0,18.4,689,25200.0,36,4,0.307,0,Mortgage,Car,0
861,69,62500.0,16.2,732,21500.0,12,5,0.269,0,Rent,Car,0
862,67,69700.0,21.5,652,9800.0,36,5,0.362,0,Mortgage,Home improvement,0
863,24,29600.0,0.9,737,10500.0,48,1,0.419,2,Rent,Business,0
864,58,39300.0,16.0,735,13200.0,60,5,0.137,0,Mortgage,Car,0
865,62,38100.0,13.7,718,29300.0,24,3,0.034,0,Own,Medical,0
866,55,67800.0,15.2,669,56400.0,60,4,0.237,0,Mortgage,Debt consolidation,0
867,61,44900.0,20.0,576,3100.0,36,3,0.48,1,Mortgage,Car,0
868,62,52500.0,15.2,664,7000.0,48,6,0.198,0,Own,Home improvement,0
869,41,84400.0,7.4,684,50400.0,60,2,0.14,0,Rent,Home improvement,0
870,20,75500.0,2.0,520,34900.0,36,3,0.137,0,Rent,Debt consolidation,1
871,42,45200.0,11.0,684,13700.0,12,2,0.461,0,Mortgage,Car,1
872,28,35100.0,0.0,662,9500.0,24,2,0.261,0,Mortgage,Car,0
873,24,86500.0,6.0,566,20800.0,60,3,0.313,0,Rent,Car,1
874,24,72200.0,4.0,643,35900.0,36,3,0.289,2,Mortgage,Debt consolidation,1
875,54,22000.0,16.5,645,1400.0,36,3,0.166,0,Mortgage,Debt consolidation,0
876,44,41900.0,10.0,824,28400.0,36,3,0.109,0,Rent,Debt consolidation,0
877,46,53300.0,5.6,688,16300.0,24,4,0.189,0,Rent,Debt consolidation,1
878,57,72400.0,17.6,753,29900.0,24,7,0.136,0,Mortgage,Home improvement,0
879,47,77300.0,9.9,661,38500.0,60,2,0.209,0,Rent,Education,0
880,51,56500.0,14.8,520,13000.0,36,1,0.346,0,Rent,Car,0
881,22,65700.0,0.9,724,52600.0,24,11,0.302,0,Rent,Home improvement,0
882,63,50600.0,18.7,617,31900.0,36,3,0.243,0,Rent,Debt consolidation,1
883,41,35000.0,6.9,643,27600.0,60,4,0.159,0,Rent,Debt consolidation,0
884,26,43000.0,5.8,586,19500.0,24,2,0.143,0,Mortgage,Education,1
885,61,,13.6,676,20700.0,24,1,0.199,0,Own,Business,0
886,56,48200.0,21.9,755,12100.0,36,3,0.394,0,Mortgage,Education,0
887,20,19100.0,2.0,745,9800.0,12,1,0.339,0,Mortgage,Medical,0
888,28,40200.0,8.9,797,22300.0,12,5,0.426,1,Mortgage,Debt consolidation,0
889,18,50400.0,0.0,808,20500.0,12,6,0.149,0,Mortgage,Business,0
890,32,42600.0,5.3,506,7400.0,24,4,0.524,0,Rent,Business,1
891,23,43300.0,5.0,575,12200.0,36,2,0.266,0,Rent,Car,0
892,55,62600.0,14.5,525,3900.0,24,3,0.465,0,Mortgage,Debt consolidation,0
893,45,28600.0,6.1,721,9200.0,36,3,0.201,0,Rent,Home improvement,0
894,69,21700.0,24.9,615,11800.0,48,8,0.314,0,Own,Education,0
895,57,41200.0,19.0,631,35500.0,12,2,0.516,0,Rent,Education,0
896,50,71800.0,12.7,653,14400.0,24,1,0.27,0,Mortgage,Debt consolidation,0
897,44,114000.0,6.7,701,11100.0,60,4,0.496,0,Rent,Education,0
898,20,72500.0,0.0,551,21900.0,36,6,0.396,0,Mortgage,Debt consolidation,0
899,21,23500.0,0.0,569,4300.0,48,5,0.123,0,Mortgage,Home improvement,0
900,50,43600.0,15.6,670,28000.0,36,4,0.03,0,Mortgage,Car,0
901,18,55700.0,0.0,766,3100.0,60,1,0.371,0,Rent,Debt consolidation,0
902,20,53600.0,1.7,668,47400.0,24,3,0.216,0,Mortgage,Debt consolidation,0
903,29,64200.0,1.9,607,49900.0,12,1,0.248,0,Mortgage,Debt consolidation,1
904,64,31000.0,14.1,498,14500.0,60,3,0.195,0,Rent,Business,0
905,42,,10.3,746,42100.0,12,3,0.101,0,Mortgage,Business,0
906,55,60500.0,13.8,611,35300.0,36,5,0.441,0,Mortgage,Debt consolidation,0
907,39,74100.0,10.9,578,66300.0,12,7,0.106,0,Mortgage,Home improvement,0
908,27,32800.0,0.0,533,9400.0,36,5,0.162,1,Rent,Debt consolidation,1
909,37,41300.0,5.3,555,37100.0,48,7,0.217,0,Mortgage,Business,1
910,22,,,593,2600.0,36,8,0.379,0,Mortgage,Debt consolidation,0
911,58,35900.0,9.4,651,12600.0,36,3,0.322,0,Rent,Medical,0
912,27,37700.0,9.0,573,31900.0,24,1,0.198,0,Mortgage,Home improvement,0
913,37,29400.0,13.9,685,10700.0,24,4,0.395,0,Rent,Education,0
914,69,53300.0,20.7,650,12200.0,48,4,0.083,0,Mortgage,Medical,0
915,49,47700.0,9.9,848,4800.0,12,5,0.436,0,Rent,Education,0
916,42,15800.0,8.7,534,2800.0,36,1,0.163,0,Rent,Home improvement,0
917,46,54600.0,13.8,683,19200.0,36,1,0.251,0,Own,Home improvement,0
918,59,30800.0,14.9,684,12600.0,36,2,0.11,0,Rent,Education,0
919,31,62500.0,5.9,588,31900.0,36,2,0.068,0,Own,Debt consolidation,0
920,51,25800.0,13.2,678,19100.0,48,8,0.05,0,Mortgage,Debt consolidation,0
921,64,49800.0,16.7,732,3100.0,36,5,0.26,0,Own,Education,0
922,48,42500.0,10.4,678,32500.0,12,3,0.128,0,Own,Debt consolidation,0
923,41,57000.0,10.1,781,30800.0,60,6,0.26,1,Own,Business,0
924,25,52200.0,0.0,496,36200.0,24,1,0.14,0,Rent,Debt consolidation,1
925,31,43100.0,6.6,603,29900.0,48,7,0.285,0,Mortgage,Business,0
926,68,22700.0,18.6,788,18600.0,12,3,0.299,0,Rent,Debt consolidation,0
927,46,23400.0,11.6,743,3000.0,36,4,0.442,0,Mortgage,Education,0
928,33,36600.0,10.2,713,19600.0,36,11,0.497,0,Mortgage,Medical,0
929,40,,8.3,769,40100.0,12,5,0.335,0,Rent,Home improvement,0
930,48,36200.0,,517,23900.0,48,8,0.326,0,Own,Medical,1
931,46,67000.0,5.8,734,8900.0,24,1,0.102,0,Mortgage,Home improvement,0
932,55,42600.0,13.4,755,24400.0,36,1,0.182,1,Mortgage,Medical,0
933,31,30300.0,5.3,617,22100.0,48,3,0.258,0,Own,Car,0
934,52,42700.0,19.4,850,12100.0,36,2,0.315,0,Own,Debt consolidation,0
935,41,54900.0,3.3,686,32300.0,36,5,0.082,0,Mortgage,Debt consolidation,1
936,67,57700.0,19.3,495,44100.0,36,4,0.277,1,Mortgage,Car,1
937,26,125400.0,7.6,701,62100.0,12,5,0.093,0,Rent,Debt consolidation,0
938,25,35100.0,0.4,612,7500.0,60,4,0.339,0,Mortgage,Debt consolidation,0
939,42,47300.0,9.0,763,24500.0,36,3,0.215,0,Mortgage,Debt consolidation,0
940,44,60700.0,11.4,714,33400.0,36,3,0.211,0,Mortgage,Debt consolidation,1
941,54,48500.0,15.0,622,19000.0,36,4,0.421,0,Mortgage,Education,0
942,39,38200.0,13.1,790,24000.0,36,5,0.291,1,Mortgage,Debt consolidation,0
943,66,22600.0,20.5,745,9500.0,12,1,0.125,0,Rent,Car,0
944,43,38000.0,14.0,604,30200.0,24,6,0.161,0,Rent,Education,0
945,24,28700.0,1.3,658,20700.0,36,2,0.345,0,Rent,Business,1
946,24,20700.0,0.2,711,15200.0,24,1,0.125,0,Mortgage,Debt consolidation,0
947,69,32900.0,19.7,641,16400.0,12,7,0.296,0,Mortgage,Business,0
948,25,29000.0,0.0,643,6300.0,36,6,0.205,0,Mortgage,Debt consolidation,0
949,68,,21.5,673,43700.0,36,5,0.348,0,Mortgage,Car,0
950,32,66200.0,4.4,585,7200.0,36,2,0.539,1,Mortgage,Medical,1
951,22,31200.0,0.0,491,15300.0,48,4,0.491,0,Mortgage,Debt consolidation,0
952,34,43000.0,,689,4100.0,36,3,0.241,0,Own,Home improvement,0
953,50,19400.0,9.4,511,9700.0,12,8,0.353,0,Mortgage,Home improvement,1
954,40,,11.1,591,24200.0,48,1,0.234,0,Mortgage,Education,0
955,59,59800.0,15.0,528,24300.0,36,5,0.252,0,Rent,Medical,1
956,50,74000.0,16.3,538,29900.0,36,3,0.228,0,Rent,Car,1
957,39,34300.0,7.2,704,5300.0,60,4,0.514,0,Rent,Education,0
958,51,82900.0,15.1,652,25400.0,24,5,0.192,0,Mortgage,Business,0
959,69,23000.0,,649,9800.0,36,7,0.233,0,Rent,Debt consolidation,0
960,39,26300.0,10.6,565,20600.0,24,4,0.22,0,Rent,Debt consolidation,1
961,26,69900.0,3.5,618,56800.0,12,3,0.1,0,Own,Debt consolidation,0
962,39,113000.0,,700,97200.0,36,3,0.192,0,Rent,Debt consolidation,0
963,62,62700.0,20.6,666,8500.0,24,1,0.447,0,Own,Business,1
964,29,48000.0,4.1,736,14500.0,12,5,0.219,1,Mortgage,Debt consolidation,0
965,68,16400.0,22.4,747,7300.0,36,5,0.233,0,Rent,Business,0
966,49,17800.0,14.5,650,10600.0,36,7,0.159,0,Rent,Debt consolidation,0
967,49,52300.0,10.1,522,33900.0,36,5,0.416,0,Mortgage,Medical,1
968,34,41000.0,,609,29400.0,12,4,0.216,0,Rent,Business,0
969,66,28200.0,21.2,662,13300.0,36,3,0.026,0,Rent,Home improvement,1
970,19,50700.0,0.0,608,26500.0,36,7,0.215,0,Mortgage,Medical,1
971,33,51900.0,8.8,586,45000.0,36,4,0.287,0,Mortgage,Business,1
972,40,78600.0,8.3,676,20000.0,48,5,0.244,0,Rent,Medical,0
973,43,52500.0,13.1,850,38500.0,60,1,0.453,0,Rent,Business,0
974,43,90600.0,11.3,631,59300.0,12,5,0.02,0,Rent,Debt consolidation,0
975,25,49200.0,3.7,670,8300.0,36,6,0.276,0,Own,Education,0
976,29,46300.0,3.3,565,38800.0,60,6,0.457,0,Own,Education,1
977,23,83500.0,2.7,769,64900.0,36,6,0.159,0,Mortgage,Medical,0
978,48,30100.0,15.6,740,21400.0,60,2,0.191,0,Rent,Debt consolidation,0
979,36,200200.0,7.0,734,31600.0,48,5,0.223,0,Rent,Debt consolidation,0
980,47,59100.0,13.2,779,10000.0,48,5,0.111,0,Own,Debt consolidation,0
981,49,59300.0,12.5,636,37400.0,12,4,0.1,0,Own,Education,0
982,55,63700.0,15.2,646,9000.0,24,8,0.279,1,Rent,Debt consolidation,0
983,46,125300.0,16.4,807,18300.0,36,0,0.248,1,Rent,Business,0
984,52,72900.0,17.2,721,28400.0,36,3,0.272,0,Mortgage,Debt consolidation,0
985,49,22000.0,12.6,492,1200.0,48,6,0.406,0,Mortgage,Debt consolidation,0
986,52,98900.0,14.2,706,65600.0,60,5,0.123,0,Mortgage,Debt consolidation,0
987,50,41300.0,10.7,623,21000.0,24,3,0.106,0,Own,Education,0
988,34,51700.0,5.9,742,6000.0,36,3,0.213,0,Rent,Debt consolidation,0
989,31,25900.0,6.1,703,13300.0,60,2,0.196,0,Own,Debt consolidation,0
990,59,63800.0,19.0,531,6100.0,60,4,0.199,0,Rent,Debt consolidation,0
991,36,35400.0,9.4,692,3900.0,60,7,0.077,0,Mortgage,Business,0
992,47,51500.0,8.3,687,23800.0,36,5,0.335,2,Mortgage,Debt consolidation,1
993,28,,6.9,699,20200.0,60,6,0.242,0,Mortgage,Debt consolidation,1
994,40,128300.0,8.5,716,43400.0,36,2,0.203,1,Rent,Debt consolidation,1
995,46,132100.0,8.2,790,76400.0,24,4,0.495,0,Rent,Debt consolidation,0
996,51,50200.0,17.2,703,19000.0,24,4,0.225,0,Mortgage,Debt consolidation,0
997,45,50600.0,15.2,672,27800.0,36,7,0.277,0,Rent,Home improvement,0
998,37,40700.0,8.4,762,14100.0,60,1,0.352,0,Rent,Medical,1
999,68,85200.0,22.1,849,56000.0,36,5,0.263,0,Rent,Business,0
1000,45,41600.0,,743,22600.0,36,6,0.271,0,Mortgage,Home improvement,0
1001,60,39700.0,21.0,686,7400.0,36,3,0.057,0,Mortgage,Business,0
1002,57,80000.0,17.8,705,50700.0,48,2,0.255,1,Mortgage,Home improvement,0
1003,47,37500.0,7.6,690,26900.0,24,3,0.467,0,Rent,Education,1
1004,64,48100.0,24.4,671,5100.0,36,4,0.32,0,Mortgage,Business,0
1005,24,22200.0,5.6,843,12600.0,24,4,0.077,0,Rent,Education,0
1006,66,69700.0,17.7,610,50300.0,36,2,0.395,2,Own,Home improvement,0
1007,63,129400.0,14.9,762,19100.0,36,5,0.225,0,Rent,Debt consolidation,0
1008,44,,11.9,660,57400.0,36,8,0.283,0,Mortgage,Business,0
1009,56,101800.0,14.4,552,41000.0,36,6,0.148,0,Mortgage,Home improvement,1
1010,45,32100.0,,655,21700.0,60,6,0.571,0,Mortgage,Education,0
1011,32,55200.0,7.8,626,44900.0,60,7,0.129,0,Mortgage,Home improvement,1
1012,60,30600.0,15.1,716,27300.0,24,7,0.318,0,Mortgage,Medical,0
1013,31,43700.0,1.9,677,23900.0,24,5,0.328,0,Mortgage,Car,0
1014,34,72100.0,7.6,588,46800.0,12,4,0.17,0,Rent,Car,0
1015,45,51600.0,9.2,788,13600.0,24,3,0.065,0,Mortgage,Debt consolidation,0
1016,62,24200.0,18.0,757,7200.0,24,5,0.187,0,Mortgage,Education,0
1017,38,25400.0,4.0,797,19600.0,60,1,0.638,0,Mortgage,Home improvement,0
1018,44,24600.0,9.6,689,9600.0,60,3,0.348,0,Mortgage,Debt consolidation,0
1019,20,62700.0,2.0,667,47000.0,24,0,0.067,0,Rent,Medical,1
1020,24,137600.0,4.2,726,12800.0,48,1,0.364,2,Rent,Business,1
1021,20,96900.0,0.0,624,22800.0,60,3,0.345,0,Rent,Education,0
1022,21,19000.0,0.0,680,3700.0,36,5,0.104,0,Mortgage,Car,0
1023,64,99800.0,18.4,656,49700.0,60,5,0.123,0,Mortgage,Business,1
1024,62,78300.0,19.3,553,9300.0,60,1,0.414,0,Mortgage,Car,1
1025,61,22600.0,18.4,680,7700.0,60,2,0.29,0,Mortgage,Business,1
1026,20,42100.0,0.0,635,37400.0,48,3,0.139,0,Mortgage,Debt consolidation,1
1027,22,84800.0,2.5,651,61500.0,36,3,0.047,1,Mortgage,Debt consolidation,1
1028,32,64600.0,10.1,699,45000.0,24,4,0.318,0,Own,Car,0
1029,47,25500.0,12.2,772,4200.0,60,6,0.343,0,Mortgage,Education,0
1030,35,66500.0,1.9,602,23900.0,24,8,0.233,0,Rent,Home improvement,1
1031,43,16800.0,10.6,643,10600.0,36,4,0.331,1,Rent,Business,0
1032,27,43900.0,9.0,609,3000.0,24,4,0.393,0,Rent,Home improvement,0
1033,56,86600.0,11.3,604,36300.0,36,3,0.333,0,Rent,Debt consolidation,0
1034,34,49500.0,6.5,622,41500.0,24,1,0.23,0,Mortgage,Home improvement,0
1035,21,38200.0,0.5,654,4600.0,60,4,0.312,1,Rent,Business,0
1036,57,76500.0,15.9,717,62800.0,36,1,0.087,1,Rent,Business,0
1037,65,79800.0,19.4,696,17200.0,36,4,0.386,1,Mortgage,Car,0
1038,18,94400.0,0.0,585,19900.0,36,5,0.191,0,Rent,Medical,1
1039,41,75900.0,9.5,774,16400.0,36,2,0.331,0,Own,Business,0
1040,61,84200.0,21.0,746,70900.0,48,2,0.148,0,Mortgage,Medical,0
1041,55,70700.0,14.4,598,39800.0,60,8,0.417,0,Mortgage,Debt consolidation,1
1042,63,56000.0,16.9,768,38500.0,60,4,0.516,0,Mortgage,Car,0
1043,40,51300.0,6.8,696,18500.0,36,6,0.083,0,Mortgage,Car,0
1044,37,,2.1,657,34500.0,60,2,0.137,0,Mortgage,Debt consolidation,0
1045,55,26700.0,15.6,699,14500.0,36,4,0.51,0,Mortgage,Medical,1
1046,26,30400.0,8.0,668,17000.0,36,3,0.232,0,Rent,Home improvement,0
1047,30,42600.0,6.2,714,29400.0,48,2,0.219,0,Rent,Business,0
1048,49,55300.0,14.5,685,39100.0,36,2,0.074,0,Mortgage,Debt consolidation,0
1049,53,,12.8,643,63500.0,36,6,0.134,1,Rent,Car,0
1050,24,48000.0,1.7,508,7300.0,48,4,0.108,0,Rent,Car,0
1051,44,81000.0,13.4,712,63700.0,36,3,0.24,0,Rent,Medical,0
1052,37,84100.0,13.6,640,22900.0,48,3,0.4,1,Rent,Debt consolidation,0
1053,44,43700.0,14.9,732,39200.0,36,5,0.391,0,Mortgage,Debt consolidation,0
1054,68,66000.0,22.4,709,24900.0,36,5,0.196,0,Mortgage,Education,0
1055,22,43400.0,1.7,642,6600.0,60,5,0.154,0,Mortgage,Car,0
1056,70,94900.0,21.4,752,30200.0,12,2,0.472,0,Rent,Debt consolidation,0
1057,41,67400.0,6.9,686,36200.0,24,3,0.333,0,Mortgage,Debt consolidation,0
1058,58,27000.0,11.7,683,10300.0,36,3,0.36,0,Rent,Education,0
1059,40,53100.0,5.4,659,40100.0,24,3,0.246,0,Rent,Car,0
1060,34,111800.0,6.5,805,70400.0,24,3,0.399,0,Rent,Car,0
1061,58,44800.0,15.1,613,10400.0,48,4,0.308,0,Rent,Car,0
1062,54,61300.0,10.0,644,31100.0,12,5,0.065,0,Own,Education,0
1063,25,64400.0,2.7,571,46300.0,36,0,0.23,0,Rent,Car,1
1064,55,29200.0,13.8,728,23600.0,12,2,0.382,0,Rent,Car,0
1065,57,63300.0,12.1,623,24400.0,24,3,0.052,0,Mortgage,Car,1
1066,38,24400.0,6.9,632,20400.0,36,2,0.459,0,Mortgage,Home improvement,0
1067,67,35900.0,18.6,629,2900.0,60,3,0.235,1,Own,Debt consolidation,0
1068,51,83900.0,11.4,675,52500.0,36,5,0.217,0,Mortgage,Medical,0
1069,35,58600.0,9.6,570,41900.0,36,4,0.366,0,Own,Debt consolidation,0
1070,18,42100.0,0.0,491,17300.0,36,1,0.438,0,Mortgage,Home improvement,1
1071,53,61300.0,8.0,707,3600.0,36,3,0.077,0,Mortgage,Education,0
1072,29,,4.4,501,30200.0,36,3,0.319,1,Rent,Car,1
1073,58,49300.0,16.3,738,16800.0,24,8,0.399,0,Rent,Education,0
1074,45,68100.0,12.0,795,12200.0,24,6,0.111,0,Mortgage,Debt consolidation,0
1075,42,,8.0,657,6300.0,36,4,0.211,0,Mortgage,Education,0
1076,26,50000.0,,774,35200.0,36,4,0.275,0,Rent,Debt consolidation,0
1077,55,41900.0,14.8,668,8800.0,60,6,0.394,1,Rent,Debt consolidation,1
1078,26,22200.0,1.9,798,10200.0,36,5,0.07,0,Rent,Debt consolidation,0
1079,40,30900.0,13.5,634,27000.0,48,4,0.057,0,Rent,Education,0
1080,62,107400.0,16.6,481,74600.0,36,5,0.503,0,Mortgage,Debt consolidation,1
1081,66,59400.0,19.0,664,30600.0,36,2,0.169,0,Rent,Business,0
1082,70,25300.0,28.2,807,12600.0,36,5,0.309,0,Rent,Business,0
1083,68,22700.0,19.4,713,4400.0,24,0,0.213,0,Rent,Education,0
1084,47,46300.0,13.3,629,19900.0,60,6,0.267,1,Rent,Debt consolidation,0
1085,28,,5.9,696,18500.0,36,4,0.15,0,Mortgage,Debt consolidation,0
1086,62,44700.0,,748,5400.0,36,4,0.197,0,Rent,Education,0
1087,60,94200.0,17.7,663,13400.0,36,5,0.052,0,Mortgage,Debt consolidation,0
1088,70,58500.0,21.4,850,33100.0,60,4,0.088,0,Rent,Education,0
1089,52,62000.0,13.9,629,13300.0,24,4,0.224,0,Mortgage,Education,0
1090,25,25100.0,,750,4400.0,60,8,0.159,0,Rent,Education,0
1091,44,78300.0,11.4,731,61600.0,24,5,0.241,0,Mortgage,Education,0
1092,41,41500.0,15.3,614,6400.0,24,3,0.118,0,Rent,Car,0
1093,62,75500.0,21.2,636,49100.0,60,8,0.277,0,Mortgage,Business,0
1094,38,32600.0,8.9,751,13200.0,24,6,0.309,0,Own,Debt consolidation,0
1095,35,53600.0,9.4,682,29100.0,36,3,0.087,0,Mortgage,Debt consolidation,0
1096,22,58500.0,0.0,697,4100.0,36,3,0.331,0,Rent,Car,0
1097,62,45400.0,16.8,539,2300.0,60,2,0.212,0,Rent,Car,0
1098,58,60000.0,18.8,722,44700.0,48,6,0.145,0,Rent,Education,0
1099,20,42900.0,2.0,693,19500.0,36,2,0.214,0,Rent,Car,0
1100,40,35400.0,6.5,665,3900.0,60,1,0.439,0,Mortgage,Business,0
1101,43,109400.0,8.5,699,37400.0,24,4,0.249,0,Mortgage,Debt consolidation,0
1102,42,82800.0,16.1,637,39800.0,36,5,0.132,0,Mortgage,Medical,0
1103,66,,,623,5500.0,48,3,0.091,0,Rent,Home improvement,1
1104,25,,7.0,651,33500.0,48,2,0.243,0,Rent,Education,0
1105,34,33800.0,7.0,633,16900.0,48,3,0.184,0,Rent,Car,0
1106,27,27100.0,4.3,844,15200.0,60,6,0.333,0,Rent,Education,0
1107,30,82200.0,3.9,743,60700.0,36,1,0.213,0,Rent,Education,0
1108,66,20900.0,22.0,593,8400.0,60,3,0.154,0,Own,Medical,0
1109,67,77900.0,23.7,833,62700.0,24,2,0.25,0,Rent,Medical,0
1110,20,43200.0,0.0,635,19600.0,36,1,0.186,0,Mortgage,Business,0
1111,51,44100.0,12.1,672,19300.0,48,5,0.209,0,Own,Debt consolidation,0
1112,30,60200.0,7.5,742,36600.0,36,6,0.04,0,Own,Car,0
1113,28,65600.0,3.6,512,37700.0,36,4,0.067,0,Rent,Business,1
1114,33,32400.0,4.5,651,1900.0,48,6,0.229,1,Mortgage,Education,0
1115,28,70200.0,7.0,624,62100.0,36,2,0.163,0,Mortgage,Medical,0
1116,43,51900.0,13.3,686,44200.0,24,4,0.203,0,Rent,Home improvement,0
1117,70,26200.0,19.5,700,7600.0,24,8,0.145,1,Mortgage,Debt consolidation,0
1118,49,45000.0,13.0,664,23600.0,36,4,0.051,0,Own,Debt consolidation,0
1119,56,97800.0,11.6,660,68900.0,36,2,0.235,0,Own,Car,0
1120,44,113400.0,7.7,755,94400.0,24,1,0.26,0,Own,Medical,0
1121,18,70200.0,0.0,694,38500.0,60,1,0.265,0,Mortgage,Education,0
1122,22,27000.0,1.7,673,1800.0,24,3,0.138,0,Mortgage,Medical,0
1123,32,62600.0,2.7,682,39300.0,60,1,0.245,0,Rent,Car,0
1124,30,75000.0,2.7,817,9700.0,60,7,0.186,0,Mortgage,Medical,0
1125,62,70500.0,14.4,684,43700.0,36,3,0.22,0,Mortgage,Car,0
1126,62,72600.0,19.0,629,39900.0,60,5,0.115,0,Rent,Car,0
1127,63,58800.0,12.1,517,35000.0,24,3,0.153,0,Own,Education,0
1128,51,47300.0,10.2,555,10000.0,36,3,0.233,0,Rent,Business,1
1129,47,36200.0,6.0,633,17000.0,60,2,0.265,0,Mortgage,Car,0
1130,52,19000.0,14.9,661,10900.0,60,2,0.402,0,Mortgage,Car,0
1131,39,58100.0,3.0,626,17700.0,24,5,0.513,0,Rent,Education,0
1132,53,53800.0,14.1,698,11000.0,24,8,0.547,0,Rent,Debt consolidation,0
1133,60,,21.7,625,15500.0,24,3,0.235,0,Mortgage,Debt consolidation,0
1134,58,25100.0,21.0,597,19600.0,60,5,0.167,0,Mortgage,Debt consolidation,0
1135,50,67700.0,7.4,719,30100.0,24,2,0.135,0,Rent,Debt consolidation,0
1136,21,136900.0,2.1,780,83800.0,36,5,0.144,0,Rent,Medical,0
1137,56,51000.0,,581,24900.0,36,2,0.171,0,Rent,Education,0
1138,37,47500.0,4.0,689,36100.0,36,3,0.325,2,Own,Education,0
1139,57,57200.0,15.3,518,27600.0,36,3,0.063,0,Rent,Debt consolidation,0
1140,46,135400.0,14.9,552,17500.0,36,5,0.587,0,Rent,Education,0
1141,64,29400.0,20.2,623,6400.0,36,5,0.485,0,Rent,Debt consolidation,1
1142,35,54300.0,4.7,761,3300.0,36,7,0.289,0,Rent,Business,0
1143,67,32900.0,21.7,608,24900.0,36,5,0.073,1,Own,Car,0
1144,62,37300.0,10.9,605,22900.0,36,8,0.201,0,Mortgage,Car,0
1145,35,47800.0,4.5,673,33200.0,36,2,0.533,1,Mortgage,Debt consolidation,1
1146,43,96100.0,7.5,673,63200.0,48,3,0.409,0,Own,Business,0
1147,46,120600.0,11.4,607,90500.0,36,5,0.553,0,Own,Debt consolidation,0
1148,58,61300.0,,829,54500.0,36,2,0.127,0,Own,Education,0
1149,54,40600.0,14.0,649,24600.0,24,6,0.177,0,Own,Education,0
1150,63,170500.0,17.5,679,45100.0,12,9,0.065,1,Mortgage,Debt consolidation,0
1151,37,39600.0,7.7,638,5400.0,60,6,0.168,1,Own,Education,0
1152,44,,12.0,705,20300.0,60,3,0.394,0,Mortgage,Business,0
1153,40,20200.0,9.2,769,14200.0,24,3,0.505,0,Own,Business,0
1154,66,98500.0,18.3,803,51900.0,36,4,0.145,1,Own,Debt consolidation,0
1155,34,79500.0,7.6,609,24500.0,36,5,0.178,0,Mortgage,Debt consolidation,1
1156,49,164200.0,14.9,758,108700.0,48,0,0.148,1,Rent,Medical,0
1157,24,24500.0,0.7,714,10600.0,24,3,0.269,0,Own,Business,0
1158,63,101600.0,17.8,748,29800.0,60,3,0.208,0,Mortgage,Education,0
1159,38,50800.0,11.5,663,38900.0,12,7,0.039,0,Own,Business,0
1160,36,73400.0,,655,39600.0,60,2,0.388,1,Rent,Car,1
1161,48,21500.0,17.4,745,6300.0,12,3,0.137,0,Mortgage,Home improvement,0
1162,44,102100.0,6.4,746,33600.0,36,4,0.432,0,Own,Home improvement,0
1163,62,72600.0,16.6,795,38900.0,24,6,0.387,0,Rent,Education,0
1164,46,48100.0,8.3,686,19700.0,24,2,0.097,0,Rent,Business,0
1165,45,67700.0,17.4,661,12600.0,60,6,0.47,0,Own,Education,0
1166,23,33400.0,0.5,473,19000.0,36,2,0.415,0,Mortgage,Business,1
1167,19,36700.0,0.0,541,23300.0,24,9,0.541,0,Mortgage,Debt consolidation,1
1168,39,38900.0,7.3,638,1900.0,60,3,0.169,2,Mortgage,Debt consolidation,0
1169,70,19400.0,21.1,582,9800.0,24,6,0.048,0,Mortgage,Debt consolidation,0
1170,66,,18.2,735,40800.0,12,3,0.394,0,Rent,Debt consolidation,0
1171,51,88900.0,12.8,565,29500.0,12,3,0.381,0,Own,Debt consolidation,0
1172,51,34500.0,2.6,630,11700.0,36,9,0.395,0,Mortgage,Car,0
1173,38,58300.0,8.2,633,18700.0,60,6,0.517,0,Own,Medical,0
1174,27,42900.0,3.7,766,18400.0,12,4,0.089,0,Own,Education,0
1175,18,57800.0,0.0,621,42800.0,48,4,0.126,0,Rent,Debt consolidation,0
1176,35,35800.0,10.7,706,16100.0,24,1,0.059,0,Own,Business,0
1177,34,31500.0,5.8,686,28200.0,24,8,0.07,2,Rent,Car,0
1178,28,83000.0,6.4,742,30700.0,48,8,0.116,0,Own,Home improvement,0
1179,31,47500.0,1.9,738,30600.0,48,6,0.221,0,Mortgage,Home improvement,0
1180,19,134700.0,1.0,667,69600.0,36,2,0.156,0,Rent,Car,0
1181,50,50200.0,11.1,534,35000.0,24,6,0.225,0,Mortgage,Home improvement,0
1182,67,30900.0,16.0,651,24900.0,12,4,0.117,0,Own,Car,0
1183,54,90500.0,13.8,668,43900.0,48,4,0.416,0,Own,Debt consolidation,0
1184,41,67200.0,13.4,693,31600.0,36,5,0.45,0,Rent,Car,0
1185,40,70500.0,9.3,611,60000.0,36,4,0.168,1,Mortgage,Debt consolidation,1
1186,34,88900.0,10.9,761,75000.0,24,5,0.152,0,Rent,Business,0
1187,25,35400.0,0.6,671,31800.0,48,3,0.358,0,Rent,Home improvement,1
1188,49,46000.0,15.5,596,8400.0,12,4,0.086,0,Rent,Medical,0
1189,48,45000.0,10.0,633,2400.0,36,10,0.235,0,Mortgage,Debt consolidation,1
1190,18,25700.0,,824,10800.0,48,4,0.098,1,Rent,Business,0
1191,40,43000.0,9.5,723,29000.0,24,3,0.112,0,Mortgage,Education,0
1192,32,95600.0,7.6,754,10700.0,36,2,0.157,0,Own,Debt consolidation,0
1193,27,55200.0,4.4,587,20300.0,36,1,0.15,2,Mortgage,Education,1
1194,55,25000.0,12.6,615,13600.0,36,3,0.433,0,Rent,Car,0
1195,45,22500.0,13.4,615,5200.0,60,5,0.162,0,Own,Medical,0
1196,51,112700.0,18.4,685,75700.0,36,3,0.274,0,Mortgage,Debt consolidation,0
1197,55,46900.0,13.0,656,11500.0,12,2,0.302,0,Mortgage,Car,0
1198,70,35500.0,15.3,631,27100.0,36,3,0.308,0,Own,Business,0
1199,60,42700.0,18.3,641,14800.0,36,2,0.096,2,Rent,Debt consolidation,0
1200,50,23400.0,11.8,606,13100.0,36,3,0.186,0,Rent,Car,0
1201,64,99900.0,18.0,656,51200.0,48,4,0.249,0,Rent,Education,0
1202,43,40300.0,11.7,759,12200.0,24,2,0.287,0,Rent,Education,0
1203,70,97100.0,19.4,549,41100.0,24,2,0.15,0,Rent,Debt consolidation,0
1204,58,50300.0,15.2,698,38700.0,24,4,0.455,0,Mortgage,Car,0
1205,52,100200.0,13.3,780,51700.0,60,6,0.394,0,Rent,Home improvement,0
1206,65,55700.0,23.2,655,5400.0,48,1,0.077,0,Mortgage,Business,0
1207,45,75100.0,10.9,628,49300.0,36,4,0.225,0,Rent,Education,0
1208,56,70200.0,11.5,744,14400.0,36,3,0.372,0,Rent,Business,0
1209,33,66900.0,2.4,591,31000.0,60,2,0.286,0,Mortgage,Debt consolidation,0
1210,69,58300.0,20.8,668,26100.0,60,2,0.2,0,Rent,Education,0
1211,51,43600.0,9.8,587,20200.0,36,3,0.217,0,Own,Debt consolidation,0
1212,59,127700.0,11.7,520,9800.0,48,8,0.135,0,Rent,Debt consolidation,0
1213,42,31100.0,11.5,658,8800.0,60,4,0.236,1,Rent,Education,0
1214,63,49100.0,20.1,569,4600.0,36,3,0.333,0,Rent,Education,0
1215,21,49400.0,0.1,669,19900.0,36,4,0.231,0,Mortgage,Education,0
1216,24,59900.0,3.3,759,34600.0,36,3,0.14,0,Mortgage,Home improvement,0
1217,44,39500.0,11.0,818,23900.0,36,6,0.473,0,Rent,Home improvement,0
1218,56,57400.0,17.0,677,6000.0,48,5,0.081,0,Mortgage,Debt consolidation,0
1219,60,45100.0,18.6,752,6800.0,36,5,0.455,0,Own,Education,0
1220,41,22200.0,1.4,702,13600.0,24,3,0.14,0,Rent,Car,0
1221,52,49300.0,12.9,639,24700.0,36,5,0.247,0,Rent,Education,0
1222,47,28300.0,13.2,516,21500.0,48,5,0.185,0,Rent,Debt consolidation,1
1223,68,20600.0,18.8,800,4600.0,12,7,0.103,0,Mortgage,Home improvement,0
1224,52,52500.0,13.7,586,8000.0,36,6,0.073,2,Rent,Debt consolidation,0
1225,40,62600.0,11.1,781,22400.0,12,4,0.121,0,Mortgage,Home improvement,0
1226,69,63800.0,20.6,713,37700.0,60,6,0.092,1,Mortgage,Debt consolidation,0
1227,23,65100.0,5.0,592,30100.0,24,6,0.275,0,Rent,Debt consolidation,0
1228,70,18700.0,24.2,695,2500.0,12,3,0.049,0,Rent,Car,0
1229,26,24800.0,2.8,841,2700.0,48,2,0.092,0,Own,Education,0
1230,33,131500.0,5.4,793,82300.0,12,3,0.181,0,Mortgage,Debt consolidation,0
1231,61,29000.0,8.6,629,8800.0,48,6,0.42,0,Own,Debt consolidation,0
1232,56,66500.0,14.2,613,41200.0,36,4,0.548,0,Mortgage,Car,0
1233,69,34800.0,16.3,678,10500.0,60,2,0.289,1,Rent,Medical,0
1234,57,51000.0,16.3,657,16200.0,24,3,0.255,0,Mortgage,Debt consolidation,0
1235,51,35700.0,13.7,766,8200.0,12,3,0.096,0,Mortgage,Home improvement,0
1236,36,64900.0,9.3,729,57500.0,24,5,0.347,0,Mortgage,Medical,0
1237,18,52500.0,0.0,535,3300.0,60,2,0.244,0,Mortgage,Business,0
1238,24,39200.0,2.3,707,6200.0,60,4,0.018,0,Mortgage,Business,0
1239,33,29000.0,12.8,656,22100.0,24,4,0.086,0,Rent,Home improvement,0
1240,20,56000.0,1.5,673,9400.0,24,3,0.591,0,Rent,Medical,0
1241,44,26700.0,6.5,690,7700.0,24,1,0.398,0,Mortgage,Business,1
1242,59,60700.0,14.7,766,16600.0,24,6,0.011,0,Mortgage,Business,0
1243,69,182300.0,19.3,748,117100.0,24,5,0.381,0,Mortgage,Debt consolidation,0
1244,43,96300.0,11.8,610,38500.0,60,3,0.259,0,Rent,Home improvement,0
1245,64,70200.0,15.6,665,53700.0,12,1,0.303,0,Own,Home improvement,0
1246,70,47000.0,19.9,634,32200.0,60,6,0.243,0,Rent,Home improvement,0
1247,63,18600.0,,535,9300.0,12,3,0.206,0,Mortgage,Debt consolidation,0
1248,42,25300.0,8.3,661,6600.0,60,2,0.212,2,Rent,Business,0
1249,35,93100.0,9.2,818,67400.0,36,2,0.136,0,Rent,Business,0
1250,69,33000.0,22.3,533,25900.0,12,4,0.414,0,Rent,Education,0
1251,30,34600.0,8.3,668,26300.0,48,2,0.117,0,Mortgage,Business,0
1252,39,45100.0,7.4,666,4200.0,24,3,0.36,0,Mortgage,Car,0
1253,21,28800.0,3.0,693,18500.0,60,3,0.073,0,Rent,Debt consolidation,0
1254,60,26500.0,12.7,593,17200.0,48,0,0.214,0,Rent,Business,1
1255,52,47800.0,9.4,556,40700.0,60,3,0.078,0,Rent,Medical,1
1256,22,31400.0,0.0,560,8600.0,60,4,0.315,1,Rent,Home improvement,1
1257,29,33800.0,4.4,776,24300.0,24,2,0.35,0,Mortgage,Home improvement,1
1258,47,33200.0,15.2,591,21100.0,36,6,0.042,0,Rent,Education,0
1259,46,63700.0,9.4,630,50800.0,48,2,0.513,0,Rent,Medical,1
1260,60,43600.0,15.4,838,27900.0,36,7,0.353,0,Mortgage,Car,0
1261,32,44800.0,5.0,611,34700.0,36,4,0.31,1,Mortgage,Business,0
1262,67,66100.0,21.3,697,23500.0,24,8,0.165,0,Rent,Business,1
1263,41,45700.0,7.8,755,8400.0,48,5,0.201,0,Rent,Car,0
1264,61,42700.0,15.6,751,15300.0,36,3,0.185,0,Rent,Education,0
1265,30,62000.0,0.8,563,46100.0,12,3,0.242,0,Rent,Home improvement,1
1266,19,68500.0,0.0,613,11100.0,60,7,0.393,0,Rent,Debt consolidation,0
1267,20,45500.0,2.0,694,26900.0,60,5,0.178,0,Rent,Debt consolidation,0
1268,37,51000.0,7.9,824,45400.0,36,5,0.276,0,Rent,Home improvement,0
1269,68,33200.0,17.8,609,26900.0,24,2,0.394,0,Mortgage,Debt consolidation,0
1270,20,31900.0,2.0,631,19800.0,48,4,0.231,0,Mortgage,Business,1
1271,37,72000.0,5.8,704,52100.0,24,4,0.398,0,Own,Car,0
1272,23,61200.0,5.0,720,9100.0,36,1,0.016,0,Own,Business,0
1273,67,61600.0,23.8,724,29200.0,48,5,0.251,0,Rent,Car,0
1274,53,56400.0,14.2,602,28300.0,24,5,0.074,0,Own,Car,0
1275,58,50200.0,11.5,627,35900.0,24,3,0.028,0,Mortgage,Education,0
1276,55,69400.0,21.7,687,20100.0,12,6,0.227,0,Mortgage,Debt consolidation,0
1277,52,78200.0,14.8,771,11000.0,36,4,0.367,0,Mortgage,Debt consolidation,0
1278,59,77300.0,15.4,651,49700.0,36,5,0.174,2,Rent,Home improvement,1
1279,18,46600.0,0.0,668,21800.0,24,3,0.506,0,Rent,Debt consolidation,1
1280,63,98100.0,20.1,588,75100.0,60,2,0.111,0,Mortgage,Home improvement,0
1281,57,55000.0,19.5,819,25300.0,48,1,0.315,0,Mortgage,Car,0
1282,57,67300.0,13.6,682,51800.0,24,2,0.083,0,Rent,Car,0
1283,38,56400.0,9.0,756,27200.0,36,8,0.153,0,Rent,Medical,0
1284,60,55500.0,13.2,672,39700.0,36,7,0.166,2,Mortgage,Business,1
1285,38,33900.0,10.0,677,22500.0,36,6,0.262,0,Mortgage,Car,0
1286,20,69600.0,0.7,550,19200.0,36,5,0.087,0,Mortgage,Car,1
1287,66,203300.0,20.0,498,63600.0,24,3,0.15,0,Rent,Medical,0
1288,30,40600.0,4.4,770,33100.0,24,1,0.405,0,Rent,Business,0
1289,23,,1.2,676,12500.0,24,4,0.348,2,Mortgage,Education,0
1290,50,39200.0,10.2,687,25200.0,24,0,0.127,0,Rent,Home improvement,0
1291,30,38400.0,7.2,570,6700.0,48,6,0.36,0,Rent,Home improvement,1
1292,63,106100.0,22.5,598,73400.0,60,3,0.262,2,Mortgage,Debt consolidation,1
1293,41,35000.0,7.5,755,8400.0,48,3,0.386,0,Rent,Debt consolidation,0
1294,18,38700.0,0.0,809,21500.0,60,2,0.198,0,Mortgage,Medical,0
1295,68,22200.0,21.3,620,11800.0,36,4,0.383,0,Rent,Business,0
1296,45,33600.0,10.8,724,7500.0,24,10,0.131,0,Rent,Home improvement,1
1297,31,20900.0,0.6,685,9800.0,60,4,0.341,1,Mortgage,Education,1
1298,53,67200.0,10.1,660,53600.0,12,2,0.136,0,Rent,Home improvement,0
1299,46,198800.0,8.9,818,124900.0,24,2,0.097,0,Rent,Debt consolidation,0
1300,19,40800.0,0.0,634,36500.0,60,4,0.092,0,Rent,Debt consolidation,0
1301,58,21300.0,20.2,769,15300.0,48,6,0.236,1,Rent,Education,0
1302,39,76900.0,9.5,701,45900.0,60,7,0.022,1,Mortgage,Business,0
1303,55,34100.0,14.7,669,18000.0,24,6,0.119,0,Mortgage,Debt consolidation,0
1304,65,93900.0,12.2,780,79500.0,48,5,0.249,0,Rent,Debt consolidation,0
1305,50,42600.0,7.3,693,21200.0,24,1,0.387,0,Rent,Debt consolidation,0
1306,53,35700.0,14.0,662,14000.0,36,2,0.696,0,Mortgage,Medical,0
1307,31,44800.0,11.1,780,34000.0,60,3,0.163,0,Mortgage,Business,0
1308,30,71600.0,2.7,770,60800.0,36,4,0.353,0,Mortgage,Home improvement,0
1309,39,43800.0,11.0,766,20000.0,48,5,0.381,0,Mortgage,Car,1
1310,63,38200.0,16.6,359,6400.0,60,3,0.164,2,Rent,Education,1
1311,45,44400.0,11.0,705,25200.0,60,7,0.152,0,Mortgage,Business,0
1312,36,26000.0,10.8,687,17700.0,12,6,0.048,0,Mortgage,Education,0
1313,59,59800.0,15.4,667,22000.0,24,4,0.179,1,Rent,Car,1
1314,63,20100.0,15.9,719,13800.0,60,4,0.152,0,Rent,Debt consolidation,0
1315,65,39300.0,23.1,691,19700.0,36,5,0.262,0,Rent,Debt consolidation,0
1316,33,71700.0,6.1,724,22000.0,36,4,0.451,0,Mortgage,Education,0
1317,55,57000.0,18.1,649,33400.0,12,4,0.057,0,Rent,Business,0
1318,49,65900.0,10.3,790,25100.0,12,6,0.218,0,Own,Medical,0
1319,41,47500.0,13.4,732,34100.0,60,2,0.243,0,Rent,Education,0
1320,39,88000.0,9.2,713,4600.0,36,2,0.345,0,Rent,Debt consolidation,0
1321,24,77800.0,3.7,709,58000.0,48,2,0.254,0,Own,Home improvement,0
1322,32,61300.0,6.0,763,19000.0,24,7,0.466,0,Mortgage,Medical,0
1323,47,77900.0,10.1,752,67400.0,24,4,0.482,0,Rent,Debt consolidation,0
1324,64,71300.0,18.4,661,49600.0,36,2,0.252,0,Mortgage,Car,0
1325,63,39400.0,16.7,749,10000.0,60,6,0.35,2,Mortgage,Debt consolidation,0
1326,27,25000.0,6.5,684,22000.0,24,3,0.134,0,Mortgage,Home improvement,0
1327,54,60500.0,13.8,823,28700.0,36,4,0.114,0,Mortgage,Business,0
1328,22,64400.0,0.0,758,31800.0,36,5,0.046,0,Mortgage,Home improvement,0
1329,53,84600.0,9.0,620,69600.0,12,1,0.243,0,Mortgage,Business,0
1330,36,30700.0,2.0,850,25500.0,36,3,0.233,0,Mortgage,Car,0
1331,41,31200.0,11.1,502,20000.0,36,5,0.419,0,Mortgage,Debt consolidation,1
1332,56,61700.0,11.7,721,54400.0,12,5,0.31,0,Own,Debt consolidation,0
1333,40,47300.0,9.7,614,15600.0,36,4,0.35,0,Own,Business,0
1334,60,19100.0,17.2,821,4700.0,12,5,0.297,0,Mortgage,Car,0
1335,46,59100.0,11.0,690,4400.0,48,6,0.051,0,Mortgage,Education,0
1336,70,19400.0,22.1,606,6700.0,60,6,0.119,0,Mortgage,Education,0
1337,51,30600.0,13.7,649,17200.0,60,0,0.139,0,Rent,Debt consolidation,0
1338,33,96400.0,0.0,613,29800.0,48,8,0.427,0,Own,Home improvement,0
1339,59,122100.0,15.4,646,66300.0,36,3,0.357,0,Rent,Debt consolidation,0
1340,39,26700.0,9.7,644,2400.0,36,2,0.172,0,Rent,Education,0
1341,46,41600.0,16.1,610,14600.0,36,0,0.331,0,Rent,Medical,0
1342,25,50100.0,7.0,692,34400.0,12,5,0.431,0,Mortgage,Medical,0
1343,24,119400.0,0.0,701,16600.0,48,5,0.137,0,Rent,Home improvement,0
1344,48,38300.0,11.0,590,25200.0,12,2,0.396,0,Rent,Home improvement,1
1345,27,38600.0,0.0,537,27000.0,36,4,0.416,0,Rent,Business,1
1346,70,106300.0,,695,56700.0,36,4,0.373,0,Own,Car,0
1347,63,40600.0,21.0,713,32600.0,48,5,0.367,2,Own,Business,0
1348,55,70300.0,15.9,728,60600.0,36,5,0.101,0,Rent,Education,0
1349,56,23400.0,,714,1900.0,36,3,0.244,0,Mortgage,Car,0
1350,49,45000.0,16.5,796,28200.0,36,3,0.483,0,Rent,Car,0
1351,21,21400.0,3.0,750,5400.0,60,1,0.142,2,Mortgage,Business,0
1352,38,28900.0,11.5,850,11500.0,48,2,0.155,0,Rent,Car,0
1353,44,74600.0,11.8,850,43200.0,24,1,0.49,0,Own,Car,0
1354,66,47800.0,18.2,529,31300.0,60,4,0.327,0,Rent,Education,0
1355,29,41800.0,6.7,494,31900.0,12,3,0.457,0,Mortgage,Debt consolidation,1
1356,44,33700.0,12.8,669,21900.0,24,0,0.37,0,Mortgage,Business,0
1357,36,43900.0,6.6,710,31200.0,24,4,0.405,0,Mortgage,Debt consolidation,1
1358,25,57000.0,1.7,664,31900.0,36,5,0.37,0,Rent,Home improvement,1
1359,23,80100.0,5.0,726,12000.0,36,5,0.217,0,Mortgage,Home improvement,0
1360,37,13200.0,12.6,648,900.0,36,2,0.457,0,Mortgage,Medical,1
1361,22,32300.0,0.0,614,16200.0,60,5,0.52,0,Rent,Home improvement,1
1362,21,53100.0,0.4,627,35000.0,36,5,0.473,1,Rent,Business,1
1363,36,46700.0,8.3,654,6700.0,24,2,0.182,0,Mortgage,Car,0
1364,28,60000.0,5.5,737,24900.0,36,3,0.233,0,Rent,Debt consolidation,0
1365,47,,10.0,631,15000.0,48,6,0.29,1,Mortgage,Business,0
1366,18,42100.0,0.0,647,22400.0,36,2,0.024,0,Own,Business,0
1367,33,37700.0,7.3,716,14400.0,36,5,0.282,0,Rent,Education,0
1368,42,43400.0,11.2,654,9600.0,36,3,0.32,0,Own,Car,0
1369,69,87100.0,25.7,759,4700.0,36,3,0.255,0,Mortgage,Education,0
1370,51,34000.0,11.9,596,11000.0,36,4,0.232,0,Mortgage,Debt consolidation,1
1371,64,47500.0,18.1,579,23200.0,60,5,0.219,0,Rent,Business,0
1372,36,53700.0,3.4,694,45100.0,24,5,0.218,0,Own,Home improvement,0
1373,41,107000.0,8.7,702,26000.0,12,3,0.309,0,Mortgage,Car,0
1374,40,42200.0,4.3,601,20500.0,48,2,0.06,0,Mortgage,Medical,0
1375,65,79200.0,21.0,777,42100.0,60,7,0.036,0,Own,Debt consolidation,0
1376,68,90800.0,21.3,824,54600.0,36,5,0.17,0,Rent,Home improvement,0
1377,69,47500.0,19.6,620,15600.0,36,4,0.59,0,Rent,Debt consolidation,0
1378,57,44100.0,15.3,789,5900.0,60,2,0.225,0,Rent,Car,0
1379,44,41600.0,12.7,479,34700.0,36,3,0.481,0,Own,Debt consolidation,0
1380,46,43100.0,7.8,756,37100.0,36,6,0.25,0,Own,Home improvement,0
1381,69,75100.0,,601,31700.0,36,7,0.35,0,Rent,Debt consolidation,0
1382,33,55000.0,8.1,748,29900.0,36,5,0.224,0,Mortgage,Education,0
1383,36,55100.0,1.9,593,4100.0,36,3,0.296,1,Mortgage,Medical,1
1384,65,27900.0,,665,2500.0,60,3,0.309,0,Rent,Debt consolidation,0
1385,38,,3.0,605,3500.0,24,1,0.089,0,Rent,Debt consolidation,0
1386,30,143200.0,4.4,653,97100.0,24,7,0.223,1,Own,Medical,0
1387,47,44900.0,8.1,816,10900.0,36,7,0.147,0,Rent,Debt consolidation,0
1388,35,33300.0,11.1,661,6900.0,36,8,0.214,0,Mortgage,Home improvement,0
1389,65,100300.0,15.3,839,5700.0,48,6,0.069,2,Mortgage,Debt consolidation,0
1390,66,56400.0,14.2,639,3900.0,60,5,0.231,0,Rent,Business,0
1391,34,65500.0,6.8,789,25800.0,48,7,0.119,1,Mortgage,Car,0
1392,46,,10.0,540,23400.0,60,1,0.105,0,Mortgage,Home improvement,1
1393,70,41800.0,16.3,647,22700.0,24,3,0.119,0,Mortgage,Car,0
1394,57,45000.0,17.2,627,19800.0,24,2,0.256,0,Mortgage,Debt consolidation,0
1395,29,24600.0,0.0,793,10800.0,36,4,0.255,2,Rent,Car,0
1396,49,46900.0,9.3,685,32400.0,48,4,0.19,0,Rent,Home improvement,0
1397,50,56800.0,11.1,503,16800.0,24,2,0.13,0,Rent,Debt consolidation,0
1398,52,123700.0,16.0,565,31200.0,24,1,0.334,0,Mortgage,Business,0
1399,19,51200.0,1.0,589,39700.0,36,4,0.157,0,Rent,Debt consolidation,0
1400,33,15300.0,9.3,745,9700.0,36,4,0.004,0,Own,Debt consolidation,0
1401,63,46800.0,17.5,734,21300.0,36,6,0.296,0,Mortgage,Education,0
1402,30,192900.0,,646,54800.0,60,5,0.104,0,Own,Debt consolidation,0
1403,33,75600.0,7.2,626,12600.0,24,2,0.132,0,Rent,Education,0
1404,35,32700.0,11.2,727,2700.0,36,2,0.143,1,Mortgage,Car,0
1405,27,65900.0,7.3,580,51000.0,12,2,0.559,0,Own,Debt consolidation,0
1406,26,33800.0,4.6,707,18700.0,24,6,0.39,2,Rent,Home improvement,1
1407,36,24900.0,3.6,700,2200.0,36,4,0.022,0,Mortgage,Business,0
1408,64,41200.0,16.8,648,7600.0,36,5,0.47,1,Rent,Education,0
1409,18,51300.0,0.0,702,14800.0,36,6,0.309,0,Own,Education,0
1410,33,19200.0,1.7,678,5300.0,36,3,0.324,0,Mortgage,Debt consolidation,0
1411,21,27600.0,0.0,710,14200.0,60,5,0.196,2,Own,Education,1
1412,47,49300.0,14.4,563,19200.0,24,2,0.51,0,Rent,Business,0
1413,31,40000.0,3.9,719,32000.0,48,4,0.388,0,Mortgage,Education,0
1414,59,59700.0,12.9,752,39500.0,48,2,0.629,0,Rent,Debt consolidation,0
1415,49,26700.0,17.0,696,22000.0,12,3,0.067,0,Rent,Debt consolidation,0
1416,59,,17.8,718,54900.0,36,3,0.31,0,Own,Business,0
1417,51,27100.0,12.1,661,22600.0,12,3,0.299,0,Rent,Debt consolidation,0
1418,41,111500.0,5.8,741,98500.0,12,4,0.717,0,Mortgage,Home improvement,1
1419,63,20800.0,,675,6600.0,24,3,0.21,1,Rent,Home improvement,0
1420,43,28400.0,9.9,578,6500.0,24,6,0.409,0,Own,Home improvement,0
1421,68,60400.0,24.2,736,11500.0,60,6,0.368,0,Mortgage,Debt consolidation,0
1422,70,112700.0,23.5,539,65800.0,60,2,0.247,0,Mortgage,Education,0
1423,49,57400.0,10.8,693,36100.0,36,4,0.091,0,Mortgage,Home improvement,0
1424,53,,12.5,639,8100.0,48,3,0.341,0,Rent,Debt consolidation,1
1425,31,49500.0,9.5,634,37000.0,60,5,0.157,0,Own,Education,0
1426,61,29300.0,21.6,684,21000.0,36,4,0.432,1,Rent,Business,0
1427,53,38400.0,8.4,613,22400.0,36,7,0.334,0,Rent,Car,1
1428,65,26700.0,20.4,711,11200.0,48,5,0.331,0,Mortgage,Car,0
1429,32,25900.0,,675,4700.0,60,6,0.225,1,Rent,Business,0
1430,59,59900.0,13.3,621,28700.0,48,2,0.081,1,Rent,Debt consolidation,0
1431,42,28000.0,10.4,777,5200.0,12,5,0.04,0,Mortgage,Medical,0
1432,27,57500.0,0.0,686,32400.0,48,2,0.06,1,Mortgage,Home improvement,0
1433,27,25600.0,2.2,720,8000.0,24,5,0.608,2,Own,Debt consolidation,0
1434,47,56900.0,9.2,783,14800.0,24,1,0.483,0,Rent,Home improvement,0
1435,34,38400.0,4.9,782,16300.0,36,3,0.267,0,Mortgage,Debt consolidation,0
1436,23,99000.0,1.8,716,53800.0,48,8,0.239,0,Mortgage,Home improvement,0
1437,40,57600.0,5.8,646,20900.0,24,5,0.306,0,Own,Medical,0
1438,52,90900.0,18.3,556,79000.0,36,5,0.099,0,Mortgage,Debt consolidation,0
1439,34,33600.0,7.9,687,1800.0,48,4,0.294,0,Own,Debt consolidation,0
1440,68,50400.0,25.4,758,41600.0,24,5,0.317,0,Mortgage,Debt consolidation,0
1441,59,30000.0,,698,1500.0,60,3,0.443,0,Own,Debt consolidation,0
1442,45,39900.0,9.2,394,9300.0,36,1,0.541,0,Mortgage,Business,0
1443,67,43000.0,24.9,740,38600.0,36,2,0.611,0,Rent,Debt consolidation,0
1444,40,34100.0,7.1,745,22800.0,12,3,0.306,0,Rent,Home improvement,0
1445,25,26700.0,2.3,646,16000.0,60,5,0.254,0,Rent,Business,1
1446,19,24200.0,1.0,749,16100.0,60,7,0.18,0,Mortgage,Debt consolidation,0
1447,67,15200.0,,720,6000.0,24,4,0.452,0,Rent,Debt consolidation,0
1448,68,28900.0,22.1,615,20700.0,48,5,0.196,0,Rent,Car,0
1449,57,67100.0,17.4,772,12200.0,48,7,0.149,0,Rent,Debt consolidation,0
1450,23,22000.0,5.0,569,15900.0,24,3,0.427,0,Mortgage,Car,1
1451,33,24700.0,8.7,665,21000.0,36,4,0.532,0,Own,Car,0
1452,20,120000.0,2.0,657,93500.0,60,3,0.235,0,Rent,Car,0
1453,20,35700.0,0.5,604,24200.0,36,6,0.249,2,Rent,Education,0
1454,31,57600.0,2.6,694,34800.0,60,3,0.57,0,Mortgage,Business,0
1455,48,67600.0,18.3,775,33300.0,12,2,0.2,0,Mortgage,Debt consolidation,0
1456,21,68300.0,0.0,770,26400.0,60,4,0.222,0,Mortgage,Debt consolidation,0
1457,70,22900.0,16.5,728,18000.0,60,3,0.348,0,Own,Education,0
1458,42,43700.0,11.3,534,26200.0,24,5,0.184,0,Mortgage,Debt consolidation,0
1459,31,21800.0,10.1,563,9100.0,36,4,0.236,0,Rent,Medical,0
1460,45,166600.0,11.4,683,119500.0,36,6,0.173,0,Own,Education,0
1461,59,22100.0,19.4,667,2100.0,60,4,0.24,0,Rent,Debt consolidation,0
1462,34,29000.0,0.4,630,21500.0,24,5,0.434,0,Rent,Business,1
1463,20,29100.0,0.0,822,21500.0,36,5,0.177,0,Rent,Education,0
1464,20,23200.0,0.0,678,5700.0,48,4,0.132,0,Rent,Education,0
1465,63,96400.0,20.3,713,7900.0,36,4,0.125,0,Mortgage,Education,0
1466,23,164600.0,0.0,749,108100.0,36,4,0.029,0,Rent,Medical,0
1467,51,38600.0,9.4,674,8500.0,36,3,0.519,0,Own,Debt consolidation,0
1468,38,25300.0,9.5,850,22700.0,60,4,0.381,0,Own,Debt consolidation,0
1469,59,,19.6,595,900.0,24,4,0.068,0,Own,Debt consolidation,0
1470,21,43400.0,0.7,622,10600.0,60,3,0.085,0,Mortgage,Home improvement,0
1471,65,41800.0,20.5,595,3600.0,36,7,0.561,0,Mortgage,Medical,0
1472,55,35400.0,16.4,795,25300.0,60,1,0.36,0,Rent,Education,0
1473,41,54800.0,,734,29700.0,24,2,0.238,0,Mortgage,Debt consolidation,0
1474,28,59700.0,0.7,626,46000.0,36,3,0.359,0,Mortgage,Medical,0
1475,69,57600.0,22.1,601,50000.0,60,1,0.207,0,Own,Debt consolidation,0
1476,34,41900.0,8.2,781,23800.0,48,3,0.175,0,Rent,Debt consolidation,0
1477,43,28300.0,12.7,699,7000.0,12,4,0.302,2,Mortgage,Car,0
1478,38,68400.0,8.9,783,8800.0,36,5,0.334,0,Rent,Home improvement,0
1479,30,49300.0,1.3,665,38800.0,24,2,0.202,0,Rent,Home improvement,0
1480,40,76400.0,10.9,711,19700.0,24,1,0.156,0,Own,Debt consolidation,0
1481,26,72800.0,3.2,694,58900.0,48,7,0.409,0,Own,Debt consolidation,0
1482,18,24100.0,0.0,620,19200.0,60,2,0.352,0,Rent,Debt consolidation,0
1483,33,23900.0,5.1,658,13900.0,36,3,0.261,0,Rent,Medical,0
1484,23,33600.0,0.0,575,18900.0,24,3,0.07,0,Mortgage,Business,0
1485,39,28900.0,11.1,710,24800.0,24,4,0.442,0,Rent,Home improvement,0
1486,63,71500.0,13.7,731,49500.0,36,4,0.099,0,Mortgage,Medical,0
1487,26,58400.0,0.2,749,36800.0,24,4,0.03,0,Mortgage,Debt consolidation,0
1488,18,84900.0,0.0,723,35700.0,60,2,0.244,0,Rent,Home improvement,0
1489,23,59800.0,5.0,660,27600.0,24,2,0.233,0,Own,Car,0
1490,44,54400.0,13.6,794,20700.0,24,2,0.15,0,Rent,Debt consolidation,0
1491,32,89300.0,0.7,741,76300.0,48,3,0.394,0,Rent,Car,0
1492,43,,14.1,781,36700.0,24,3,0.115,0,Mortgage,Debt consolidation,0
1493,19,50700.0,1.0,786,36200.0,36,6,0.204,1,Mortgage,Car,0
1494,35,102800.0,3.3,660,8400.0,36,6,0.374,0,Mortgage,Debt consolidation,0
1495,39,51900.0,0.8,701,40200.0,12,3,0.173,0,Mortgage,Debt consolidation,0
1496,40,42100.0,8.6,732,17100.0,36,3,0.239,0,Own,Education,0
1497,47,32200.0,15.0,578,21800.0,36,4,0.484,0,Rent,Debt consolidation,1
1498,59,69700.0,21.2,580,5900.0,48,5,0.319,0,Rent,Debt consolidation,1
1499,42,91000.0,7.0,566,73700.0,24,5,0.046,0,Mortgage,Home improvement,0
1500,62,47800.0,22.9,661,29200.0,36,3,0.105,0,Mortgage,Home improvement,0
1501,46,94300.0,4.5,643,41400.0,48,2,0.057,0,Mortgage,Debt consolidation,0
1502,31,18300.0,4.1,555,5600.0,12,5,0.241,0,Rent,Medical,0
1503,30,47700.0,3.5,682,15000.0,24,2,0.236,0,Mortgage,Debt consolidation,0
1504,35,48000.0,10.3,662,14800.0,24,6,0.152,0,Rent,Debt consolidation,0
1505,49,34100.0,16.3,765,5500.0,24,5,0.52,0,Rent,Business,0
1506,30,161400.0,7.7,831,71700.0,12,3,0.189,0,Rent,Car,0
1507,66,47400.0,15.1,707,20600.0,60,4,0.414,2,Mortgage,Education,0
1508,43,40000.0,12.6,614,16000.0,36,2,0.165,1,Mortgage,Home improvement,1
1509,63,49700.0,19.5,722,32200.0,36,6,0.431,0,Mortgage,Education,0
1510,54,18000.0,9.4,671,7300.0,24,3,0.305,0,Rent,Debt consolidation,0
1511,35,33500.0,0.6,651,4200.0,12,1,0.152,0,Rent,Home improvement,0
1512,30,80100.0,7.9,601,62000.0,48,6,0.561,0,Rent,Education,0
1513,57,35800.0,15.1,633,14700.0,48,3,0.193,0,Rent,Car,0
1514,35,32400.0,2.9,656,19700.0,60,4,0.358,0,Mortgage,Home improvement,0
1515,31,94300.0,4.6,734,79300.0,12,3,0.32,0,Mortgage,Debt consolidation,0
1516,67,95800.0,20.7,711,67300.0,24,5,0.262,1,Own,Debt consolidation,0
1517,43,63500.0,9.8,816,32300.0,48,5,0.105,0,Mortgage,Car,0
1518,20,39000.0,0.0,724,20000.0,36,2,0.409,0,Rent,Medical,0
1519,44,43500.0,16.1,704,33600.0,12,1,0.211,0,Rent,Business,0
1520,42,32800.0,12.6,646,24600.0,36,6,0.222,1,Own,Education,0
1521,63,29800.0,17.0,587,6000.0,12,4,0.23,0,Mortgage,Business,0
1522,55,29100.0,13.9,624,17000.0,60,4,0.313,0,Rent,Car,0
1523,28,36000.0,5.1,614,28300.0,60,3,0.031,0,Own,Home improvement,1
1524,25,29200.0,0.0,465,21400.0,36,7,0.188,0,Rent,Medical,0
1525,49,22400.0,13.4,589,3500.0,36,6,0.277,0,Rent,Car,0
1526,20,54700.0,0.0,798,23000.0,48,5,0.345,0,Mortgage,Debt consolidation,0
1527,34,55100.0,6.2,699,27000.0,36,3,0.285,0,Rent,Home improvement,1
1528,25,114700.0,0.0,640,30900.0,48,4,0.046,0,Rent,Business,1
1529,19,35100.0,0.0,702,22000.0,36,2,0.188,0,Rent,Debt consolidation,0
1530,66,56800.0,24.1,514,25800.0,60,2,0.391,0,Mortgage,Home improvement,0
1531,22,57300.0,1.8,693,17400.0,24,2,0.183,0,Own,Home improvement,1
1532,18,43200.0,0.0,772,14500.0,36,5,0.065,0,Own,Car,0
1533,67,71100.0,13.6,660,55300.0,60,5,0.062,0,Mortgage,Business,0
1534,27,72200.0,1.8,528,56800.0,60,5,0.211,0,Mortgage,Education,1
1535,61,57700.0,18.6,637,42700.0,60,4,0.139,0,Rent,Home improvement,0
1536,19,43100.0,1.0,772,35600.0,36,5,0.337,0,Mortgage,Business,0
1537,26,41000.0,0.0,691,35200.0,48,5,0.072,0,Mortgage,Car,0
1538,23,24700.0,2.6,557,11600.0,24,4,0.599,0,Mortgage,Debt consolidation,1
1539,55,32800.0,15.9,850,4300.0,36,2,0.162,0,Rent,Business,0
1540,50,35900.0,16.7,570,26200.0,24,3,0.565,0,Mortgage,Debt consolidation,0
1541,43,27900.0,8.0,651,16400.0,36,3,0.342,0,Mortgage,Medical,0
1542,30,61100.0,0.0,587,22800.0,60,7,0.186,1,Mortgage,Business,1
1543,22,89200.0,0.0,587,78400.0,60,8,0.271,0,Rent,Business,0
1544,48,31100.0,8.7,634,10500.0,36,5,0.162,0,Rent,Debt consolidation,0
1545,30,56500.0,7.0,721,46400.0,24,9,0.217,1,Rent,Car,0
1546,49,29200.0,4.2,773,16200.0,36,3,0.353,0,Rent,Home improvement,0
1547,54,42100.0,13.1,639,3400.0,24,8,0.241,0,Rent,Car,0
1548,63,34700.0,22.3,589,27100.0,12,2,0.272,0,Mortgage,Debt consolidation,0
1549,44,66200.0,10.4,708,46200.0,60,3,0.386,1,Rent,Home improvement,0
1550,18,,,711,20800.0,36,5,0.29,0,Rent,Debt consolidation,1
1551,32,81300.0,0.7,689,46500.0,12,6,0.093,0,Mortgage,Debt consolidation,0
1552,63,43400.0,13.2,692,10200.0,48,1,0.547,0,Mortgage,Home improvement,0
1553,46,35400.0,,661,8200.0,12,7,0.294,2,Mortgage,Medical,1
1554,50,26200.0,13.1,678,2000.0,36,4,0.081,0,Rent,Business,0
1555,42,55600.0,9.9,655,10100.0,24,6,0.086,1,Mortgage,Education,0
1556,26,76700.0,,756,25800.0,24,2,0.072,1,Mortgage,Debt consolidation,1
1557,65,56200.0,19.1,848,28600.0,36,5,0.437,0,Mortgage,Medical,0
1558,58,150200.0,12.6,684,24200.0,48,7,0.02,0,Own,Home improvement,0
1559,70,100200.0,24.4,669,52500.0,36,5,0.326,0,Rent,Education,0
1560,63,42000.0,26.2,690,11500.0,60,0,0.39,0,Mortgage,Medical,0
1561,33,41800.0,7.5,617,11100.0,60,7,0.138,0,Rent,Debt consolidation,0
1562,31,62000.0,3.3,731,53100.0,60,4,0.498,0,Rent,Home improvement,0
1563,31,32200.0,0.0,705,28800.0,60,4,0.203,2,Rent,Car,1
1564,66,87800.0,14.1,636,64900.0,60,7,0.221,0,Mortgage,Debt consolidation,0
1565,47,58700.0,16.3,742,5600.0,60,3,0.405,0,Mortgage,Home improvement,0
1566,42,55700.0,6.5,672,37300.0,24,3,0.111,0,Own,Car,0
1567,69,69100.0,,592,13900.0,24,6,0.388,0,Rent,Debt consolidation,0
1568,49,116000.0,14.4,698,61900.0,48,2,0.099,0,Mortgage,Business,0
1569,66,53400.0,23.6,689,43200.0,60,4,0.438,0,Mortgage,Business,0
1570,70,46300.0,20.2,747,17300.0,60,6,0.424,0,Mortgage,Debt consolidation,0
1571,22,104200.0,0.4,737,87500.0,36,3,0.094,0,Rent,Debt consolidation,0
1572,37,79500.0,7.8,661,51800.0,60,3,0.135,0,Mortgage,Medical,0
1573,56,41800.0,13.3,632,12800.0,48,3,0.226,0,Mortgage,Debt consolidation,0
1574,61,49100.0,15.5,670,6400.0,48,1,0.447,0,Own,Medical,0
1575,25,54100.0,4.0,699,40200.0,12,2,0.494,0,Mortgage,Car,0
1576,34,58700.0,7.0,709,25800.0,36,2,0.054,0,Mortgage,Debt consolidation,0
1577,47,24900.0,18.0,694,2800.0,12,4,0.295,0,Rent,Debt consolidation,0
1578,60,22700.0,18.1,663,3100.0,12,4,0.371,0,Rent,Business,0
1579,23,31500.0,5.0,750,27500.0,36,4,0.11,2,Own,Education,0
1580,49,30300.0,9.2,616,7800.0,12,4,0.341,1,Mortgage,Education,0
1581,33,35500.0,7.6,850,30900.0,60,3,0.38,0,Mortgage,Education,0
1582,29,67300.0,2.2,731,42300.0,36,4,0.124,2,Own,Car,0
1583,45,45100.0,12.0,580,13800.0,48,6,0.46,2,Rent,Medical,1
1584,39,54100.0,10.5,685,20400.0,24,8,0.367,0,Mortgage,Education,0
1585,51,26600.0,13.3,732,18900.0,60,3,0.318,0,Rent,Home improvement,0
1586,34,38900.0,,642,16300.0,36,2,0.212,0,Rent,Debt consolidation,0
1587,61,65800.0,21.5,550,7500.0,36,3,0.198,0,Rent,Business,0
1588,22,66000.0,4.0,587,16200.0,36,2,0.233,0,Mortgage,Debt consolidation,1
1589,63,34100.0,20.3,713,26600.0,36,8,0.322,0,Mortgage,Debt consolidation,1
1590,19,53100.0,1.0,530,34100.0,36,8,0.49,0,Rent,Debt consolidation,1
1591,57,147200.0,11.3,554,70000.0,48,5,0.054,0,Rent,Car,0
1592,36,48600.0,11.3,713,12600.0,60,4,0.276,0,Mortgage,Education,0
1593,38,34700.0,5.0,652,15700.0,36,2,0.099,0,Rent,Medical,0
1594,19,44900.0,0.0,614,32400.0,60,2,0.372,0,Mortgage,Debt consolidation,0
1595,55,51300.0,16.5,630,6100.0,36,5,0.223,0,Rent,Education,0
1596,26,45500.0,6.9,552,40700.0,24,7,0.097,0,Mortgage,Business,1
1597,52,48300.0,10.1,709,37700.0,36,5,0.418,0,Mortgage,Car,0
1598,56,23800.0,13.7,605,7600.0,36,7,0.263,0,Own,Education,0
1599,62,30300.0,17.9,627,23900.0,36,1,0.661,0,Rent,Debt consolidation,1
1600,55,45500.0,14.2,698,28600.0,60,4,0.275,0,Mortgage,Business,0
1601,33,,8.6,649,27800.0,36,3,0.235,0,Rent,Home improvement,0
1602,57,36900.0,25.9,614,6200.0,60,7,0.137,0,Rent,Debt consolidation,0
1603,61,44900.0,18.5,511,36800.0,12,3,0.072,0,Rent,Medical,0
1604,34,50500.0,4.2,699,21900.0,36,4,0.025,0,Own,Education,0
1605,24,76500.0,0.0,676,56100.0,12,6,0.052,0,Mortgage,Education,0
1606,65,46600.0,17.8,629,14200.0,36,3,0.342,0,Rent,Medical,0
1607,25,59800.0,0.0,587,18600.0,36,5,0.428,0,Mortgage,Car,0
1608,49,37400.0,13.8,671,32500.0,48,4,0.087,0,Rent,Business,0
1609,30,65300.0,6.2,708,30800.0,48,5,0.089,0,Mortgage,Medical,0
1610,24,59200.0,1.0,678,6000.0,24,2,0.297,0,Own,Home improvement,0
1611,59,75600.0,22.4,801,57500.0,24,5,0.274,0,Own,Car,0
1612,25,70000.0,0.6,726,17000.0,36,9,0.284,0,Mortgage,Business,0
1613,53,65800.0,13.6,661,52400.0,24,2,0.243,0,Rent,Car,0
1614,54,46700.0,16.3,729,38700.0,48,2,0.242,0,Rent,Car,0
1615,21,55400.0,3.0,674,6200.0,36,5,0.379,0,Rent,Home improvement,0
1616,27,83400.0,7.4,674,45500.0,60,1,0.4,0,Rent,Car,0
1617,60,35400.0,18.1,774,31300.0,60,6,0.62,0,Rent,Education,0
1618,44,35800.0,13.6,598,30100.0,36,6,0.158,0,Mortgage,Medical,0
1619,24,53700.0,0.4,672,26700.0,60,5,0.061,0,Rent,Business,0
1620,70,60300.0,23.6,765,37900.0,48,3,0.029,0,Mortgage,Car,0
1621,32,32500.0,8.3,695,18300.0,24,8,0.168,0,Mortgage,Business,0
1622,18,47200.0,0.0,640,10500.0,60,1,0.075,0,Mortgage,Business,0
1623,66,46800.0,14.2,534,28300.0,36,0,0.2,0,Own,Car,0
1624,18,16200.0,0.0,488,5400.0,48,1,0.131,0,Mortgage,Car,1
1625,47,43900.0,14.1,836,14800.0,48,7,0.567,0,Rent,Business,0
1626,70,45300.0,12.8,695,18400.0,60,2,0.668,0,Mortgage,Medical,0
1627,48,45200.0,13.5,623,35000.0,48,5,0.213,0,Mortgage,Debt consolidation,1
1628,48,99500.0,15.2,698,25100.0,60,5,0.265,0,Rent,Education,0
1629,38,26700.0,6.3,594,7000.0,36,2,0.062,0,Mortgage,Car,0
1630,24,32500.0,1.1,644,1800.0,60,3,0.217,0,Rent,Debt consolidation,0
1631,48,13300.0,8.8,595,2400.0,48,2,0.564,0,Rent,Car,1
1632,65,38500.0,17.2,557,34000.0,48,5,0.345,0,Own,Business,0
1633,22,40200.0,,502,16800.0,60,7,0.328,0,Own,Debt consolidation,1
1634,64,38000.0,16.4,542,8200.0,24,4,0.278,0,Mortgage,Car,0
1635,39,85300.0,6.2,752,74300.0,36,5,0.249,0,Rent,Home improvement,0
1636,46,75400.0,10.4,591,5500.0,60,2,0.772,0,Rent,Education,0
1637,26,51000.0,2.4,713,23500.0,60,4,0.437,0,Mortgage,Education,0
1638,50,40700.0,18.4,747,29900.0,48,3,0.55,0,Rent,Debt consolidation,0
1639,27,81900.0,2.4,671,57900.0,36,5,0.257,0,Mortgage,Business,1
1640,32,48500.0,6.6,646,10200.0,24,6,0.338,0,Rent,Education,1
1641,56,32600.0,13.5,681,21200.0,36,2,0.136,0,Own,Car,0
1642,20,20800.0,0.0,637,12000.0,36,4,0.342,0,Rent,Medical,0
1643,41,39300.0,4.1,766,24500.0,60,3,0.178,0,Rent,Home improvement,0
1644,49,71500.0,,820,19700.0,36,6,0.484,0,Rent,Car,0
1645,24,153000.0,0.0,786,113100.0,36,2,0.423,0,Rent,Car,0
1646,33,50600.0,6.6,498,26600.0,36,7,0.203,0,Rent,Education,0
1647,36,33400.0,10.4,635,22300.0,60,3,0.163,0,Mortgage,Car,0
1648,53,27100.0,8.6,670,23000.0,36,4,0.248,0,Own,Education,1
1649,69,,18.8,707,50200.0,24,3,0.352,0,Mortgage,Debt consolidation,0
1650,62,20300.0,13.5,532,14500.0,36,0,0.029,0,Mortgage,Education,0
1651,28,64500.0,3.2,531,19100.0,36,4,0.095,0,Own,Education,0
1652,18,73800.0,0.0,775,7100.0,36,6,0.29,0,Rent,Education,0
1653,20,61000.0,0.0,625,32800.0,48,3,0.195,0,Mortgage,Debt consolidation,0
1654,49,43900.0,12.3,551,3500.0,24,8,0.537,0,Rent,Debt consolidation,1
1655,26,65000.0,7.6,582,42700.0,36,0,0.388,0,Mortgage,Home improvement,0
1656,30,53400.0,6.2,701,36100.0,36,7,0.249,0,Mortgage,Medical,0
1657,62,33200.0,15.3,604,17500.0,36,1,0.249,0,Mortgage,Debt consolidation,0
1658,64,123600.0,18.9,689,23800.0,36,6,0.228,2,Rent,Debt consolidation,1
1659,62,41100.0,15.1,592,32600.0,48,4,0.035,0,Rent,Debt consolidation,0
1660,31,72200.0,6.5,530,40200.0,24,5,0.099,0,Own,Home improvement,1
1661,50,14600.0,14.3,784,7100.0,24,4,0.126,0,Own,Debt consolidation,0
1662,50,92800.0,8.7,702,49400.0,48,4,0.372,0,Mortgage,Home improvement,0
1663,27,102200.0,4.1,643,12300.0,60,3,0.126,0,Rent,Education,0
1664,47,49800.0,11.2,628,33800.0,12,8,0.147,0,Rent,Medical,0
1665,45,64800.0,12.4,787,6600.0,12,1,0.153,1,Rent,Education,0
1666,38,64800.0,10.5,717,35100.0,60,5,0.062,0,Mortgage,Business,0
1667,57,35500.0,17.0,762,6900.0,24,2,0.187,0,Rent,Business,0
1668,53,64400.0,13.1,623,14600.0,60,3,0.437,0,Rent,Education,0
1669,46,32700.0,14.0,674,8100.0,60,7,0.084,0,Mortgage,Education,0
1670,56,36200.0,12.6,702,2300.0,24,3,0.195,1,Rent,Debt consolidation,0
1671,58,86100.0,12.0,626,69600.0,24,6,0.152,0,Rent,Debt consolidation,0
1672,48,79800.0,2.4,662,58500.0,60,3,0.347,0,Rent,Education,0
1673,32,34400.0,,623,2600.0,24,3,0.339,0,Mortgage,Debt consolidation,0
1674,58,34000.0,13.5,702,3300.0,36,4,0.342,0,Rent,Home improvement,0
1675,56,35500.0,16.4,564,25400.0,24,5,0.407,1,Mortgage,Business,1
1676,70,70700.0,14.9,716,3900.0,36,4,0.373,0,Rent,Business,0
1677,25,29700.0,0.9,695,13300.0,60,7,0.289,0,Rent,Debt consolidation,0
1678,40,58600.0,10.2,654,8300.0,48,3,0.288,1,Mortgage,Debt consolidation,0
1679,66,71200.0,16.1,706,39400.0,12,3,0.241,0,Rent,Car,0
1680,45,46900.0,12.0,641,42100.0,36,8,0.535,0,Mortgage,Home improvement,1
1681,67,81200.0,17.9,616,15900.0,48,1,0.417,0,Rent,Debt consolidation,0
1682,18,42100.0,0.0,713,36300.0,24,4,0.094,0,Mortgage,Business,0
1683,19,44000.0,1.0,717,34600.0,48,4,0.18,1,Rent,Car,0
1684,60,30100.0,19.7,629,26700.0,36,3,0.03,1,Rent,Business,0
1685,36,81500.0,7.5,623,57200.0,12,6,0.254,0,Mortgage,Business,1
1686,45,33400.0,8.4,655,26000.0,60,5,0.353,0,Own,Car,0
1687,40,58400.0,7.4,626,32400.0,36,2,0.109,0,Rent,Debt consolidation,0
1688,39,47300.0,10.3,792,37200.0,24,6,0.221,0,Mortgage,Education,0
1689,67,29000.0,16.5,695,4200.0,12,5,0.423,0,Rent,Debt consolidation,0
1690,22,36200.0,1.1,671,24600.0,36,3,0.567,0,Mortgage,Business,0
1691,58,97900.0,14.8,595,57200.0,36,4,0.247,0,Own,Education,0
1692,65,54200.0,18.5,729,5500.0,24,7,0.056,1,Rent,Car,0
1693,52,29600.0,10.6,621,8800.0,48,4,0.065,0,Own,Education,0
1694,38,,2.4,618,13300.0,36,3,0.23,0,Own,Education,0
1695,26,45600.0,4.8,732,18000.0,24,3,0.208,0,Own,Education,0
1696,54,275700.0,17.3,701,60300.0,48,0,0.292,0,Rent,Debt consolidation,0
1697,42,56500.0,4.2,470,16000.0,48,5,0.257,0,Mortgage,Education,1
1698,25,40500.0,3.9,657,12200.0,36,4,0.307,0,Rent,Debt consolidation,0
1699,37,99700.0,10.8,680,55800.0,60,6,0.293,0,Rent,Business,0
1700,68,19500.0,21.8,643,3200.0,24,1,0.282,0,Mortgage,Debt consolidation,1
1701,32,51400.0,4.3,683,13100.0,12,6,0.257,1,Mortgage,Debt consolidation,0
1702,27,132900.0,0.8,525,42500.0,12,4,0.311,0,Mortgage,Medical,0
1703,54,46300.0,14.6,444,20000.0,36,11,0.184,0,Rent,Home improvement,1
1704,28,20600.0,4.7,592,1700.0,36,6,0.725,1,Rent,Business,0
1705,66,40200.0,19.5,693,36200.0,12,2,0.185,0,Rent,Business,0
1706,63,101400.0,17.5,412,31000.0,36,7,0.352,0,Mortgage,Education,0
1707,70,59200.0,17.6,603,17400.0,60,4,0.324,1,Own,Debt consolidation,0
1708,66,32200.0,20.5,516,16800.0,48,2,0.423,0,Rent,Medical,0
1709,30,34800.0,6.2,651,27000.0,48,3,0.504,1,Rent,Home improvement,1
1710,29,37100.0,5.0,827,16300.0,48,2,0.442,0,Rent,Debt consolidation,0
1711,36,58700.0,7.5,653,15400.0,48,0,0.262,0,Mortgage,Business,0
1712,42,95700.0,14.6,661,50800.0,36,4,0.28,0,Rent,Medical,0
1713,64,83000.0,16.5,737,38200.0,36,5,0.242,0,Mortgage,Medical,0
1714,56,61600.0,19.0,672,25200.0,36,5,0.447,0,Mortgage,Medical,0
1715,52,25200.0,11.4,653,22300.0,12,4,0.27,0,Mortgage,Debt consolidation,0
1716,64,25200.0,21.7,744,22600.0,36,5,0.399,0,Mortgage,Medical,0
1717,52,64000.0,17.3,708,33800.0,36,2,0.385,0,Mortgage,Debt consolidation,0
1718,38,25000.0,7.1,693,2700.0,24,2,0.314,0,Rent,Home improvement,0
1719,39,43800.0,13.4,659,23300.0,24,5,0.152,0,Mortgage,Debt consolidation,0
1720,45,57100.0,12.2,642,49100.0,48,4,0.401,0,Mortgage,Debt consolidation,1
1721,22,,0.0,743,23300.0,24,5,0.062,0,Rent,Education,0
1722,57,29400.0,14.5,643,6900.0,36,4,0.03,0,Rent,Business,0
1723,52,46800.0,17.0,769,9900.0,24,2,0.574,0,Mortgage,Business,0
1724,56,63100.0,18.0,586,11300.0,24,3,0.088,0,Own,Debt consolidation,0
1725,46,83300.0,8.0,785,62200.0,48,3,0.063,2,Rent,Education,0
1726,59,66400.0,16.0,708,31000.0,12,4,0.057,0,Rent,Education,0
1727,68,50900.0,20.6,593,17200.0,24,1,0.158,1,Rent,Home improvement,0
1728,48,33800.0,10.5,711,11000.0,60,3,0.219,0,Rent,Debt consolidation,0
1729,41,28700.0,16.3,618,8200.0,36,7,0.382,1,Mortgage,Debt consolidation,1
1730,23,38000.0,2.7,673,30400.0,36,3,0.297,0,Rent,Debt consolidation,0
1731,59,60200.0,16.2,631,24000.0,36,6,0.296,0,Rent,Education,0
1732,65,58000.0,22.4,659,14900.0,24,3,0.312,1,Own,Debt consolidation,0
1733,55,17200.0,13.7,745,11200.0,36,4,0.158,0,Rent,Car,0
1734,63,33100.0,21.0,711,19500.0,36,6,0.118,0,Rent,Business,0
1735,63,89500.0,13.0,580,58900.0,24,8,0.344,0,Rent,Debt consolidation,1
1736,60,51000.0,,585,38200.0,24,1,0.251,0,Mortgage,Debt consolidation,0
1737,44,24100.0,13.5,692,3300.0,36,5,0.135,0,Own,Debt consolidation,0
1738,23,159200.0,5.0,697,8200.0,24,4,0.286,0,Mortgage,Car,0
1739,18,48300.0,0.0,616,4500.0,24,6,0.047,0,Mortgage,Debt consolidation,0
1740,28,59400.0,1.3,797,38700.0,36,4,0.16,0,Mortgage,Car,0
1741,40,59900.0,10.5,735,50600.0,36,3,0.288,0,Rent,Car,0
1742,57,40800.0,13.7,620,13500.0,36,4,0.321,0,Own,Debt consolidation,0
1743,42,34100.0,8.8,612,24300.0,12,2,0.063,0,Own,Car,0
1744,19,141600.0,1.0,652,94800.0,48,6,0.267,0,Mortgage,Home improvement,0
1745,29,,2.8,643,71400.0,60,3,0.669,0,Own,Home improvement,0
1746,69,73900.0,14.5,770,33300.0,36,2,0.264,0,Mortgage,Car,0
1747,70,65400.0,16.9,749,12500.0,60,3,0.41,0,Mortgage,Education,0
1748,37,29700.0,7.6,673,20800.0,36,3,0.331,0,Mortgage,Business,1
1749,60,92900.0,11.2,724,69300.0,12,4,0.068,1,Rent,Home improvement,0
1750,56,32200.0,14.3,736,21000.0,36,6,0.59,0,Mortgage,Education,0
1751,67,56500.0,15.4,675,44300.0,36,4,0.173,0,Rent,Medical,0
1752,65,21600.0,23.7,702,7900.0,60,2,0.492,0,Own,Debt consolidation,0
1753,51,17700.0,19.7,718,11300.0,36,5,0.427,1,Rent,Car,0
1754,38,57500.0,4.8,709,15800.0,36,9,0.258,0,Mortgage,Medical,0
1755,51,32700.0,14.0,608,14000.0,60,3,0.346,0,Rent,Debt consolidation,0
1756,34,18100.0,3.5,616,4600.0,24,7,0.191,0,Mortgage,Business,0
1757,36,64200.0,6.3,647,11600.0,36,3,0.35,0,Mortgage,Debt consolidation,0
1758,50,141500.0,18.2,613,11400.0,36,7,0.419,0,Mortgage,Medical,0
1759,48,98200.0,10.6,552,61000.0,60,6,0.313,0,Own,Medical,1
1760,48,43100.0,11.1,724,34200.0,24,5,0.387,0,Mortgage,Debt consolidation,0
1761,38,49200.0,5.2,698,15600.0,48,0,0.267,0,Mortgage,Home improvement,0
1762,39,76400.0,11.8,563,31700.0,36,5,0.158,1,Rent,Business,1
1763,18,85900.0,0.0,651,4600.0,60,7,0.558,1,Own,Business,0
1764,49,41300.0,11.1,655,16600.0,60,4,0.092,0,Mortgage,Debt consolidation,0
1765,48,49900.0,11.9,685,14400.0,48,7,0.312,0,Rent,Home improvement,1
1766,67,57000.0,17.6,583,30700.0,24,4,0.064,1,Own,Education,1
1767,44,64700.0,13.0,562,53200.0,36,8,0.738,0,Mortgage,Business,1
1768,42,45900.0,13.2,712,22000.0,60,4,0.02,0,Mortgage,Home improvement,0
1769,21,46200.0,0.0,547,28800.0,36,3,0.099,0,Rent,Home improvement,1
1770,28,97700.0,10.0,651,63500.0,60,4,0.066,0,Rent,Debt consolidation,0
1771,35,89700.0,2.5,644,16100.0,48,4,0.444,0,Mortgage,Car,0
1772,37,62200.0,11.5,660,21400.0,36,7,0.168,0,Rent,Debt consolidation,0
1773,37,115800.0,8.0,690,16900.0,24,4,0.117,0,Mortgage,Education,0
1774,38,40400.0,6.5,798,17200.0,36,3,0.062,0,Mortgage,Debt consolidation,0
1775,58,110400.0,14.8,542,88800.0,48,3,0.276,0,Rent,Debt consolidation,1
1776,24,64300.0,2.3,740,29500.0,36,4,0.566,1,Rent,Business,0
1777,35,251600.0,7.4,469,110100.0,12,2,0.26,0,Mortgage,Debt consolidation,0
1778,26,27000.0,0.4,781,6200.0,48,5,0.457,0,Mortgage,Education,0
1779,34,34700.0,5.7,507,10900.0,12,1,0.063,0,Rent,Business,1
1780,54,60400.0,,850,51100.0,36,3,0.206,0,Mortgage,Car,0
1781,20,59800.0,,639,18400.0,36,4,0.477,0,Mortgage,Home improvement,0
1782,35,130000.0,4.3,773,87300.0,36,6,0.466,0,Rent,Debt consolidation,0
1783,19,35100.0,0.0,757,3000.0,24,1,0.325,0,Rent,Education,0
1784,68,77100.0,18.7,635,12300.0,48,6,0.364,0,Rent,Debt consolidation,0
1785,56,87700.0,16.5,641,27600.0,60,7,0.163,0,Rent,Education,0
1786,30,69700.0,5.2,603,56900.0,48,10,0.185,0,Rent,Education,0
1787,28,30300.0,9.9,733,7200.0,60,4,0.596,1,Own,Education,0
1788,23,99100.0,0.0,636,66200.0,24,6,0.241,0,Mortgage,Medical,0
1789,43,90600.0,11.4,604,17400.0,24,5,0.293,0,Rent,Home improvement,0
1790,57,,15.6,713,37800.0,12,4,0.25,0,Rent,Medical,1
1791,48,54300.0,14.4,598,29800.0,48,6,0.033,0,Rent,Medical,0
1792,64,54900.0,20.5,644,31800.0,24,4,0.286,0,Rent,Home improvement,1
1793,36,47100.0,6.7,679,13800.0,60,2,0.114,1,Own,Home improvement,0
1794,32,67500.0,6.1,619,12700.0,36,2,0.378,0,Mortgage,Debt consolidation,0
1795,43,49800.0,7.8,631,40000.0,60,2,0.341,0,Own,Medical,0
1796,28,32100.0,5.8,793,17100.0,36,1,0.048,0,Rent,Business,0
1797,69,29000.0,14.8,654,6700.0,48,6,0.297,0,Rent,Debt consolidation,0
1798,27,33700.0,5.9,641,13500.0,36,3,0.205,0,Own,Debt consolidation,1
1799,43,54800.0,9.9,656,5900.0,36,4,0.435,2,Mortgage,Medical,0
1800,45,48400.0,9.3,706,22000.0,48,3,0.4,2,Mortgage,Debt consolidation,1
1801,21,,0.5,587,22400.0,24,3,0.333,0,Rent,Medical,0
1802,42,63000.0,9.1,704,10300.0,60,5,0.084,1,Rent,Debt consolidation,0
1803,42,35800.0,13.5,690,15300.0,48,2,0.273,0,Rent,Education,0
1804,31,102000.0,13.0,527,60500.0,48,2,0.274,0,Rent,Debt consolidation,1
1805,24,42900.0,6.0,814,36000.0,24,7,0.31,0,Mortgage,Debt consolidation,1
1806,20,39500.0,0.0,787,25600.0,12,4,0.149,0,Mortgage,Education,0
1807,18,62400.0,0.0,606,29800.0,12,6,0.055,0,Own,Car,0
1808,43,19600.0,12.0,580,13800.0,36,2,0.401,0,Rent,Education,0
1809,22,33000.0,0.0,688,9500.0,24,2,0.257,0,Rent,Debt consolidation,0
1810,68,80100.0,16.2,556,49500.0,60,6,0.33,0,Own,Education,0
1811,30,20600.0,4.6,779,1100.0,60,3,0.448,0,Rent,Debt consolidation,0
1812,52,85700.0,16.0,633,9600.0,12,5,0.015,0,Rent,Education,0
1813,53,104400.0,9.2,800,60600.0,48,9,0.323,0,Rent,Debt consolidation,0
1814,44,40800.0,8.2,604,8700.0,24,4,0.335,0,Rent,Medical,0
1815,64,56700.0,20.1,661,36000.0,36,3,0.324,0,Rent,Car,0
1816,23,85800.0,2.1,771,50700.0,24,2,0.159,0,Rent,Business,0
1817,30,38800.0,9.0,644,4000.0,60,4,0.229,0,Mortgage,Home improvement,0
1818,31,75700.0,1.0,692,29000.0,60,4,0.333,0,Mortgage,Medical,1
1819,25,35000.0,7.0,757,20000.0,12,6,0.209,0,Rent,Home improvement,0
1820,33,38600.0,1.4,626,25300.0,24,6,0.447,0,Rent,Home improvement,1
1821,34,32900.0,0.3,569,24500.0,36,4,0.081,0,Mortgage,Debt consolidation,1
1822,58,58200.0,,553,19300.0,36,2,0.171,0,Mortgage,Car,0
1823,33,87500.0,2.6,717,66600.0,12,2,0.172,0,Mortgage,Debt consolidation,0
1824,64,44700.0,18.3,701,15700.0,60,8,0.267,0,Rent,Car,0
1825,58,26000.0,15.8,755,1500.0,60,4,0.242,0,Mortgage,Business,0
1826,65,28500.0,18.2,648,16200.0,36,1,0.364,2,Mortgage,Medical,0
1827,23,59700.0,0.0,556,15200.0,60,4,0.14,1,Rent,Education,1
1828,70,123300.0,22.1,482,19200.0,48,5,0.291,2,Own,Debt consolidation,1
1829,50,59700.0,11.8,850,16100.0,36,5,0.248,0,Own,Education,0
1830,70,40400.0,24.1,712,30500.0,60,3,0.099,0,Rent,Medical,0
1831,36,71900.0,6.7,681,59500.0,36,2,0.102,0,Mortgage,Education,0
1832,68,43500.0,17.1,692,37700.0,36,6,0.449,0,Rent,Debt consolidation,0
1833,49,40600.0,7.3,555,12500.0,24,4,0.425,0,Mortgage,Education,0
1834,21,30400.0,0.7,606,13300.0,48,4,0.11,0,Rent,Debt consolidation,0
1835,39,99100.0,4.6,809,72600.0,24,3,0.56,0,Rent,Business,0
1836,25,13800.0,0.0,723,4400.0,24,3,0.411,0,Mortgage,Business,0
1837,67,73100.0,21.2,609,27600.0,36,0,0.183,0,Rent,Debt consolidation,0
1838,34,38900.0,1.1,572,9800.0,36,5,0.173,0,Own,Debt consolidation,1
1839,29,39900.0,8.6,629,21400.0,24,0,0.313,0,Mortgage,Medical,0
1840,47,114300.0,12.1,645,69800.0,24,12,0.246,1,Mortgage,Debt consolidation,0
1841,40,34300.0,8.7,834,11000.0,60,7,0.284,0,Rent,Education,0
1842,23,34900.0,0.0,655,2500.0,36,1,0.081,0,Rent,Education,0
1843,61,45900.0,19.5,575,31000.0,36,7,0.395,0,Mortgage,Business,1
1844,62,60300.0,17.6,665,34600.0,60,2,0.208,0,Rent,Debt consolidation,0
1845,57,39300.0,13.5,691,9300.0,60,2,0.374,0,Mortgage,Education,0
1846,50,22300.0,13.4,568,7100.0,24,1,0.521,2,Mortgage,Medical,1
1847,39,31800.0,3.4,702,27500.0,36,6,0.475,0,Own,Business,1
1848,46,93000.0,6.3,767,54500.0,36,4,0.02,0,Mortgage,Home improvement,0
1849,45,50900.0,7.4,681,28300.0,36,3,0.398,0,Mortgage,Debt consolidation,0
1850,26,,4.2,606,36500.0,48,4,0.477,0,Mortgage,Education,0
1851,22,43000.0,1.6,628,37000.0,12,5,0.206,0,Mortgage,Business,0
1852,31,35300.0,8.3,537,12000.0,36,6,0.411,0,Mortgage,Medical,1
1853,42,113400.0,6.8,659,32700.0,24,4,0.387,0,Mortgage,Medical,0
1854,26,44600.0,4.9,695,16500.0,36,3,0.164,0,Own,Home improvement,0
1855,23,39300.0,1.7,598,28700.0,24,1,0.502,0,Mortgage,Business,1
1856,63,84800.0,15.2,825,13000.0,60,0,0.306,0,Own,Education,0
1857,37,34200.0,8.8,733,7700.0,36,9,0.135,0,Mortgage,Debt consolidation,0
1858,48,36400.0,11.8,527,8900.0,24,6,0.071,0,Rent,Debt consolidation,0
1859,45,49300.0,8.9,528,29100.0,48,5,0.502,0,Own,Business,1
1860,56,49000.0,15.3,591,29200.0,12,4,0.373,1,Rent,Business,1
1861,57,55800.0,15.2,796,20400.0,36,6,0.357,0,Rent,Business,0
1862,33,139500.0,5.5,741,39700.0,36,3,0.286,0,Rent,Home improvement,0
1863,62,58000.0,16.4,800,40100.0,12,3,0.34,0,Mortgage,Education,0
1864,37,14900.0,3.7,671,1100.0,24,7,0.238,0,Mortgage,Debt consolidation,0
1865,62,57700.0,17.8,653,39100.0,12,3,0.097,0,Mortgage,Business,0
1866,39,50000.0,6.0,570,11400.0,48,6,0.234,0,Mortgage,Home improvement,1
1867,23,50100.0,,698,40900.0,48,3,0.127,0,Mortgage,Home improvement,0
1868,58,55400.0,15.3,654,22300.0,12,6,0.095,0,Rent,Home improvement,0
1869,19,,1.0,651,28800.0,24,4,0.312,0,Mortgage,Debt consolidation,0
1870,58,47700.0,16.6,799,7300.0,60,5,0.531,0,Mortgage,Home improvement,0
1871,20,66600.0,0.0,660,17700.0,24,6,0.483,0,Own,Education,0
1872,28,37400.0,2.3,776,24100.0,36,4,0.392,0,Rent,Debt consolidation,0
1873,49,30500.0,14.3,543,15800.0,48,3,0.256,0,Rent,Home improvement,0
1874,67,222300.0,12.4,850,156700.0,12,4,0.337,0,Rent,Car,0
1875,39,34300.0,10.8,640,18100.0,60,0,0.102,0,Rent,Education,0
1876,24,51500.0,0.0,727,27500.0,12,2,0.241,0,Mortgage,Home improvement,0
1877,30,23200.0,0.6,739,18100.0,60,2,0.615,0,Mortgage,Education,0
1878,65,52000.0,17.3,630,21400.0,36,5,0.383,0,Mortgage,Home improvement,0
1879,56,30700.0,21.7,736,24900.0,24,2,0.229,0,Mortgage,Debt consolidation,0
1880,23,39300.0,5.0,740,14400.0,36,3,0.15,0,Mortgage,Medical,0
1881,38,82700.0,10.1,613,27200.0,60,3,0.18,0,Mortgage,Medical,0
1882,32,62100.0,6.7,614,44200.0,36,1,0.331,2,Rent,Business,1
1883,27,65100.0,0.0,674,3900.0,12,4,0.346,0,Own,Debt consolidation,0
1884,62,20200.0,18.1,661,4000.0,60,8,0.262,0,Mortgage,Education,0
1885,50,,11.2,781,13600.0,24,12,0.343,0,Own,Education,0
1886,27,27000.0,1.1,726,13100.0,12,5,0.143,0,Rent,Business,0
1887,52,105300.0,14.1,664,61500.0,12,8,0.303,0,Mortgage,Business,0
1888,39,81700.0,7.0,718,4800.0,60,6,0.253,0,Mortgage,Home improvement,0
1889,21,65400.0,3.0,506,12200.0,24,4,0.027,0,Mortgage,Medical,0
1890,41,32000.0,3.4,621,9800.0,24,5,0.254,1,Rent,Business,1
1891,27,52900.0,,693,15900.0,60,1,0.398,0,Own,Business,0
1892,30,38700.0,2.2,759,5100.0,36,2,0.556,0,Rent,Business,1
1893,64,49700.0,17.2,686,9800.0,24,7,0.313,0,Rent,Medical,0
1894,55,43300.0,15.7,787,33300.0,36,4,0.102,0,Rent,Education,0
1895,25,17700.0,0.0,739,11400.0,24,7,0.129,0,Mortgage,Business,0
1896,63,85900.0,18.5,631,25900.0,36,4,0.227,0,Mortgage,Debt consolidation,0
1897,48,,11.4,659,12900.0,36,6,0.251,1,Own,Education,0
1898,64,38500.0,16.4,703,4500.0,36,5,0.142,0,Rent,Car,0
1899,57,37000.0,14.2,634,12800.0,48,5,0.246,0,Mortgage,Debt consolidation,0
1900,35,58600.0,6.3,793,22800.0,36,5,0.316,2,Mortgage,Home improvement,0
1901,46,31400.0,8.9,581,25700.0,24,6,0.299,0,Rent,Education,0
1902,46,15900.0,11.2,695,10800.0,36,3,0.178,0,Mortgage,Debt consolidation,0
1903,56,60100.0,14.4,729,27500.0,48,2,0.112,1,Rent,Debt consolidation,0
1904,31,63500.0,3.4,645,10500.0,48,3,0.195,0,Mortgage,Car,0
1905,35,44400.0,,627,27000.0,48,4,0.214,0,Mortgage,Debt consolidation,0
1906,30,27600.0,6.0,664,23300.0,60,9,0.051,1,Mortgage,Debt consolidation,0
1907,33,51200.0,4.9,735,6000.0,60,3,0.226,0,Rent,Business,0
1908,26,23600.0,3.6,630,18200.0,60,5,0.236,0,Rent,Medical,1
1909,19,29300.0,0.0,584,6000.0,36,2,0.067,2,Mortgage,Debt consolidation,1
1910,67,33700.0,18.3,762,21800.0,24,2,0.597,0,Mortgage,Home improvement,0
1911,21,74800.0,0.2,702,15400.0,36,4,0.247,2,Rent,Medical,0
1912,65,40900.0,15.1,751,22900.0,24,0,0.272,0,Mortgage,Debt consolidation,0
1913,18,39200.0,,731,9900.0,12,8,0.713,0,Rent,Debt consolidation,1
1914,59,130300.0,14.9,844,66500.0,36,5,0.453,2,Mortgage,Debt consolidation,0
1915,35,58500.0,5.7,759,32800.0,36,2,0.429,0,Mortgage,Car,0
1916,45,58100.0,9.1,612,33500.0,48,3,0.455,0,Rent,Medical,1
1917,32,40700.0,14.0,708,25700.0,36,2,0.077,0,Mortgage,Education,0
1918,44,36400.0,8.4,625,4000.0,12,3,0.23,1,Rent,Car,0
1919,41,16400.0,3.0,634,10600.0,60,5,0.078,0,Mortgage,Debt consolidation,0
1920,46,79600.0,6.4,557,14400.0,36,3,0.264,0,Mortgage,Debt consolidation,0
1921,38,61300.0,10.3,647,38300.0,24,7,0.097,0,Mortgage,Education,0
1922,46,44800.0,15.2,714,7000.0,24,3,0.626,2,Rent,Medical,0
1923,61,45800.0,15.2,665,21000.0,24,3,0.641,0,Mortgage,Debt consolidation,0
1924,41,70800.0,13.0,582,26800.0,60,5,0.301,0,Mortgage,Home improvement,0
1925,37,22500.0,9.8,548,19600.0,24,4,0.186,0,Own,Debt consolidation,0
1926,24,36500.0,1.8,839,21400.0,60,3,0.259,0,Mortgage,Business,0
1927,37,27800.0,6.8,696,3500.0,24,5,0.226,0,Rent,Debt consolidation,0
1928,24,118900.0,2.9,604,76800.0,48,4,0.254,0,Mortgage,Education,0
1929,27,75900.0,6.2,707,16300.0,12,2,0.165,0,Mortgage,Debt consolidation,0
1930,68,16300.0,21.2,845,4800.0,36,3,0.262,1,Own,Home improvement,0
1931,22,23000.0,0.0,720,8500.0,36,0,0.136,0,Rent,Debt consolidation,0
1932,43,45900.0,9.5,447,32600.0,36,5,0.333,0,Rent,Car,1
1933,62,38700.0,23.5,850,33000.0,60,5,0.249,0,Mortgage,Business,0
1934,68,25300.0,20.8,522,21100.0,48,6,0.203,1,Mortgage,Education,0
1935,25,129600.0,5.4,654,25300.0,24,6,0.217,0,Rent,Home improvement,0
1936,26,57300.0,4.8,579,5800.0,48,1,0.226,0,Mortgage,Debt consolidation,0
1937,37,62200.0,8.4,611,46900.0,24,7,0.506,0,Rent,Home improvement,0
1938,47,34700.0,11.9,693,10200.0,60,2,0.532,0,Rent,Debt consolidation,0
1939,68,70300.0,22.7,504,38300.0,36,6,0.242,0,Rent,Education,0
1940,29,40500.0,6.6,663,35700.0,24,1,0.306,2,Rent,Debt consolidation,0
1941,26,42500.0,4.0,762,8900.0,24,3,0.409,0,Own,Education,1
1942,31,66500.0,3.1,603,24500.0,24,4,0.107,0,Own,Medical,0
1943,64,21700.0,19.6,559,17100.0,60,4,0.262,0,Mortgage,Home improvement,1
1944,19,108900.0,0.2,659,65600.0,36,6,0.503,0,Rent,Debt consolidation,0
1945,38,53700.0,7.1,643,45500.0,24,1,0.039,0,Mortgage,Education,0
1946,24,93000.0,6.0,622,54600.0,60,1,0.271,0,Own,Car,0
1947,26,28600.0,0.0,575,8800.0,24,3,0.134,0,Own,Car,0
1948,66,30900.0,22.1,712,22700.0,12,1,0.2,0,Rent,Home improvement,0
1949,18,27400.0,0.0,718,19100.0,48,2,0.303,0,Mortgage,Home improvement,0
1950,35,55600.0,7.2,585,46900.0,12,4,0.127,0,Rent,Debt consolidation,0
1951,66,50700.0,26.9,596,23100.0,60,4,0.229,0,Mortgage,Car,0
1952,50,38900.0,9.9,681,18600.0,36,6,0.125,1,Rent,Debt consolidation,0
1953,21,29500.0,0.0,593,9600.0,24,5,0.179,0,Mortgage,Education,0
1954,42,26000.0,9.5,684,7200.0,36,5,0.124,0,Mortgage,Education,0
1955,69,47800.0,17.9,787,42900.0,24,7,0.258,0,Rent,Debt consolidation,0
1956,39,38800.0,11.1,665,34200.0,36,2,0.348,1,Mortgage,Education,0
1957,46,34800.0,9.6,573,17400.0,36,2,0.22,0,Mortgage,Education,1
1958,46,106200.0,13.2,701,91500.0,48,2,0.041,0,Own,Debt consolidation,0
1959,53,47000.0,10.0,656,16600.0,36,4,0.259,0,Mortgage,Debt consolidation,0
1960,27,92500.0,0.0,658,71500.0,48,3,0.28,0,Rent,Home improvement,1
1961,62,37500.0,,708,22100.0,12,0,0.369,0,Mortgage,Car,1
1962,70,55400.0,16.1,725,36500.0,60,6,0.602,1,Own,Car,1
1963,25,47700.0,7.0,673,31500.0,24,1,0.147,0,Mortgage,Home improvement,0
1964,61,21000.0,,665,12400.0,60,5,0.093,2,Own,Medical,1
1965,61,100100.0,14.1,835,77500.0,36,4,0.282,0,Rent,Medical,0
1966,57,45800.0,16.8,766,17600.0,24,7,0.218,1,Rent,Car,0
1967,37,71200.0,,737,55000.0,36,0,0.034,0,Own,Business,0
1968,42,33700.0,5.0,680,6900.0,60,5,0.179,1,Rent,Debt consolidation,0
1969,62,45100.0,23.7,590,9900.0,60,5,0.201,1,Own,Car,0
1970,26,31800.0,0.2,760,21000.0,48,2,0.224,0,Own,Home improvement,0
1971,61,90900.0,16.6,682,62500.0,36,3,0.297,0,Mortgage,Debt consolidation,0
1972,66,57300.0,18.6,624,46800.0,36,4,0.521,0,Mortgage,Education,0
1973,54,58900.0,16.5,651,16700.0,24,5,0.162,0,Mortgage,Car,0
1974,36,96700.0,8.6,593,9400.0,36,10,0.406,2,Rent,Business,1
1975,47,87400.0,9.1,755,42100.0,24,5,0.252,0,Mortgage,Business,0
1976,20,71900.0,0.0,725,57100.0,60,8,0.315,0,Own,Home improvement,1
1977,67,24100.0,18.9,685,21100.0,48,3,0.025,0,Mortgage,Business,0
1978,36,34600.0,9.4,667,27000.0,36,1,0.054,0,Rent,Debt consolidation,0
1979,21,29700.0,0.0,616,13900.0,48,4,0.312,0,Rent,Debt consolidation,1
1980,60,70500.0,22.9,500,55300.0,36,2,0.272,0,Rent,Car,0
1981,52,53400.0,11.3,557,12400.0,24,5,0.221,0,Rent,Education,1
1982,51,24500.0,13.2,611,20400.0,24,4,0.316,0,Mortgage,Car,1
1983,20,44600.0,0.0,599,23700.0,24,2,0.168,0,Mortgage,Debt consolidation,1
1984,57,23200.0,11.7,693,8800.0,24,5,0.455,0,Own,Business,0
1985,51,47700.0,10.6,735,26000.0,48,2,0.111,0,Rent,Debt consolidation,0
1986,60,21400.0,13.9,660,15300.0,48,8,0.147,0,Mortgage,Debt consolidation,0
1987,61,63900.0,16.0,783,16200.0,36,4,0.13,0,Mortgage,Debt consolidation,0
1988,29,59200.0,1.5,607,8100.0,60,2,0.532,0,Mortgage,Debt consolidation,0
1989,29,127300.0,6.5,659,85700.0,60,6,0.459,0,Rent,Car,1
1990,66,74900.0,16.9,666,64400.0,12,4,0.419,0,Mortgage,Business,1
1991,46,39700.0,8.5,757,23500.0,36,6,0.367,1,Rent,Car,0
1992,41,73800.0,8.0,678,12600.0,60,4,0.191,0,Mortgage,Debt consolidation,0
1993,33,24400.0,9.0,681,14600.0,24,2,0.219,0,Rent,Medical,0
1994,51,30300.0,13.8,538,4500.0,36,4,0.088,0,Rent,Debt consolidation,1
1995,57,,15.3,598,17800.0,60,2,0.055,0,Mortgage,Debt consolidation,0
1996,18,16700.0,0.0,758,1300.0,48,7,0.251,0,Mortgage,Car,0
1997,47,48100.0,8.2,504,22300.0,60,4,0.302,0,Mortgage,Debt consolidation,0
1998,70,29400.0,17.0,777,9500.0,60,5,0.539,0,Mortgage,Medical,0
1999,32,51600.0,9.5,710,6900.0,24,5,0.052,0,Rent,Car,0
2000,32,28600.0,7.2,610,8900.0,48,6,0.244,0,Rent,Debt consolidation,0
2001,64,60600.0,15.8,603,36400.0,60,3,0.098,0,Rent,Car,0
2002,21,49500.0,0.0,822,14600.0,24,4,0.174,0,Rent,Education,0
2003,39,98700.0,5.9,783,16900.0,12,4,0.249,0,Rent,Business,0
2004,42,49200.0,6.9,660,25200.0,24,2,0.293,0,Own,Medical,0
2005,60,33400.0,18.2,681,23100.0,48,3,0.121,0,Rent,Business,0
2006,24,43300.0,1.5,618,32700.0,48,2,0.312,0,Mortgage,Car,0
2007,41,25000.0,15.4,681,11300.0,60,5,0.269,0,Mortgage,Car,0
2008,26,60100.0,7.0,616,39300.0,36,2,0.23,0,Rent,Debt consolidation,1
2009,59,65800.0,20.3,664,49900.0,36,4,0.128,0,Rent,Business,0
2010,51,168500.0,15.2,815,104800.0,12,4,0.142,0,Rent,Home improvement,0
2011,44,35900.0,9.1,662,17900.0,60,4,0.223,0,Rent,Debt consolidation,0
2012,38,42900.0,9.8,586,4300.0,36,3,0.199,0,Own,Home improvement,0
2013,26,,2.2,561,10900.0,48,4,0.214,0,Own,Debt consolidation,0
2014,66,54500.0,24.1,680,17500.0,24,4,0.236,0,Own,Education,0
2015,52,59300.0,14.8,609,22900.0,12,3,0.15,0,Rent,Debt consolidation,0
2016,34,47700.0,7.2,690,40900.0,12,3,0.281,0,Rent,Debt consolidation,0
2017,39,84400.0,8.8,540,19200.0,60,6,0.217,0,Mortgage,Car,1
2018,56,36000.0,20.4,725,18400.0,24,6,0.232,0,Rent,Car,0
2019,56,80300.0,10.9,585,71700.0,60,3,0.149,0,Rent,Business,0
2020,42,64200.0,15.1,674,37000.0,24,2,0.138,0,Mortgage,Car,0
2021,34,48700.0,5.8,643,11100.0,36,1,0.4,0,Rent,Education,0
2022,52,41900.0,9.4,807,36300.0,24,3,0.465,0,Rent,Education,0
2023,52,164900.0,11.3,684,55400.0,12,5,0.115,1,Mortgage,Home improvement,0
2024,49,32600.0,7.4,826,3000.0,36,4,0.141,0,Mortgage,Debt consolidation,0
2025,21,56900.0,3.0,715,23700.0,36,10,0.485,0,Mortgage,Home improvement,0
2026,43,33700.0,6.9,784,8600.0,36,1,0.211,0,Rent,Education,1
2027,50,119700.0,13.3,653,89300.0,36,8,0.384,0,Rent,Education,0
2028,68,76400.0,23.4,698,18100.0,36,2,0.189,0,Rent,Education,0
2029,45,34900.0,8.8,767,26100.0,36,6,0.392,0,Rent,Home improvement,0
2030,36,63300.0,6.4,742,5100.0,48,4,0.189,0,Mortgage,Business,0
2031,47,55800.0,7.7,712,46900.0,12,1,0.278,0,Rent,Car,0
2032,27,37900.0,2.4,644,3300.0,36,9,0.257,2,Rent,Medical,0
2033,22,71600.0,4.0,657,60700.0,12,7,0.515,0,Mortgage,Home improvement,1
2034,53,59600.0,16.3,761,6700.0,12,3,0.475,0,Rent,Debt consolidation,0
2035,70,54600.0,20.0,778,43200.0,12,3,0.228,0,Mortgage,Car,0
2036,62,48000.0,15.8,623,36300.0,36,7,0.103,0,Rent,Debt consolidation,0
2037,48,60800.0,,610,33800.0,12,5,0.581,0,Rent,Debt consolidation,1
2038,20,55000.0,1.2,598,4400.0,60,6,0.053,0,Rent,Debt consolidation,0
2039,70,50500.0,19.5,736,29200.0,48,5,0.303,0,Own,Education,0
2040,41,35600.0,10.8,596,20500.0,12,7,0.194,0,Mortgage,Debt consolidation,0
2041,33,114300.0,,735,59800.0,36,5,0.237,0,Rent,Debt consolidation,0
2042,65,29000.0,15.9,714,17000.0,12,4,0.132,0,Mortgage,Debt consolidation,0
2043,57,60700.0,16.7,626,53000.0,24,3,0.237,0,Own,Education,0
2044,57,41800.0,12.1,795,37500.0,60,6,0.289,0,Rent,Business,0
2045,32,118200.0,7.8,553,58200.0,36,5,0.348,0,Mortgage,Car,0
2046,70,31200.0,20.8,803,4000.0,12,2,0.429,0,Rent,Debt consolidation,0
2047,42,33900.0,4.1,696,5600.0,60,8,0.159,0,Mortgage,Business,0
2048,46,30200.0,11.5,504,20000.0,60,5,0.634,1,Rent,Debt consolidation,1
2049,57,57600.0,10.5,797,51000.0,36,3,0.36,0,Rent,Education,0
2050,52,24700.0,15.7,748,10400.0,48,4,0.17,0,Mortgage,Debt consolidation,1
2051,27,38600.0,2.9,636,5100.0,48,4,0.337,1,Mortgage,Education,0
2052,34,16700.0,12.0,593,5800.0,48,6,0.039,0,Mortgage,Education,0
2053,37,55300.0,10.8,544,20900.0,36,6,0.27,0,Mortgage,Car,0
2054,68,38200.0,16.8,850,34300.0,60,7,0.519,0,Mortgage,Debt consolidation,0
2055,55,23300.0,8.7,596,14800.0,36,2,0.072,0,Mortgage,Medical,0
2056,37,84400.0,5.3,569,12700.0,24,5,0.21,0,Own,Business,1
2057,56,25500.0,11.5,691,8600.0,12,3,0.402,0,Mortgage,Education,0
2058,57,73000.0,21.1,539,6700.0,36,3,0.1,0,Mortgage,Business,0
2059,38,34500.0,8.0,591,20900.0,12,3,0.135,0,Own,Home improvement,1
2060,39,109200.0,11.2,750,67900.0,12,0,0.185,0,Mortgage,Business,0
2061,65,71300.0,17.9,707,7000.0,36,3,0.071,1,Rent,Debt consolidation,0
2062,47,29600.0,11.1,639,9900.0,60,9,0.406,0,Mortgage,Medical,0
2063,25,31000.0,2.7,671,25300.0,24,3,0.139,0,Rent,Home improvement,1
2064,56,66400.0,18.5,635,50000.0,24,3,0.26,0,Rent,Car,0
2065,49,43000.0,13.3,665,23100.0,60,3,0.054,0,Mortgage,Home improvement,0
2066,44,45000.0,7.2,609,20800.0,36,2,0.287,0,Rent,Car,0
2067,56,92600.0,20.1,624,82800.0,48,7,0.101,0,Rent,Debt consolidation,0
2068,66,33700.0,18.3,621,22400.0,36,4,0.595,0,Mortgage,Debt consolidation,0
2069,35,51300.0,5.4,612,44100.0,36,6,0.148,0,Rent,Medical,0
2070,40,79000.0,0.3,754,8800.0,24,5,0.381,0,Mortgage,Car,0
2071,28,73500.0,5.9,732,16900.0,36,1,0.178,0,Rent,Education,0
2072,52,45300.0,13.9,595,3500.0,36,3,0.364,0,Rent,Debt consolidation,0
2073,39,42400.0,,574,33400.0,12,3,0.329,1,Mortgage,Home improvement,0
2074,36,20500.0,6.0,657,13100.0,24,4,0.071,0,Own,Medical,0
2075,54,28900.0,12.7,842,5800.0,36,4,0.125,0,Mortgage,Education,0
2076,39,57500.0,7.3,588,50500.0,48,2,0.124,0,Mortgage,Business,0
2077,42,45800.0,11.0,657,39500.0,36,5,0.161,0,Mortgage,Home improvement,0
2078,41,50900.0,11.1,677,12300.0,48,4,0.23,0,Rent,Debt consolidation,0
2079,31,82400.0,,661,49400.0,48,3,0.279,0,Mortgage,Business,0
2080,24,27100.0,5.2,633,16700.0,12,4,0.374,0,Own,Debt consolidation,0
2081,61,43600.0,17.0,762,2300.0,60,6,0.498,0,Rent,Education,0
2082,22,53900.0,0.1,706,34300.0,60,5,0.248,0,Rent,Car,0
2083,35,34500.0,7.4,738,8200.0,24,2,0.021,0,Rent,Debt consolidation,0
2084,53,100300.0,9.9,717,81900.0,36,0,0.207,0,Rent,Home improvement,0
2085,24,77200.0,3.1,742,58900.0,36,4,0.431,0,Mortgage,Debt consolidation,0
2086,52,56700.0,9.0,797,46500.0,60,4,0.095,1,Rent,Debt consolidation,0
2087,56,120200.0,12.1,776,83400.0,36,3,0.21,0,Rent,Home improvement,0
2088,53,23200.0,7.9,850,4400.0,36,4,0.169,0,Rent,Debt consolidation,0
2089,34,48800.0,5.9,767,17400.0,60,4,0.285,0,Mortgage,Debt consolidation,0
2090,19,58900.0,1.0,616,38400.0,36,1,0.368,0,Rent,Medical,0
2091,65,31000.0,18.4,738,10100.0,24,9,0.294,0,Mortgage,Debt consolidation,0
2092,35,57000.0,8.7,727,37300.0,36,6,0.509,0,Mortgage,Business,0
2093,60,28200.0,23.9,824,9500.0,48,4,0.152,0,Rent,Home improvement,0
2094,28,69200.0,5.2,593,13900.0,36,4,0.319,0,Rent,Home improvement,0
2095,26,83200.0,0.9,715,40800.0,36,2,0.065,0,Mortgage,Education,0
2096,59,56200.0,14.5,616,35600.0,36,4,0.165,0,Rent,Home improvement,0
2097,67,19400.0,19.6,711,9500.0,36,5,0.041,0,Own,Debt consolidation,0
2098,63,30200.0,16.1,653,18000.0,60,7,0.165,0,Rent,Car,0
2099,57,65000.0,13.9,708,27500.0,36,6,0.065,0,Rent,Debt consolidation,0
2100,31,49500.0,8.2,557,35200.0,36,3,0.603,0,Rent,Business,0
2101,66,12700.0,22.3,733,7700.0,48,3,0.302,0,Rent,Medical,0
2102,53,91300.0,9.1,686,49200.0,24,5,0.267,0,Rent,Debt consolidation,0
2103,27,52500.0,1.1,682,22100.0,12,2,0.08,0,Rent,Debt consolidation,0
2104,24,32500.0,1.0,826,16400.0,60,7,0.392,0,Rent,Car,0
2105,64,80600.0,20.2,639,7500.0,48,3,0.288,0,Rent,Debt consolidation,0
2106,32,34900.0,9.0,697,21500.0,36,3,0.461,0,Rent,Home improvement,0
2107,58,34700.0,24.1,678,7800.0,12,2,0.273,0,Rent,Debt consolidation,0
2108,25,58600.0,1.4,686,45800.0,24,3,0.161,0,Mortgage,Home improvement,0
2109,32,119400.0,4.4,848,88400.0,12,4,0.285,0,Rent,Debt consolidation,0
2110,33,110400.0,7.8,675,55100.0,36,5,0.127,0,Mortgage,Car,0
2111,32,58700.0,3.6,625,45200.0,36,3,0.191,0,Mortgage,Home improvement,0
2112,53,61800.0,13.6,820,38300.0,24,3,0.374,0,Own,Medical,0
2113,66,72800.0,18.0,645,12400.0,36,5,0.283,0,Own,Home improvement,0
2114,66,26100.0,11.3,542,17700.0,60,3,0.211,1,Rent,Education,1
2115,57,67600.0,16.0,611,60600.0,60,4,0.2,0,Rent,Business,0
2116,28,34000.0,,570,2900.0,60,5,0.165,0,Mortgage,Business,0
2117,68,57500.0,23.8,526,14800.0,36,4,0.372,0,Own,Car,0
2118,46,43800.0,11.2,641,24400.0,36,4,0.169,0,Mortgage,Home improvement,0
2119,46,63000.0,7.4,664,25400.0,36,4,0.119,0,Mortgage,Education,1
2120,55,52000.0,14.0,764,30800.0,24,2,0.189,0,Mortgage,Medical,0
2121,58,10500.0,9.7,720,5800.0,60,1,0.158,0,Rent,Home improvement,0
2122,68,53600.0,,717,38600.0,48,4,0.337,0,Rent,Debt consolidation,0
2123,48,67600.0,13.9,599,7500.0,36,4,0.518,0,Own,Debt consolidation,0
2124,50,61300.0,12.1,741,26000.0,24,6,0.124,0,Own,Home improvement,0
2125,57,46600.0,18.4,781,36400.0,24,5,0.266,0,Mortgage,Debt consolidation,0
2126,31,111400.0,0.0,702,39900.0,60,5,0.324,0,Rent,Debt consolidation,0
2127,34,57300.0,5.7,704,27400.0,24,2,0.206,0,Rent,Debt consolidation,0
2128,51,61000.0,11.8,569,4200.0,12,8,0.367,0,Rent,Debt consolidation,1
2129,21,82600.0,3.0,754,19900.0,36,2,0.327,0,Rent,Car,0
2130,34,58800.0,8.4,812,26100.0,48,1,0.241,0,Rent,Business,0
2131,56,31300.0,17.1,696,12200.0,24,4,0.36,0,Rent,Home improvement,0
2132,69,14500.0,25.0,622,9500.0,24,11,0.64,1,Rent,Medical,0
2133,45,38600.0,9.7,657,22000.0,48,4,0.212,0,Own,Education,0
2134,39,71700.0,12.4,636,57200.0,60,5,0.215,0,Rent,Debt consolidation,1
2135,41,41100.0,6.1,641,31900.0,36,4,0.173,0,Rent,Business,1
2136,54,73200.0,11.2,722,18700.0,48,3,0.02,0,Rent,Car,0
2137,46,52800.0,13.5,692,3400.0,36,7,0.341,0,Mortgage,Debt consolidation,1
2138,19,93300.0,0.0,750,72400.0,48,4,0.255,0,Mortgage,Car,0
2139,46,42300.0,12.9,700,13900.0,36,6,0.089,0,Mortgage,Home improvement,0
2140,39,61900.0,8.7,601,21400.0,60,6,0.58,0,Mortgage,Education,1
2141,55,63100.0,18.0,630,11700.0,48,4,0.393,1,Rent,Debt consolidation,0
2142,64,103900.0,18.2,625,66400.0,24,2,0.094,1,Mortgage,Debt consolidation,1
2143,69,20900.0,20.6,655,6000.0,24,4,0.358,2,Rent,Home improvement,0
2144,50,39000.0,14.3,814,7800.0,60,8,0.318,0,Mortgage,Car,0
2145,37,74900.0,5.6,826,35800.0,12,0,0.312,0,Own,Business,0
2146,41,106200.0,7.1,737,73100.0,48,4,0.171,0,Rent,Car,0
2147,27,55300.0,5.0,680,15400.0,36,2,0.188,0,Rent,Business,0
2148,67,42300.0,19.5,561,28100.0,12,3,0.122,0,Own,Medical,0
2149,62,71600.0,16.4,688,31700.0,48,2,0.066,0,Own,Debt consolidation,0
2150,63,75700.0,17.8,607,29800.0,36,5,0.141,0,Mortgage,Car,0
2151,35,41000.0,11.6,800,14600.0,60,4,0.373,0,Rent,Medical,0
2152,35,57800.0,5.5,542,10000.0,24,5,0.223,0,Mortgage,Education,0
2153,63,88500.0,16.6,701,29400.0,12,6,0.393,0,Mortgage,Business,0
2154,46,126200.0,6.1,600,100600.0,24,4,0.281,0,Rent,Medical,0
2155,55,71100.0,14.7,669,9700.0,24,7,0.129,0,Mortgage,Debt consolidation,0
2156,43,50100.0,12.0,723,43300.0,48,7,0.316,0,Rent,Debt consolidation,0
2157,41,47700.0,11.7,752,6700.0,36,5,0.22,0,Mortgage,Car,0
2158,51,64800.0,13.5,665,23200.0,24,3,0.142,0,Mortgage,Home improvement,0
2159,61,46300.0,20.1,731,26200.0,60,2,0.251,0,Rent,Debt consolidation,0
2160,35,53900.0,9.0,617,41100.0,24,4,0.254,0,Rent,Business,0
2161,60,28900.0,20.1,690,5000.0,36,1,0.105,0,Mortgage,Home improvement,0
2162,30,93800.0,7.8,750,15900.0,60,6,0.378,0,Mortgage,Medical,0
2163,39,27700.0,13.1,697,16200.0,48,4,0.526,0,Mortgage,Education,0
2164,66,39500.0,18.7,628,11800.0,36,6,0.109,0,Mortgage,Car,0
2165,68,51500.0,16.0,648,30800.0,60,4,0.367,0,Mortgage,Business,0
2166,66,132700.0,21.2,751,99200.0,36,5,0.155,0,Rent,Business,0
2167,34,39700.0,8.7,583,4600.0,12,2,0.231,1,Mortgage,Education,1
2168,62,35100.0,22.3,594,27000.0,12,2,0.243,0,Rent,Debt consolidation,1
2169,67,37200.0,,718,3000.0,60,3,0.131,0,Rent,Debt consolidation,0
2170,69,112400.0,26.2,635,91500.0,24,1,0.321,0,Own,Business,0
2171,19,12000.0,1.0,554,10600.0,60,5,0.61,0,Mortgage,Medical,1
2172,57,29700.0,16.3,778,18300.0,12,3,0.161,0,Rent,Debt consolidation,0
2173,70,192100.0,16.6,582,170300.0,24,4,0.161,0,Rent,Education,1
2174,58,65900.0,16.9,654,49300.0,60,5,0.276,0,Rent,Home improvement,0
2175,30,28200.0,3.1,620,2500.0,60,2,0.2,1,Mortgage,Business,0
2176,58,48000.0,16.6,646,2600.0,12,5,0.183,0,Mortgage,Medical,0
2177,23,50700.0,2.2,599,3400.0,24,3,0.247,0,Mortgage,Home improvement,0
2178,43,74800.0,11.4,727,32500.0,48,10,0.397,0,Mortgage,Business,0
2179,51,123000.0,12.9,679,71300.0,36,5,0.15,0,Mortgage,Home improvement,0
2180,42,59500.0,12.4,749,27300.0,36,6,0.173,0,Mortgage,Education,0
2181,55,37400.0,6.6,621,23400.0,24,5,0.343,0,Mortgage,Business,0
2182,30,72700.0,5.4,841,31400.0,60,5,0.038,0,Mortgage,Debt consolidation,0
2183,50,34600.0,16.4,518,3000.0,24,5,0.127,0,Rent,Debt consolidation,0
2184,52,29200.0,19.2,543,7100.0,24,4,0.089,0,Mortgage,Business,0
2185,51,20300.0,15.4,810,18100.0,36,3,0.139,0,Mortgage,Medical,0
2186,33,22400.0,11.1,708,7700.0,24,7,0.394,0,Mortgage,Business,1
2187,34,31300.0,6.9,697,10200.0,36,4,0.34,0,Mortgage,Debt consolidation,0
2188,31,27200.0,5.2,705,4900.0,36,4,0.325,0,Mortgage,Education,0
2189,42,57300.0,11.2,716,50900.0,36,7,0.341,0,Rent,Home improvement,0
2190,49,26900.0,12.4,694,6600.0,36,1,0.057,1,Mortgage,Car,0
2191,37,10200.0,5.3,593,6100.0,24,5,0.5,0,Mortgage,Business,1
2192,39,29100.0,6.9,735,2500.0,60,4,0.459,0,Own,Education,0
2193,33,38700.0,2.7,723,4100.0,36,3,0.151,0,Rent,Home improvement,0
2194,29,36200.0,6.0,784,23900.0,36,3,0.426,0,Own,Home improvement,0
2195,52,104800.0,13.6,811,61800.0,12,5,0.068,0,Rent,Debt consolidation,0
2196,61,36100.0,16.1,696,22700.0,36,0,0.343,1,Rent,Business,0
2197,33,76200.0,4.3,572,18800.0,48,3,0.211,0,Rent,Education,1
2198,63,48600.0,19.5,812,43100.0,48,3,0.47,0,Rent,Debt consolidation,0
2199,48,48000.0,14.3,589,25200.0,48,5,0.29,0,Mortgage,Home improvement,0
2200,26,32300.0,0.0,697,28200.0,24,5,0.556,0,Mortgage,Medical,0
2201,37,47600.0,3.7,649,9000.0,60,5,0.211,0,Mortgage,Debt consolidation,0
2202,18,33400.0,0.0,636,13200.0,24,5,0.422,0,Own,Medical,1
2203,20,53400.0,0.0,731,17900.0,24,5,0.067,0,Rent,Education,0
2204,35,43600.0,8.4,690,30200.0,36,3,0.239,0,Mortgage,Debt consolidation,0
2205,42,30600.0,14.5,711,21000.0,12,6,0.244,0,Own,Car,0
2206,60,80500.0,21.7,605,37300.0,36,4,0.195,0,Rent,Debt consolidation,0
2207,25,60700.0,5.0,656,3900.0,24,4,0.188,0,Rent,Debt consolidation,0
2208,62,39200.0,19.7,608,7800.0,48,5,0.343,1,Rent,Education,0
2209,30,52700.0,11.6,654,4900.0,48,3,0.38,0,Own,Debt consolidation,0
2210,25,47000.0,0.0,660,36200.0,36,5,0.417,1,Own,Debt consolidation,0
2211,55,31800.0,13.4,818,9400.0,36,4,0.165,0,Mortgage,Business,0
2212,59,50800.0,18.9,649,7600.0,36,3,0.136,0,Rent,Debt consolidation,0
2213,50,35900.0,11.8,500,12600.0,60,6,0.04,0,Mortgage,Car,1
2214,24,30600.0,6.0,782,3500.0,36,7,0.462,0,Own,Medical,0
2215,24,21800.0,,706,19200.0,36,5,0.371,0,Rent,Car,0
2216,38,41000.0,8.4,660,13000.0,24,5,0.122,0,Rent,Business,0
2217,41,65100.0,8.4,635,54900.0,24,7,0.115,1,Rent,Education,0
2218,70,34600.0,19.2,594,21800.0,36,4,0.413,1,Own,Business,0
2219,33,172900.0,4.4,825,91800.0,48,3,0.231,0,Mortgage,Education,0
2220,28,76300.0,4.8,674,34700.0,60,5,0.242,0,Mortgage,Medical,0
2221,68,94100.0,17.7,531,59700.0,60,1,0.274,0,Rent,Debt consolidation,0
2222,26,,6.1,696,46200.0,36,2,0.401,0,Rent,Debt consolidation,0
2223,19,123800.0,1.0,766,7300.0,36,8,0.212,0,Mortgage,Business,0
2224,40,33100.0,12.1,683,27200.0,48,4,0.106,0,Rent,Debt consolidation,0
2225,39,13600.0,5.0,598,4900.0,36,3,0.199,0,Mortgage,Car,0
2226,50,39200.0,7.7,591,13700.0,36,4,0.279,0,Mortgage,Debt consolidation,0
2227,64,64800.0,18.4,597,25600.0,48,3,0.16,0,Rent,Business,1
2228,67,52900.0,28.3,792,33500.0,24,8,0.225,0,Mortgage,Medical,0
2229,33,,9.8,664,20800.0,24,1,0.253,0,Rent,Debt consolidation,0
2230,69,94900.0,18.7,536,34900.0,36,0,0.314,0,Mortgage,Business,0
2231,51,59300.0,14.5,701,6200.0,36,1,0.541,0,Mortgage,Car,0
2232,21,73100.0,3.0,681,29500.0,24,3,0.232,0,Rent,Car,0
2233,67,30600.0,15.5,634,5400.0,24,2,0.089,0,Rent,Debt consolidation,0
2234,25,28300.0,6.9,588,22000.0,24,3,0.546,0,Rent,Debt consolidation,0
2235,49,109900.0,11.9,585,36700.0,60,4,0.092,0,Own,Home improvement,0
2236,59,51600.0,16.1,757,44700.0,60,4,0.399,0,Mortgage,Debt consolidation,0
2237,31,35900.0,5.3,690,22700.0,60,2,0.221,0,Mortgage,Debt consolidation,0
2238,32,35900.0,9.0,708,24900.0,60,3,0.355,0,Own,Home improvement,0
2239,43,35400.0,,690,30300.0,24,4,0.587,0,Mortgage,Debt consolidation,0
2240,64,34400.0,,696,8700.0,12,4,0.175,0,Rent,Debt consolidation,0
2241,29,25800.0,5.4,633,13700.0,36,8,0.183,0,Mortgage,Car,0
2242,53,23200.0,,654,2000.0,36,6,0.197,0,Own,Business,0
2243,41,44500.0,8.3,763,6000.0,48,6,0.609,1,Own,Home improvement,1
2244,23,36400.0,5.0,783,13200.0,24,5,0.286,0,Rent,Debt consolidation,0
2245,55,85300.0,16.5,572,53700.0,60,2,0.104,0,Mortgage,Education,0
2246,62,56800.0,20.7,653,43000.0,36,2,0.231,0,Rent,Education,1
2247,48,56000.0,13.9,737,15000.0,36,7,0.183,0,Rent,Debt consolidation,0
2248,27,33800.0,9.0,821,23200.0,60,5,0.102,0,Rent,Education,0
2249,26,46100.0,1.4,813,11100.0,36,5,0.525,0,Rent,Education,0
2250,40,58700.0,10.0,606,3200.0,48,6,0.396,0,Rent,Business,0
2251,44,70100.0,9.1,772,6700.0,48,8,0.043,0,Rent,Home improvement,0
2252,47,46800.0,14.5,675,25600.0,48,3,0.222,0,Mortgage,Education,0
2253,30,84100.0,4.6,754,39700.0,60,3,0.169,2,Rent,Debt consolidation,0
2254,44,49200.0,15.6,733,13800.0,36,6,0.114,0,Mortgage,Debt consolidation,0
2255,33,72900.0,4.4,569,4100.0,36,4,0.145,0,Rent,Education,0
2256,54,38400.0,18.6,714,20500.0,60,5,0.036,0,Mortgage,Education,0
2257,60,19800.0,18.6,750,14800.0,36,5,0.149,2,Own,Medical,0
2258,52,56100.0,13.5,668,6100.0,36,3,0.096,0,Mortgage,Debt consolidation,0
2259,18,70500.0,,650,47700.0,36,4,0.182,1,Rent,Business,1
2260,70,65400.0,21.6,544,38500.0,24,8,0.161,0,Rent,Education,0
2261,19,,1.0,725,27700.0,36,5,0.304,0,Mortgage,Debt consolidation,0
2262,70,41200.0,20.2,687,3800.0,60,6,0.455,0,Rent,Debt consolidation,0
2263,19,32700.0,0.0,596,27300.0,24,2,0.174,0,Mortgage,Education,0
2264,45,64600.0,9.8,644,29400.0,24,0,0.186,1,Mortgage,Business,0
2265,23,60700.0,0.0,682,23700.0,24,5,0.452,0,Rent,Car,1
2266,23,37000.0,4.5,625,28900.0,36,4,0.319,1,Rent,Debt consolidation,1
2267,54,85400.0,10.7,670,65700.0,24,7,0.334,0,Mortgage,Medical,0
2268,56,,14.5,530,21000.0,48,6,0.458,0,Rent,Debt consolidation,0
2269,24,36600.0,4.3,778,27600.0,24,7,0.308,0,Mortgage,Business,0
2270,69,111100.0,,671,17300.0,24,2,0.09,0,Rent,Debt consolidation,0
2271,34,75700.0,1.1,582,52700.0,12,3,0.591,0,Mortgage,Business,1
2272,34,41000.0,6.1,473,13500.0,12,2,0.352,0,Mortgage,Debt consolidation,1
2273,33,56600.0,7.4,752,44600.0,60,2,0.286,0,Mortgage,Home improvement,0
2274,42,53000.0,9.8,715,19300.0,60,4,0.563,0,Rent,Business,0
2275,27,12400.0,7.6,687,1200.0,48,5,0.277,0,Rent,Education,0
2276,40,31200.0,6.3,739,12500.0,60,9,0.166,0,Mortgage,Debt consolidation,0
2277,29,47800.0,0.0,739,33100.0,12,2,0.083,0,Mortgage,Business,0
2278,20,41000.0,2.0,686,19500.0,60,2,0.175,0,Mortgage,Education,0
2279,37,55500.0,6.0,650,38800.0,36,3,0.154,0,Mortgage,Business,0
2280,53,86200.0,8.7,637,6900.0,48,5,0.341,1,Mortgage,Car,1
2281,58,41700.0,15.5,704,8400.0,36,2,0.399,0,Rent,Debt consolidation,0
2282,36,28900.0,10.9,782,15300.0,36,7,0.067,0,Rent,Business,0
2283,35,57700.0,3.0,662,21800.0,24,4,0.127,0,Mortgage,Home improvement,0
2284,59,41600.0,,788,26100.0,24,5,0.105,0,Mortgage,Debt consolidation,0
2285,54,45300.0,11.9,700,39300.0,36,3,0.374,0,Rent,Business,0
2286,62,42400.0,17.9,700,25900.0,36,5,0.122,0,Rent,Education,0
2287,66,150400.0,15.5,850,60900.0,60,4,0.343,0,Mortgage,Car,0
2288,61,16000.0,17.3,802,8200.0,12,4,0.259,0,Rent,Debt consolidation,0
2289,67,40400.0,19.2,804,33400.0,36,5,0.366,0,Rent,Debt consolidation,0
2290,40,48900.0,4.3,606,30400.0,36,4,0.196,0,Rent,Education,0
2291,38,33200.0,16.5,845,24300.0,12,1,0.178,0,Own,Medical,0
2292,35,76900.0,5.3,663,23600.0,36,1,0.27,0,Rent,Education,0
2293,30,73600.0,3.3,652,50200.0,36,5,0.278,0,Own,Home improvement,0
2294,57,47900.0,,497,8100.0,36,3,0.319,0,Rent,Business,0
2295,55,42800.0,20.2,696,29400.0,24,4,0.126,0,Mortgage,Education,0
2296,60,46400.0,20.2,583,37100.0,12,2,0.108,0,Mortgage,Business,1
2297,26,46500.0,0.0,703,37900.0,24,4,0.58,0,Rent,Medical,1
2298,44,47100.0,11.0,577,7000.0,60,5,0.452,2,Own,Car,0
2299,29,44600.0,0.0,814,33700.0,60,2,0.41,0,Own,Debt consolidation,0
2300,65,55600.0,21.5,714,8000.0,24,1,0.085,2,Mortgage,Business,0
2301,32,71400.0,0.7,850,32600.0,36,1,0.379,1,Mortgage,Business,0
2302,25,26500.0,0.4,588,16700.0,60,4,0.41,0,Rent,Debt consolidation,1
2303,48,29000.0,12.0,794,13400.0,24,6,0.097,0,Rent,Car,0
2304,64,20500.0,19.7,526,6900.0,24,4,0.206,0,Rent,Medical,0
2305,66,75600.0,18.4,687,47700.0,12,2,0.51,0,Mortgage,Debt consolidation,1
2306,23,55600.0,5.0,619,34000.0,24,3,0.443,0,Mortgage,Car,1
2307,35,63100.0,9.0,634,34400.0,60,2,0.071,0,Own,Debt consolidation,0
2308,26,,5.1,629,12000.0,60,5,0.129,1,Mortgage,Debt consolidation,0
2309,34,119700.0,2.7,597,77800.0,36,8,0.534,0,Rent,Debt consolidation,0
2310,46,36200.0,16.3,569,14200.0,36,2,0.281,0,Rent,Debt consolidation,1
2311,32,53300.0,,635,5800.0,60,1,0.096,0,Rent,Debt consolidation,0
2312,21,75100.0,3.0,679,38100.0,24,1,0.42,0,Mortgage,Car,0
2313,45,29900.0,16.9,763,19900.0,24,2,0.179,0,Own,Car,0
2314,20,37300.0,2.0,694,11300.0,12,3,0.15,0,Own,Business,0
2315,30,53600.0,7.9,763,9100.0,60,2,0.19,0,Mortgage,Home improvement,0
2316,18,204600.0,0.0,552,168800.0,48,7,0.408,0,Rent,Medical,1
2317,22,57000.0,1.0,635,44700.0,36,9,0.022,0,Own,Education,0
2318,41,109400.0,12.5,727,63000.0,48,5,0.556,0,Own,Car,0
2319,63,89600.0,20.8,697,64400.0,24,1,0.423,0,Mortgage,Debt consolidation,0
2320,59,58900.0,12.7,601,51400.0,36,0,0.278,0,Rent,Debt consolidation,1
2321,23,29900.0,1.1,745,16000.0,60,4,0.162,0,Rent,Home improvement,0
2322,19,83300.0,0.0,627,21500.0,60,5,0.056,0,Mortgage,Medical,0
2323,35,23200.0,8.0,608,13800.0,36,4,0.061,0,Rent,Business,1
2324,52,109100.0,8.0,709,90300.0,24,5,0.029,0,Mortgage,Home improvement,0
2325,57,54200.0,19.0,670,34500.0,60,7,0.594,1,Mortgage,Debt consolidation,0
2326,61,13000.0,20.7,628,900.0,36,8,0.488,0,Own,Education,0
2327,36,41300.0,5.8,625,34300.0,36,0,0.25,0,Rent,Education,0
2328,26,68000.0,4.8,584,47000.0,24,2,0.302,0,Rent,Debt consolidation,0
2329,19,43500.0,0.0,638,17000.0,12,3,0.194,0,Rent,Medical,0
2330,25,70100.0,3.5,758,62300.0,36,2,0.109,0,Rent,Medical,0
2331,21,32000.0,0.0,690,21200.0,36,7,0.354,1,Rent,Education,1
2332,63,25500.0,19.9,747,19200.0,24,2,0.075,0,Mortgage,Debt consolidation,0
2333,32,47300.0,0.7,711,40300.0,24,2,0.058,0,Mortgage,Education,0
2334,61,49800.0,11.7,621,4200.0,36,4,0.273,2,Mortgage,Business,0
2335,47,41200.0,,538,29200.0,36,4,0.272,0,Rent,Car,1
2336,46,90500.0,10.6,596,34200.0,36,3,0.064,0,Mortgage,Debt consolidation,0
2337,42,32000.0,10.4,616,25200.0,24,5,0.191,0,Mortgage,Medical,0
2338,61,57300.0,15.3,610,45700.0,60,8,0.608,0,Rent,Education,1
2339,20,50700.0,2.0,748,38200.0,60,6,0.142,0,Mortgage,Debt consolidation,0
2340,22,22500.0,2.1,748,16000.0,36,5,0.326,0,Rent,Medical,0
2341,40,25300.0,9.5,847,18300.0,48,4,0.643,0,Rent,Education,1
2342,38,49300.0,8.6,609,14900.0,60,3,0.212,2,Mortgage,Debt consolidation,1
2343,46,132000.0,14.2,798,52200.0,12,4,0.016,0,Mortgage,Business,0
2344,57,65500.0,17.3,797,9700.0,60,8,0.205,0,Mortgage,Education,0
2345,49,20700.0,13.7,651,15600.0,36,6,0.129,0,Mortgage,Home improvement,0
2346,31,10400.0,7.4,708,6200.0,36,2,0.561,0,Rent,Debt consolidation,0
2347,35,70700.0,1.3,769,40400.0,36,3,0.455,0,Rent,Car,0
2348,57,46700.0,10.2,665,12100.0,24,4,0.643,0,Mortgage,Car,0
2349,28,86700.0,3.8,659,49700.0,48,7,0.409,1,Rent,Car,1
2350,44,31600.0,9.8,620,13800.0,48,7,0.223,0,Mortgage,Business,0
2351,46,58400.0,12.9,481,52300.0,12,2,0.261,0,Rent,Debt consolidation,1
2352,57,74800.0,15.7,676,58600.0,36,4,0.199,0,Mortgage,Business,0
2353,55,39200.0,16.5,613,19500.0,60,5,0.486,0,Mortgage,Medical,0
2354,42,39600.0,5.9,584,29200.0,60,10,0.093,0,Mortgage,Car,0
2355,34,49600.0,6.4,704,9400.0,36,4,0.349,1,Mortgage,Education,0
2356,37,64300.0,3.6,554,8800.0,24,2,0.472,0,Rent,Home improvement,0
2357,39,48700.0,9.6,734,28500.0,36,7,0.45,0,Rent,Education,0
2358,29,79800.0,0.0,709,53300.0,24,3,0.328,0,Own,Education,0
2359,51,38900.0,14.2,638,3700.0,60,6,0.15,0,Own,Medical,1
2360,29,25200.0,0.0,665,5600.0,48,4,0.346,0,Rent,Car,1
2361,52,131700.0,12.4,575,66700.0,60,6,0.088,0,Rent,Debt consolidation,0
2362,57,36200.0,18.3,730,3700.0,12,7,0.345,0,Rent,Debt consolidation,0
2363,68,36900.0,20.7,685,15100.0,60,6,0.153,0,Rent,Medical,0
2364,24,47400.0,0.0,691,21800.0,60,3,0.079,1,Mortgage,Education,0
2365,58,50700.0,,710,42300.0,48,7,0.103,1,Own,Debt consolidation,0
2366,22,40400.0,0.0,619,12900.0,60,3,0.089,1,Rent,Debt consolidation,0
2367,35,48600.0,1.7,548,9400.0,36,4,0.133,0,Mortgage,Debt consolidation,0
2368,27,48100.0,4.0,747,2700.0,36,6,0.472,0,Own,Home improvement,0
2369,26,53500.0,4.9,725,8200.0,24,3,0.281,2,Mortgage,Debt consolidation,1
2370,27,15100.0,4.9,627,10400.0,12,1,0.348,0,Mortgage,Car,0
2371,20,125500.0,2.0,703,53700.0,12,5,0.009,0,Rent,Education,0
2372,61,45500.0,17.2,771,10000.0,48,5,0.11,0,Mortgage,Medical,0
2373,21,65500.0,0.4,761,55200.0,36,4,0.197,0,Rent,Home improvement,1
2374,39,24600.0,5.2,625,17700.0,12,4,0.293,0,Mortgage,Car,0
2375,55,38700.0,13.5,551,5700.0,24,4,0.183,0,Own,Home improvement,0
2376,70,35000.0,16.8,565,9800.0,48,3,0.175,0,Rent,Home improvement,0
2377,63,102200.0,15.5,645,78900.0,60,6,0.176,2,Mortgage,Business,0
2378,25,36600.0,3.1,787,23400.0,36,1,0.085,0,Mortgage,Education,0
2379,70,71600.0,20.4,612,61100.0,48,1,0.204,0,Rent,Home improvement,0
2380,52,35400.0,22.8,622,4100.0,60,2,0.458,0,Rent,Debt consolidation,1
2381,27,39100.0,,621,27700.0,48,2,0.52,0,Mortgage,Debt consolidation,1
2382,41,43400.0,8.8,627,5000.0,48,4,0.194,0,Own,Debt consolidation,0
2383,66,93100.0,14.9,669,31300.0,36,7,0.084,0,Rent,Debt consolidation,0
2384,38,19100.0,6.8,568,13100.0,60,3,0.164,0,Mortgage,Education,0
2385,27,25400.0,2.6,757,16600.0,24,4,0.127,2,Mortgage,Home improvement,0
2386,64,18500.0,20.9,658,1000.0,48,3,0.138,0,Rent,Business,0
2387,68,28500.0,18.7,850,6300.0,36,2,0.301,0,Rent,Education,0
2388,69,32700.0,19.8,576,23300.0,24,1,0.404,0,Own,Debt consolidation,0
2389,68,21900.0,18.7,797,3400.0,48,6,0.24,0,Rent,Home improvement,0
2390,64,34000.0,14.2,781,11100.0,60,4,0.182,0,Own,Business,0
2391,42,17900.0,7.6,637,3700.0,60,3,0.076,0,Mortgage,Education,0
2392,28,29500.0,2.9,638,4300.0,60,3,0.343,0,Mortgage,Home improvement,0
2393,50,89300.0,13.0,596,68000.0,48,6,0.078,0,Rent,Home improvement,0
2394,29,60000.0,6.1,597,6100.0,36,5,0.077,0,Rent,Business,0
2395,43,53800.0,9.3,670,27200.0,60,4,0.111,0,Rent,Business,0
2396,52,29700.0,12.8,672,19000.0,24,7,0.345,0,Rent,Business,0
2397,68,22700.0,14.8,542,2200.0,12,4,0.127,0,Own,Education,1
2398,33,27700.0,7.6,850,16300.0,36,5,0.214,0,Mortgage,Home improvement,0
2399,31,48000.0,3.1,649,16000.0,36,3,0.155,2,Rent,Business,0
2400,56,75700.0,17.4,675,57400.0,48,12,0.245,0,Rent,Car,0
2401,18,77000.0,0.0,620,56100.0,60,3,0.139,0,Rent,Debt consolidation,1
2402,48,67200.0,11.4,649,48700.0,12,5,0.038,0,Rent,Car,0
2403,57,33900.0,12.5,641,13200.0,60,3,0.184,0,Rent,Debt consolidation,0
2404,47,49600.0,11.5,670,37200.0,36,2,0.286,0,Rent,Debt consolidation,0
2405,38,41700.0,9.0,669,24400.0,60,9,0.211,0,Rent,Business,1
2406,61,44300.0,16.3,734,16500.0,36,2,0.523,0,Rent,Home improvement,0
2407,37,135700.0,5.9,688,16100.0,36,5,0.264,0,Rent,Car,0
2408,55,20300.0,16.5,726,2200.0,48,2,0.174,0,Rent,Home improvement,0
2409,42,43600.0,11.1,669,11500.0,36,7,0.258,0,Rent,Business,0
2410,19,89800.0,0.0,689,27400.0,24,6,0.3,0,Rent,Debt consolidation,0
2411,46,23600.0,6.2,651,19800.0,12,4,0.086,0,Rent,Home improvement,0
2412,20,35500.0,2.0,750,31900.0,24,4,0.293,2,Mortgage,Business,0
2413,67,37600.0,,696,6500.0,36,7,0.047,0,Rent,Debt consolidation,0
2414,49,43800.0,13.0,657,37300.0,36,1,0.607,0,Rent,Education,0
2415,37,22100.0,8.1,655,14400.0,36,0,0.042,0,Rent,Car,0
2416,43,66000.0,4.3,661,31300.0,48,5,0.076,0,Rent,Debt consolidation,0
2417,50,68400.0,13.0,672,58900.0,12,3,0.272,0,Mortgage,Business,0
2418,31,63200.0,6.7,665,41500.0,24,5,0.126,0,Own,Business,0
2419,33,31700.0,7.9,625,17600.0,48,3,0.034,0,Rent,Medical,1
2420,40,51200.0,9.2,731,11700.0,48,3,0.424,0,Rent,Debt consolidation,0
2421,31,31300.0,0.0,736,8100.0,48,4,0.29,0,Mortgage,Business,0
2422,58,41500.0,19.8,813,34200.0,48,3,0.392,0,Rent,Education,0
2423,23,143900.0,3.2,622,33500.0,60,3,0.045,0,Mortgage,Education,0
2424,61,51400.0,13.6,723,4000.0,60,2,0.172,0,Mortgage,Business,0
2425,36,27100.0,4.8,517,7500.0,36,3,0.132,0,Mortgage,Medical,0
2426,47,53600.0,12.3,736,24600.0,36,4,0.534,0,Rent,Business,0
2427,26,24900.0,5.2,553,9300.0,12,6,0.174,0,Rent,Debt consolidation,0
2428,38,26900.0,6.5,591,22700.0,36,7,0.092,0,Rent,Education,1
2429,57,29100.0,18.1,697,11800.0,36,1,0.286,0,Mortgage,Business,0
2430,32,,0.2,620,31700.0,24,4,0.04,0,Own,Debt consolidation,0
2431,25,78300.0,0.0,609,43500.0,24,2,0.194,0,Rent,Home improvement,1
2432,45,65500.0,4.6,631,32500.0,60,2,0.138,0,Rent,Debt consolidation,0
2433,26,63700.0,0.5,728,11900.0,12,3,0.074,0,Mortgage,Home improvement,0
2434,34,28300.0,10.9,595,7900.0,48,3,0.265,0,Rent,Medical,1
2435,41,37400.0,15.4,666,29400.0,60,2,0.03,0,Rent,Medical,0
2436,47,56200.0,12.3,640,40100.0,48,6,0.189,0,Mortgage,Business,0
2437,51,35800.0,11.3,736,15400.0,12,3,0.361,0,Mortgage,Debt consolidation,0
2438,53,42700.0,13.3,738,35100.0,60,1,0.284,0,Rent,Business,1
2439,62,61100.0,19.0,523,45600.0,48,6,0.194,0,Mortgage,Business,0
2440,21,41200.0,0.0,754,6000.0,24,4,0.656,0,Mortgage,Debt consolidation,0
2441,37,54900.0,5.9,621,31000.0,36,4,0.216,0,Mortgage,Education,1
2442,18,108700.0,0.0,689,79200.0,24,6,0.102,0,Own,Education,0
2443,18,45000.0,0.0,595,33200.0,48,6,0.219,0,Mortgage,Business,1
2444,29,88400.0,,700,11300.0,60,2,0.344,0,Rent,Business,0
2445,49,64800.0,12.4,850,15600.0,36,5,0.382,0,Rent,Debt consolidation,0
2446,65,23500.0,19.6,680,9400.0,60,4,0.258,0,Rent,Debt consolidation,0
2447,58,28300.0,14.1,633,7500.0,36,2,0.234,0,Mortgage,Medical,0
2448,52,32300.0,13.8,651,4600.0,60,4,0.437,0,Mortgage,Education,0
2449,59,,18.2,552,18700.0,48,8,0.176,0,Rent,Medical,0
2450,27,46900.0,9.0,786,22600.0,12,4,0.18,0,Mortgage,Debt consolidation,0
2451,62,,17.2,695,12100.0,60,5,0.254,0,Mortgage,Car,0
2452,65,91800.0,18.7,586,50300.0,60,6,0.197,1,Rent,Education,1
2453,23,57200.0,5.0,589,5900.0,36,2,0.28,1,Rent,Education,1
2454,42,39200.0,8.0,671,14700.0,48,6,0.194,0,Own,Debt consolidation,0
2455,61,17300.0,13.2,745,12500.0,24,2,0.136,0,Rent,Medical,0
2456,43,50800.0,10.8,578,41000.0,12,2,0.406,0,Own,Business,1
2457,62,49700.0,20.8,759,12800.0,24,2,0.093,0,Mortgage,Car,0
2458,67,53700.0,20.7,663,41900.0,36,4,0.332,0,Mortgage,Home improvement,0
2459,43,,9.7,596,113500.0,12,3,0.326,0,Mortgage,Medical,0
2460,21,91200.0,0.0,633,51600.0,24,6,0.188,0,Rent,Home improvement,0
2461,36,72600.0,7.0,810,64200.0,60,3,0.138,0,Rent,Home improvement,0
2462,29,30300.0,,559,7900.0,36,2,0.446,1,Rent,Car,1
2463,43,37900.0,6.3,611,4100.0,60,12,0.404,0,Mortgage,Debt consolidation,1
2464,49,46800.0,11.7,746,35900.0,24,2,0.496,0,Own,Debt consolidation,0
2465,42,33300.0,8.4,687,15600.0,12,5,0.041,0,Rent,Education,0
2466,28,63000.0,1.9,607,21700.0,48,2,0.104,0,Rent,Medical,1
2467,33,58600.0,6.7,747,5700.0,36,9,0.038,0,Rent,Debt consolidation,0
2468,54,28400.0,15.7,751,3000.0,36,5,0.323,0,Mortgage,Medical,0
2469,19,89200.0,1.0,697,11300.0,60,3,0.313,0,Mortgage,Car,0
2470,29,51600.0,1.5,621,10600.0,36,6,0.233,0,Mortgage,Education,1
2471,65,20600.0,13.9,633,18000.0,36,3,0.326,0,Rent,Car,0
2472,23,47800.0,2.8,693,13800.0,36,4,0.291,0,Mortgage,Debt consolidation,0
2473,39,56400.0,6.9,565,42000.0,12,2,0.073,0,Mortgage,Education,0
2474,28,,9.5,776,5300.0,48,3,0.267,0,Own,Car,0
2475,23,41400.0,5.0,806,13400.0,36,3,0.33,0,Mortgage,Education,0
2476,40,74200.0,14.8,651,60900.0,24,4,0.129,0,Rent,Medical,0
2477,45,53800.0,8.0,698,11200.0,36,3,0.324,0,Rent,Business,0
2478,27,25400.0,5.3,765,7400.0,36,3,0.324,0,Mortgage,Debt consolidation,0
2479,22,24200.0,4.0,826,18200.0,36,5,0.129,0,Mortgage,Car,0
2480,25,85900.0,5.1,795,13200.0,60,2,0.213,2,Rent,Home improvement,1
2481,52,89100.0,12.5,531,8500.0,48,5,0.192,1,Rent,Debt consolidation,0
2482,63,57600.0,21.8,645,50200.0,36,4,0.204,0,Rent,Debt consolidation,0
2483,27,103600.0,3.6,710,40800.0,60,7,0.664,0,Rent,Medical,1
2484,34,83100.0,6.8,630,50600.0,48,2,0.323,1,Rent,Business,1
2485,36,69000.0,2.6,813,10900.0,12,2,0.277,0,Rent,Business,0
2486,37,31100.0,9.5,800,7400.0,24,5,0.246,0,Rent,Debt consolidation,0
2487,30,116500.0,4.0,605,51400.0,24,1,0.163,0,Rent,Medical,0
2488,20,64100.0,2.0,657,40000.0,12,3,0.264,0,Rent,Business,0
2489,45,40400.0,11.5,610,12100.0,36,4,0.064,0,Rent,Debt consolidation,0
2490,36,35100.0,7.7,654,28100.0,36,3,0.057,0,Mortgage,Home improvement,0
2491,36,55700.0,7.1,652,39800.0,60,7,0.476,2,Mortgage,Home improvement,0
2492,32,21300.0,8.0,746,11100.0,36,4,0.205,1,Own,Business,0
2493,67,69600.0,19.0,599,30600.0,24,4,0.283,0,Mortgage,Home improvement,0
2494,50,30400.0,8.4,461,17500.0,60,3,0.445,0,Rent,Business,1
2495,40,59000.0,10.5,542,39600.0,36,3,0.043,0,Rent,Car,0
2496,28,37800.0,1.6,588,6200.0,12,3,0.166,1,Mortgage,Home improvement,0
2497,60,42900.0,12.8,618,33200.0,12,3,0.137,0,Mortgage,Car,0
2498,65,33600.0,15.7,685,15700.0,48,1,0.382,0,Rent,Home improvement,0
2499,19,45200.0,1.0,584,38200.0,36,6,0.269,0,Mortgage,Home improvement,0
2500,67,,19.3,573,108700.0,36,4,0.54,0,Mortgage,Debt consolidation,0
2501,55,98000.0,8.4,596,7500.0,60,4,0.08,0,Mortgage,Business,0
2502,23,58500.0,0.8,581,22000.0,48,3,0.244,0,Mortgage,Business,0
2503,57,48400.0,19.1,626,24100.0,60,8,0.322,0,Rent,Debt consolidation,0
2504,23,74800.0,0.6,622,38000.0,48,6,0.436,0,Mortgage,Car,0
2505,20,86200.0,0.3,725,64600.0,48,3,0.412,0,Rent,Home improvement,0
2506,24,32400.0,5.5,591,5500.0,24,1,0.288,1,Own,Business,0
2507,42,47200.0,12.0,641,27300.0,36,4,0.361,0,Rent,Car,0
2508,50,19700.0,15.9,626,16800.0,36,3,0.291,0,Mortgage,Education,1
2509,39,86000.0,0.1,735,77200.0,36,2,0.139,0,Own,Car,0
2510,24,137700.0,6.0,658,8100.0,36,6,0.171,0,Rent,Medical,0
2511,28,51000.0,5.9,754,44700.0,36,3,0.15,0,Rent,Home improvement,0
2512,63,16900.0,25.4,578,2600.0,36,4,0.074,0,Rent,Home improvement,0
2513,69,66500.0,18.1,666,33700.0,36,1,0.151,0,Mortgage,Business,0
2514,57,31200.0,10.3,624,8100.0,36,4,0.289,1,Rent,Car,0
2515,23,35200.0,2.0,572,19900.0,60,7,0.356,0,Mortgage,Car,1
2516,61,67100.0,16.4,665,5500.0,36,1,0.117,0,Mortgage,Debt consolidation,0
2517,54,55700.0,16.4,809,14100.0,48,4,0.455,0,Rent,Business,0
2518,45,38400.0,14.0,602,11700.0,36,6,0.205,0,Mortgage,Car,0
2519,25,35400.0,2.5,660,29300.0,36,4,0.132,0,Own,Debt consolidation,1
2520,70,52200.0,20.1,565,28500.0,60,4,0.19,1,Own,Education,0
2521,41,39900.0,10.8,553,26000.0,60,2,0.36,0,Rent,Business,1
2522,20,28200.0,0.0,607,17600.0,48,9,0.113,0,Mortgage,Education,0
2523,29,41500.0,3.4,634,15900.0,60,5,0.151,0,Mortgage,Debt consolidation,1
2524,39,58100.0,11.5,638,3600.0,36,8,0.141,0,Own,Debt consolidation,0
2525,21,44800.0,3.0,652,6300.0,60,2,0.22,0,Rent,Education,0
2526,35,24200.0,10.1,538,10600.0,60,5,0.148,0,Mortgage,Car,0
2527,42,80400.0,9.1,620,68300.0,48,5,0.425,0,Mortgage,Debt consolidation,0
2528,68,12500.0,13.6,710,3300.0,60,6,0.146,0,Mortgage,Education,0
2529,22,39200.0,1.2,561,25200.0,48,5,0.144,0,Rent,Debt consolidation,0
2530,48,36000.0,9.7,642,27100.0,36,8,0.153,1,Mortgage,Medical,0
2531,66,52800.0,18.8,693,43300.0,36,6,0.036,1,Mortgage,Medical,1
2532,60,64900.0,14.8,607,19400.0,36,6,0.132,0,Own,Business,0
2533,67,86100.0,19.5,697,72500.0,48,6,0.254,0,Mortgage,Business,1
2534,27,34300.0,0.5,548,19400.0,36,2,0.197,0,Own,Medical,1
2535,60,65700.0,13.0,741,31700.0,48,3,0.231,0,Mortgage,Business,0
2536,69,,24.1,699,38500.0,36,7,0.081,0,Rent,Business,0
2537,35,20800.0,3.9,674,5300.0,36,3,0.396,2,Mortgage,Business,1
2538,44,126800.0,10.4,760,93900.0,24,5,0.03,0,Mortgage,Debt consolidation,0
2539,46,23900.0,14.1,644,14400.0,24,3,0.323,0,Rent,Home improvement,0
2540,44,60500.0,13.1,621,44100.0,36,8,0.608,0,Mortgage,Business,1
2541,33,59600.0,8.4,780,46300.0,36,5,0.16,0,Rent,Medical,1
2542,69,56300.0,21.3,817,32400.0,12,6,0.366,0,Rent,Debt consolidation,0
2543,68,38300.0,22.2,615,3100.0,36,3,0.128,0,Rent,Home improvement,0
2544,38,74100.0,12.1,661,22500.0,36,2,0.351,0,Mortgage,Home improvement,0
2545,60,22500.0,18.1,754,17900.0,24,4,0.321,1,Rent,Car,0
2546,39,47400.0,2.9,664,27600.0,24,3,0.249,0,Rent,Home improvement,1
2547,60,37000.0,15.2,718,29800.0,48,7,0.424,0,Mortgage,Debt consolidation,0
2548,48,34900.0,14.1,732,13200.0,48,2,0.45,0,Rent,Car,0
2549,42,60700.0,7.7,625,29100.0,60,6,0.153,0,Own,Home improvement,0
2550,24,84000.0,6.0,704,65800.0,24,3,0.244,0,Rent,Car,1
2551,52,41300.0,13.4,670,28800.0,36,6,0.031,0,Mortgage,Debt consolidation,0
2552,35,72400.0,7.1,573,26900.0,12,6,0.154,0,Mortgage,Car,0
2553,29,50300.0,7.8,591,3500.0,36,2,0.406,0,Rent,Car,0
2554,28,31400.0,3.5,618,25100.0,12,5,0.37,0,Mortgage,Debt consolidation,0
2555,70,43100.0,21.3,744,31000.0,24,2,0.218,0,Rent,Debt consolidation,0
2556,23,42200.0,4.7,747,18200.0,36,4,0.542,1,Rent,Home improvement,0
2557,60,34600.0,12.4,730,17800.0,36,7,0.186,1,Mortgage,Debt consolidation,0
2558,63,60700.0,17.1,705,13600.0,36,4,0.314,0,Mortgage,Medical,0
2559,19,55100.0,1.0,703,22100.0,36,6,0.242,1,Own,Debt consolidation,0
2560,49,22100.0,12.6,692,4200.0,60,3,0.267,0,Mortgage,Debt consolidation,0
2561,48,21500.0,16.4,703,4900.0,36,2,0.273,0,Own,Business,0
2562,37,60600.0,2.9,708,46600.0,24,3,0.164,0,Rent,Medical,0
2563,53,32600.0,8.9,558,11700.0,36,6,0.423,0,Own,Debt consolidation,1
2564,39,,10.7,607,42300.0,12,5,0.347,0,Rent,Debt consolidation,1
2565,41,72400.0,11.8,588,32800.0,12,6,0.466,0,Rent,Business,0
2566,40,26000.0,8.2,759,2900.0,36,1,0.107,0,Mortgage,Debt consolidation,0
2567,60,24200.0,18.0,802,8600.0,24,3,0.438,0,Mortgage,Business,0
2568,51,113200.0,15.4,496,20900.0,12,0,0.577,0,Mortgage,Business,0
2569,38,58400.0,5.6,795,37300.0,48,5,0.156,0,Rent,Education,0
2570,67,39800.0,17.5,677,32800.0,60,5,0.198,0,Mortgage,Medical,0
2571,60,30700.0,17.4,751,21400.0,24,8,0.435,0,Mortgage,Debt consolidation,0
2572,67,38000.0,22.3,711,27000.0,36,3,0.155,0,Rent,Debt consolidation,0
2573,56,27000.0,11.7,785,21100.0,60,5,0.302,0,Rent,Debt consolidation,0
2574,38,76200.0,7.4,687,54100.0,24,4,0.026,0,Mortgage,Car,0
2575,58,33200.0,15.3,561,17700.0,48,2,0.15,0,Mortgage,Debt consolidation,0
2576,35,84700.0,8.1,662,55700.0,24,3,0.12,0,Mortgage,Home improvement,0
2577,32,40100.0,5.6,711,16200.0,60,3,0.081,0,Mortgage,Debt consolidation,0
2578,41,29100.0,7.6,653,3200.0,12,4,0.26,2,Mortgage,Business,1
2579,69,39600.0,24.1,723,25700.0,24,5,0.123,0,Rent,Debt consolidation,0
2580,48,13200.0,10.4,665,8800.0,60,1,0.264,0,Mortgage,Education,0
2581,38,46100.0,7.1,622,11100.0,48,5,0.375,0,Own,Debt consolidation,0
2582,42,45000.0,4.8,583,38700.0,24,2,0.232,0,Rent,Medical,0
2583,33,74000.0,3.9,639,7000.0,48,3,0.331,0,Mortgage,Car,0
2584,52,19100.0,15.1,686,12900.0,60,7,0.283,0,Rent,Home improvement,0
2585,36,,8.2,513,76500.0,36,7,0.339,0,Mortgage,Debt consolidation,0
2586,47,73900.0,13.4,608,23100.0,24,8,0.194,0,Mortgage,Home improvement,0
2587,37,91700.0,9.3,510,75700.0,24,4,0.471,0,Rent,Debt consolidation,1
2588,34,47700.0,12.7,621,35900.0,60,2,0.115,0,Rent,Car,0
2589,69,81400.0,18.2,766,55600.0,24,8,0.147,0,Rent,Car,0
2590,36,23500.0,2.3,575,20200.0,36,3,0.072,0,Rent,Debt consolidation,0
2591,21,70000.0,0.0,726,42400.0,24,2,0.473,0,Rent,Medical,1
2592,38,33300.0,5.9,850,15700.0,24,2,0.187,0,Own,Medical,0
2593,46,21500.0,,786,13400.0,36,8,0.328,1,Own,Medical,0
2594,23,27900.0,2.3,681,11200.0,36,2,0.388,0,Rent,Debt consolidation,1
2595,34,49200.0,10.2,739,16000.0,12,2,0.206,0,Rent,Medical,0
2596,26,32500.0,7.8,560,3900.0,24,3,0.154,0,Mortgage,Home improvement,0
2597,44,59200.0,11.9,544,22000.0,12,5,0.04,0,Mortgage,Medical,0
2598,56,19800.0,21.6,672,14500.0,12,4,0.376,0,Rent,Home improvement,0
2599,69,16900.0,19.3,702,14400.0,24,5,0.245,0,Rent,Car,0
2600,38,97400.0,,758,85600.0,48,6,0.122,0,Mortgage,Debt consolidation,0
2601,63,,21.2,624,17400.0,12,5,0.123,0,Rent,Debt consolidation,0
2602,29,29000.0,0.0,685,15500.0,36,5,0.101,0,Mortgage,Debt consolidation,0
2603,59,48900.0,14.1,683,26400.0,36,5,0.206,0,Own,Debt consolidation,0
2604,47,81600.0,13.2,659,16300.0,48,4,0.376,0,Own,Home improvement,0
2605,58,60500.0,15.7,664,32900.0,48,5,0.272,0,Mortgage,Medical,0
2606,58,52800.0,15.4,602,18900.0,60,6,0.26,0,Rent,Debt consolidation,0
2607,46,84800.0,7.7,692,72200.0,24,4,0.035,0,Mortgage,Debt consolidation,0
2608,31,34000.0,5.2,686,9100.0,12,7,0.6,1,Own,Education,0
2609,45,49800.0,13.8,635,37800.0,12,3,0.24,0,Mortgage,Medical,0
2610,61,48600.0,17.3,723,39500.0,12,5,0.438,0,Mortgage,Business,0
2611,69,42800.0,17.9,752,28900.0,60,0,0.386,0,Rent,Medical,0
2612,67,40300.0,15.9,724,9400.0,36,3,0.109,0,Mortgage,Medical,0
2613,27,50800.0,1.2,587,13800.0,48,6,0.428,0,Mortgage,Debt consolidation,0
2614,49,49900.0,13.6,678,43700.0,60,4,0.223,0,Rent,Debt consolidation,0
2615,23,29000.0,3.0,597,3300.0,60,4,0.102,0,Rent,Car,0
2616,53,73200.0,11.6,678,10900.0,36,4,0.171,0,Own,Business,0
2617,70,30100.0,14.2,597,26500.0,60,5,0.308,0,Own,Car,1
2618,20,44000.0,2.0,772,31300.0,36,1,0.281,0,Mortgage,Car,0
2619,52,42300.0,10.9,733,29000.0,24,1,0.388,0,Mortgage,Debt consolidation,0
2620,68,58600.0,22.1,762,10900.0,36,4,0.097,0,Rent,Education,0
2621,62,17000.0,15.3,754,7900.0,60,3,0.339,0,Mortgage,Medical,0
2622,38,76500.0,5.0,648,58500.0,48,5,0.287,0,Rent,Business,0
2623,23,34900.0,2.5,636,11500.0,36,2,0.169,0,Rent,Debt consolidation,1
2624,66,90200.0,26.3,809,19300.0,60,4,0.059,1,Mortgage,Business,0
2625,66,38600.0,21.4,657,2300.0,36,3,0.158,0,Rent,Education,0
2626,48,47800.0,12.4,562,27700.0,48,5,0.064,0,Rent,Education,0
2627,69,127600.0,21.5,751,38200.0,36,4,0.534,1,Rent,Medical,0
2628,18,42700.0,0.0,682,33500.0,24,3,0.211,0,Mortgage,Debt consolidation,0
2629,50,91100.0,9.4,790,26500.0,36,3,0.176,0,Mortgage,Home improvement,0
2630,20,50000.0,0.0,689,8900.0,60,6,0.628,0,Mortgage,Debt consolidation,1
2631,67,60300.0,24.8,668,52200.0,60,4,0.133,0,Rent,Education,0
2632,54,50800.0,19.0,792,44200.0,24,4,0.327,0,Rent,Debt consolidation,0
2633,66,74900.0,20.4,547,47400.0,24,3,0.575,1,Rent,Debt consolidation,1
2634,47,34800.0,12.0,623,29200.0,12,3,0.165,0,Mortgage,Medical,0
2635,22,30000.0,0.0,599,5600.0,48,3,0.044,0,Own,Debt consolidation,0
2636,19,35600.0,0.0,494,15700.0,36,5,0.122,0,Own,Home improvement,0
2637,35,51500.0,12.2,740,11500.0,36,2,0.052,0,Mortgage,Medical,0
2638,57,43900.0,16.0,625,20100.0,12,3,0.354,0,Mortgage,Medical,0
2639,26,,1.5,742,50500.0,12,7,0.11,0,Mortgage,Business,0
2640,63,94100.0,12.7,701,72300.0,60,7,0.3,1,Rent,Education,0
2641,30,30100.0,8.9,719,1600.0,36,4,0.062,0,Mortgage,Business,0
2642,44,34000.0,10.2,634,13000.0,24,3,0.257,0,Rent,Business,1
2643,28,23900.0,0.0,609,21400.0,24,3,0.367,1,Mortgage,Education,1
2644,42,135300.0,6.8,677,74500.0,24,1,0.055,0,Own,Home improvement,0
2645,41,57100.0,5.4,744,17200.0,12,2,0.026,0,Rent,Debt consolidation,1
2646,18,62300.0,0.0,666,23700.0,12,5,0.234,1,Rent,Medical,0
2647,48,25100.0,12.6,614,8100.0,48,4,0.106,0,Rent,Education,0
2648,59,49000.0,14.9,574,21100.0,24,3,0.355,0,Mortgage,Medical,0
2649,67,63200.0,21.9,686,27000.0,36,1,0.206,0,Mortgage,Education,0
2650,35,43200.0,7.0,626,20800.0,36,1,0.153,2,Mortgage,Business,0
2651,64,83900.0,21.6,664,37300.0,36,5,0.278,0,Rent,Car,0
2652,64,155700.0,17.3,651,76100.0,36,2,0.202,0,Rent,Debt consolidation,0
2653,70,30500.0,29.9,634,2300.0,60,2,0.138,0,Mortgage,Debt consolidation,0
2654,37,29400.0,5.9,694,2800.0,24,2,0.225,0,Own,Debt consolidation,0
2655,63,31600.0,15.3,714,11500.0,48,5,0.149,0,Rent,Car,0
2656,47,109400.0,8.5,827,87800.0,24,2,0.436,0,Mortgage,Debt consolidation,0
2657,21,82600.0,0.6,731,59700.0,24,3,0.154,0,Mortgage,Medical,0
2658,32,45800.0,0.4,797,6600.0,12,3,0.044,2,Mortgage,Debt consolidation,0
2659,53,49900.0,14.9,605,23500.0,48,4,0.265,0,Own,Car,0
2660,26,32600.0,0.0,542,18400.0,36,4,0.084,0,Mortgage,Debt consolidation,1
2661,41,76500.0,9.7,669,35100.0,48,2,0.398,0,Rent,Debt consolidation,0
2662,59,40500.0,12.3,739,26000.0,24,4,0.205,0,Mortgage,Car,0
2663,25,43000.0,1.7,726,38600.0,36,4,0.009,0,Mortgage,Car,0
2664,44,66500.0,12.2,767,8800.0,12,3,0.245,0,Rent,Education,0
2665,29,44600.0,,467,21800.0,24,5,0.15,0,Rent,Business,1
2666,46,43600.0,8.0,770,21200.0,36,6,0.072,0,Mortgage,Debt consolidation,0
2667,30,49300.0,4.3,697,26000.0,12,6,0.364,0,Mortgage,Car,0
2668,69,73000.0,18.2,546,14000.0,36,2,0.386,1,Rent,Medical,0
2669,22,111700.0,0.0,728,66200.0,36,8,0.639,0,Mortgage,Car,0
2670,69,65700.0,18.3,684,5800.0,48,5,0.165,0,Mortgage,Medical,0
2671,59,73300.0,18.9,700,49800.0,48,3,0.031,0,Rent,Education,0
2672,63,44400.0,16.5,750,27200.0,24,2,0.449,0,Mortgage,Home improvement,0
2673,63,34400.0,24.7,704,11400.0,12,3,0.31,0,Mortgage,Car,0
2674,27,68000.0,4.8,552,60600.0,36,3,0.239,0,Own,Home improvement,0
2675,67,53400.0,16.6,659,40300.0,24,1,0.179,0,Rent,Car,0
2676,49,24100.0,11.3,541,12300.0,36,4,0.064,0,Rent,Debt consolidation,0
2677,68,41600.0,17.6,722,37100.0,36,6,0.604,1,Rent,Education,1
2678,64,47000.0,20.8,782,35500.0,36,4,0.057,0,Mortgage,Education,0
2679,48,38000.0,7.1,571,6400.0,36,6,0.211,0,Rent,Debt consolidation,0
2680,37,102800.0,3.6,616,56800.0,12,4,0.182,0,Mortgage,Debt consolidation,0
2681,24,62300.0,0.6,599,33900.0,24,3,0.433,0,Mortgage,Medical,0
2682,23,97400.0,4.0,634,58900.0,24,2,0.332,0,Rent,Home improvement,1
2683,38,55900.0,11.7,703,47500.0,24,4,0.276,0,Own,Business,0
2684,60,51100.0,20.9,635,23900.0,48,3,0.162,0,Mortgage,Education,0
2685,44,30700.0,12.0,722,3600.0,24,3,0.585,0,Own,Debt consolidation,0
2686,43,49300.0,9.8,755,22600.0,24,2,0.289,0,Rent,Debt consolidation,0
2687,30,49300.0,7.2,758,35500.0,60,0,0.241,0,Rent,Home improvement,0
2688,47,24700.0,8.2,581,8800.0,36,8,0.096,1,Mortgage,Debt consolidation,0
2689,51,37400.0,7.7,781,2700.0,24,6,0.621,0,Own,Debt consolidation,0
2690,70,41700.0,22.1,787,12800.0,48,7,0.341,0,Rent,Debt consolidation,0
2691,56,60300.0,12.2,794,38000.0,48,3,0.171,0,Mortgage,Medical,0
2692,50,61700.0,12.6,657,7600.0,60,1,0.359,0,Rent,Debt consolidation,0
2693,66,36700.0,19.6,610,13600.0,60,8,0.409,0,Rent,Car,0
2694,40,62000.0,9.5,591,10100.0,48,4,0.132,0,Mortgage,Debt consolidation,0
2695,67,44800.0,22.4,582,20400.0,24,5,0.589,0,Rent,Medical,0
2696,37,11700.0,10.1,671,2000.0,36,4,0.551,0,Rent,Debt consolidation,0
2697,24,38500.0,3.0,738,5500.0,24,1,0.304,0,Mortgage,Business,0
2698,40,84100.0,7.5,775,54100.0,36,5,0.598,0,Mortgage,Business,0
2699,24,21100.0,2.7,631,3900.0,60,4,0.353,0,Rent,Debt consolidation,0
2700,24,51900.0,,667,9400.0,12,7,0.103,0,Rent,Debt consolidation,0
2701,64,108300.0,17.8,662,60000.0,60,8,0.236,0,Mortgage,Car,1
2702,60,33500.0,24.7,619,2900.0,36,6,0.186,0,Own,Debt consolidation,0
2703,29,49100.0,4.9,729,3800.0,24,8,0.252,0,Rent,Debt consolidation,0
2704,62,25500.0,19.0,699,10600.0,60,8,0.153,0,Rent,Business,0
2705,21,110600.0,0.0,681,39900.0,36,7,0.299,0,Rent,Debt consolidation,1
2706,33,47000.0,9.1,699,24100.0,36,3,0.349,0,Rent,Business,1
2707,55,50200.0,17.1,719,44900.0,36,4,0.407,1,Mortgage,Education,1
2708,34,96500.0,,718,40500.0,24,1,0.461,0,Rent,Home improvement,0
2709,56,68200.0,15.8,603,36800.0,24,3,0.183,0,Mortgage,Debt consolidation,0
2710,64,,21.5,742,26300.0,48,4,0.112,0,Rent,Debt consolidation,0
2711,21,35500.0,3.0,690,16400.0,60,3,0.017,0,Rent,Debt consolidation,0
2712,19,62800.0,1.0,635,44800.0,48,4,0.004,0,Mortgage,Business,0
2713,67,,19.3,689,18500.0,60,6,0.078,2,Mortgage,Education,0
2714,45,17000.0,13.5,698,10100.0,60,5,0.471,1,Own,Car,1
2715,44,47700.0,7.7,757,40200.0,12,2,0.392,1,Mortgage,Debt consolidation,0
2716,42,23400.0,7.4,586,1200.0,48,6,0.242,0,Own,Education,0
2717,40,110000.0,8.6,776,89700.0,48,4,0.052,0,Rent,Debt consolidation,0
2718,54,53600.0,9.2,672,25400.0,36,1,0.234,0,Mortgage,Education,0
2719,48,31200.0,14.5,630,17700.0,36,6,0.441,0,Mortgage,Debt consolidation,1
2720,26,34600.0,0.3,627,15000.0,48,2,0.088,0,Mortgage,Home improvement,0
2721,51,19100.0,11.8,590,5200.0,60,4,0.356,0,Rent,Business,0
2722,53,28300.0,13.4,531,3000.0,60,6,0.164,0,Rent,Medical,1
2723,24,81500.0,2.5,724,69500.0,36,1,0.122,0,Rent,Education,0
2724,37,149600.0,6.6,828,86800.0,48,7,0.033,0,Mortgage,Home improvement,0
2725,59,70500.0,16.2,541,55900.0,36,5,0.259,0,Mortgage,Home improvement,0
2726,50,46800.0,,594,13900.0,60,3,0.301,0,Mortgage,Education,0
2727,25,39500.0,1.5,730,11300.0,36,7,0.176,0,Mortgage,Education,0
2728,20,30400.0,0.0,666,10200.0,60,2,0.365,1,Rent,Medical,1
2729,48,137300.0,15.2,737,33800.0,60,5,0.622,0,Mortgage,Car,0
2730,42,44600.0,3.3,662,21100.0,36,6,0.235,0,Mortgage,Debt consolidation,0
2731,68,141200.0,19.4,624,119400.0,60,3,0.184,2,Rent,Car,0
2732,45,98400.0,9.4,652,78200.0,48,3,0.513,0,Rent,Education,0
2733,67,20500.0,20.9,479,9700.0,24,5,0.073,0,Rent,Home improvement,0
2734,29,35100.0,0.0,579,12200.0,12,2,0.593,0,Rent,Debt consolidation,0
2735,41,35100.0,7.7,746,20000.0,48,4,0.102,0,Rent,Business,0
2736,25,47100.0,2.5,765,26900.0,24,5,0.082,0,Own,Business,0
2737,48,47600.0,15.2,782,30000.0,24,1,0.172,2,Rent,Car,0
2738,27,219300.0,4.6,705,110800.0,36,3,0.24,0,Rent,Home improvement,0
2739,44,28600.0,6.8,490,2100.0,12,5,0.114,1,Mortgage,Education,0
2740,36,55000.0,5.7,619,6300.0,36,3,0.081,0,Rent,Business,0
2741,27,66700.0,6.3,776,58500.0,48,1,0.273,0,Rent,Medical,0
2742,23,49000.0,0.0,800,33500.0,12,3,0.703,0,Rent,Car,0
2743,45,51800.0,10.6,779,44300.0,36,5,0.106,0,Rent,Business,0
2744,68,29100.0,20.0,651,9900.0,24,5,0.202,0,Rent,Debt consolidation,0
2745,28,51700.0,2.8,565,26100.0,60,4,0.148,0,Mortgage,Education,0
2746,39,63300.0,16.5,667,20500.0,36,2,0.323,0,Mortgage,Education,0
2747,29,57700.0,3.2,671,47500.0,60,7,0.177,0,Mortgage,Car,1
2748,60,65200.0,18.1,795,19200.0,48,5,0.213,0,Rent,Education,0
2749,39,99300.0,6.1,688,63500.0,60,3,0.253,0,Mortgage,Debt consolidation,0
2750,69,78300.0,22.0,671,15600.0,36,5,0.116,0,Mortgage,Business,0
2751,30,50800.0,7.4,676,7100.0,36,3,0.173,1,Rent,Home improvement,0
2752,22,27300.0,0.0,702,5000.0,12,9,0.284,0,Rent,Education,0
2753,48,36300.0,11.8,720,18200.0,36,3,0.355,0,Rent,Business,0
2754,52,43900.0,10.9,612,33700.0,36,4,0.115,0,Rent,Car,0
2755,70,55600.0,17.4,585,50000.0,36,1,0.28,1,Mortgage,Medical,0
2756,64,38600.0,21.5,780,22400.0,24,5,0.37,0,Rent,Debt consolidation,0
2757,64,30700.0,16.7,539,15500.0,36,2,0.492,0,Rent,Debt consolidation,0
2758,51,27100.0,6.0,801,19500.0,36,4,0.243,0,Mortgage,Car,0
2759,37,21500.0,12.9,517,2200.0,36,5,0.293,0,Mortgage,Debt consolidation,0
2760,40,43600.0,6.4,623,32200.0,48,3,0.329,0,Rent,Debt consolidation,1
2761,25,23500.0,2.1,748,16300.0,36,7,0.36,0,Rent,Car,0
2762,40,29700.0,13.7,670,14900.0,36,7,0.51,1,Mortgage,Home improvement,0
2763,37,40300.0,7.2,565,2800.0,36,5,0.087,0,Rent,Debt consolidation,0
2764,19,25100.0,0.0,704,5600.0,48,4,0.11,1,Rent,Education,0
2765,28,,0.3,675,21600.0,48,5,0.191,0,Rent,Home improvement,0
2766,46,71000.0,6.3,653,60400.0,24,3,0.216,0,Mortgage,Home improvement,0
2767,37,37200.0,,620,22000.0,24,7,0.27,1,Mortgage,Education,0
2768,70,39400.0,21.9,667,19100.0,48,1,0.204,0,Rent,Car,0
2769,43,64100.0,10.9,623,29800.0,48,6,0.088,0,Own,Debt consolidation,1
2770,68,34300.0,18.6,850,24500.0,12,4,0.215,0,Rent,Debt consolidation,0
2771,53,33100.0,14.1,651,10800.0,36,4,0.109,0,Mortgage,Medical,0
2772,20,89200.0,0.0,640,11600.0,36,3,0.142,0,Rent,Debt consolidation,0
2773,28,76300.0,5.4,627,47700.0,48,3,0.308,0,Mortgage,Car,0
2774,55,66200.0,15.3,812,21800.0,24,3,0.197,0,Rent,Home improvement,0
2775,46,77900.0,17.1,539,25500.0,48,4,0.219,0,Own,Business,0
2776,33,18200.0,6.0,699,7900.0,48,4,0.195,0,Mortgage,Debt consolidation,0
2777,45,96500.0,8.0,651,24700.0,60,4,0.65,0,Rent,Home improvement,1
2778,65,59600.0,18.6,556,49700.0,60,2,0.259,0,Rent,Education,0
2779,38,81300.0,7.0,604,62600.0,36,4,0.326,0,Mortgage,Car,1
2780,20,59500.0,2.0,695,53100.0,48,0,0.102,0,Rent,Home improvement,0
2781,34,50200.0,6.5,601,43700.0,48,4,0.088,0,Rent,Car,1
2782,67,42700.0,15.8,691,13500.0,60,7,0.703,0,Mortgage,Debt consolidation,0
2783,58,58900.0,11.1,808,22000.0,36,4,0.187,0,Mortgage,Debt consolidation,0
2784,62,41900.0,18.4,684,27000.0,24,6,0.222,0,Mortgage,Medical,0
2785,66,75700.0,23.3,554,4800.0,60,4,0.039,0,Mortgage,Business,0
2786,24,,2.6,602,19900.0,12,3,0.396,0,Mortgage,Debt consolidation,0
2787,32,,8.0,647,2200.0,60,6,0.219,0,Rent,Debt consolidation,0
2788,21,136300.0,3.0,642,68400.0,24,3,0.206,0,Mortgage,Medical,0
2789,18,35800.0,0.0,682,22100.0,36,7,0.318,0,Rent,Debt consolidation,0
2790,62,43500.0,15.2,695,36000.0,60,1,0.32,0,Rent,Education,0
2791,67,31500.0,20.2,808,18800.0,48,2,0.525,0,Rent,Car,0
2792,26,58000.0,6.8,670,32300.0,36,2,0.142,0,Mortgage,Education,0
2793,56,33900.0,16.8,578,10300.0,36,2,0.744,0,Own,Car,1
2794,46,44700.0,13.4,762,24700.0,24,7,0.344,0,Mortgage,Debt consolidation,0
2795,21,74900.0,0.0,771,51500.0,12,2,0.198,1,Rent,Home improvement,0
2796,66,34600.0,18.6,689,16900.0,36,4,0.381,0,Mortgage,Debt consolidation,0
2797,64,,18.0,650,51800.0,36,7,0.116,0,Rent,Home improvement,0
2798,48,73900.0,11.8,720,8100.0,24,5,0.172,0,Own,Medical,0
2799,55,83100.0,,653,27800.0,36,3,0.45,0,Mortgage,Car,0
2800,39,52600.0,1.4,506,45500.0,60,6,0.156,0,Rent,Debt consolidation,1
2801,60,247900.0,16.9,715,80500.0,60,4,0.321,0,Rent,Home improvement,0
2802,41,83100.0,9.0,741,48100.0,36,3,0.55,0,Mortgage,Home improvement,0
2803,70,57700.0,16.7,785,28400.0,60,3,0.398,0,Own,Debt consolidation,0
2804,21,31600.0,3.0,612,26700.0,36,4,0.312,0,Rent,Debt consolidation,0
2805,27,46700.0,1.4,688,8800.0,36,5,0.27,0,Mortgage,Medical,0
2806,69,100000.0,19.3,690,30400.0,36,6,0.081,0,Mortgage,Car,0
2807,33,115200.0,11.5,677,90200.0,60,3,0.132,0,Rent,Debt consolidation,0
2808,34,102700.0,9.4,679,63300.0,24,5,0.202,0,Rent,Car,0
2809,59,72600.0,18.1,673,37100.0,24,4,0.394,0,Rent,Medical,0
2810,28,26200.0,5.1,687,10100.0,60,4,0.108,1,Rent,Debt consolidation,0
2811,45,62500.0,10.3,729,25000.0,48,7,0.652,0,Rent,Business,0
2812,33,26400.0,12.0,768,22300.0,48,3,0.138,0,Rent,Education,0
2813,28,23300.0,6.4,609,14500.0,48,2,0.074,0,Rent,Debt consolidation,0
2814,69,55200.0,18.2,656,46400.0,48,4,0.279,2,Rent,Debt consolidation,0
2815,28,63700.0,0.0,636,55800.0,12,7,0.305,0,Mortgage,Education,0
2816,22,77000.0,,625,39700.0,48,2,0.607,0,Rent,Debt consolidation,0
2817,53,62900.0,13.8,541,35800.0,24,4,0.296,0,Rent,Medical,1
2818,63,63900.0,13.7,672,38800.0,24,0,0.245,0,Rent,Business,0
2819,24,30000.0,3.7,708,22900.0,60,2,0.061,0,Mortgage,Business,0
2820,55,46500.0,,658,28400.0,12,7,0.406,0,Mortgage,Education,0
2821,46,23100.0,12.8,669,3400.0,12,7,0.234,0,Mortgage,Business,0
2822,61,18000.0,18.5,703,15300.0,36,8,0.299,0,Mortgage,Car,0
2823,24,71000.0,0.6,783,43400.0,60,3,0.238,2,Rent,Education,1
2824,69,33600.0,22.3,636,26500.0,60,7,0.378,0,Mortgage,Debt consolidation,1
2825,50,75800.0,11.3,576,31200.0,24,2,0.149,0,Mortgage,Business,0
2826,62,85300.0,16.3,663,38700.0,36,4,0.341,0,Rent,Home improvement,0
2827,37,36000.0,6.0,821,22900.0,48,5,0.105,2,Own,Car,0
2828,67,65900.0,23.0,577,46800.0,36,7,0.243,0,Rent,Home improvement,0
2829,51,35200.0,12.4,722,4100.0,24,1,0.173,2,Rent,Debt consolidation,1
2830,24,19500.0,6.0,763,7700.0,36,2,0.21,0,Own,Debt consolidation,0
2831,66,52100.0,24.6,481,36700.0,36,4,0.454,0,Mortgage,Home improvement,0
2832,60,38700.0,14.6,703,34600.0,12,5,0.206,0,Rent,Education,0
2833,33,39300.0,0.0,718,2400.0,48,4,0.414,0,Rent,Debt consolidation,0
2834,46,131600.0,14.3,649,36200.0,24,4,0.174,0,Mortgage,Car,0
2835,38,22900.0,7.0,618,10200.0,60,2,0.229,0,Mortgage,Business,0
2836,46,59400.0,8.6,623,14200.0,48,8,0.301,0,Own,Medical,0
2837,69,29800.0,18.6,644,2200.0,36,2,0.11,0,Mortgage,Debt consolidation,0
2838,65,77200.0,17.6,646,39300.0,48,5,0.176,0,Mortgage,Home improvement,0
2839,29,56900.0,8.3,631,34300.0,12,2,0.204,2,Mortgage,Home improvement,0
2840,69,,20.9,642,23900.0,24,2,0.457,0,Own,Business,0
2841,41,30600.0,13.1,765,11200.0,36,5,0.158,0,Mortgage,Education,0
2842,55,33400.0,16.3,573,29700.0,48,2,0.33,0,Rent,Debt consolidation,1
2843,58,77900.0,15.1,530,35500.0,60,4,0.427,0,Mortgage,Business,1
2844,43,118800.0,8.8,767,86500.0,36,5,0.351,0,Mortgage,Business,0
2845,42,62300.0,11.3,655,18300.0,48,3,0.37,0,Mortgage,Home improvement,0
2846,42,31300.0,12.1,639,23700.0,24,4,0.143,0,Mortgage,Car,1
2847,63,58100.0,21.0,661,43600.0,12,4,0.445,0,Rent,Debt consolidation,0
2848,38,165000.0,7.2,687,45800.0,24,3,0.162,0,Mortgage,Education,0
2849,32,51600.0,6.1,628,31300.0,60,2,0.151,0,Own,Medical,0
2850,37,101800.0,9.4,710,64100.0,36,5,0.161,0,Rent,Business,0
2851,28,33900.0,2.8,593,14400.0,36,5,0.4,0,Rent,Education,1
2852,38,48000.0,4.6,646,34000.0,48,1,0.148,0,Rent,Debt consolidation,1
2853,24,66800.0,0.0,493,20800.0,12,2,0.356,0,Rent,Debt consolidation,1
2854,22,59800.0,0.9,764,27600.0,24,8,0.295,0,Mortgage,Business,0
2855,56,33400.0,17.2,656,29800.0,12,5,0.185,0,Rent,Home improvement,0
2856,22,32700.0,4.0,724,6600.0,24,6,0.149,0,Own,Home improvement,0
2857,48,80300.0,7.9,708,14100.0,36,3,0.447,0,Rent,Home improvement,0
2858,59,88900.0,14.6,714,15200.0,24,5,0.233,0,Rent,Debt consolidation,0
2859,56,104400.0,14.1,669,93800.0,48,2,0.244,0,Rent,Education,0
2860,41,120800.0,11.6,701,22500.0,60,7,0.452,0,Mortgage,Home improvement,0
2861,28,52400.0,2.4,593,11100.0,60,3,0.257,0,Mortgage,Debt consolidation,0
2862,67,42000.0,18.3,576,26900.0,24,6,0.26,0,Mortgage,Car,1
2863,62,96300.0,13.4,662,67000.0,36,3,0.366,0,Own,Education,1
2864,50,70000.0,14.3,616,34900.0,12,2,0.317,0,Rent,Debt consolidation,0
2865,22,30000.0,1.1,784,26600.0,24,7,0.402,0,Rent,Business,0
2866,19,29200.0,0.0,700,2400.0,36,3,0.17,0,Own,Medical,0
2867,34,,5.6,613,36200.0,36,3,0.477,0,Mortgage,Debt consolidation,0
2868,26,44900.0,6.6,648,25400.0,48,4,0.387,1,Mortgage,Car,0
2869,63,48400.0,15.0,681,15600.0,60,8,0.319,0,Mortgage,Education,0
2870,28,83800.0,1.5,665,68300.0,12,4,0.431,0,Rent,Debt consolidation,0
2871,32,,9.4,692,37200.0,60,8,0.076,0,Rent,Business,0
2872,69,95300.0,20.6,675,24700.0,12,4,0.056,0,Rent,Business,0
2873,61,18700.0,19.2,559,2300.0,60,4,0.033,0,Rent,Car,0
2874,29,55600.0,5.6,498,7800.0,36,1,0.416,0,Rent,Car,0
2875,38,69400.0,,640,56400.0,12,6,0.146,0,Mortgage,Business,0
2876,45,22900.0,9.8,715,6000.0,36,2,0.036,2,Mortgage,Business,0
2877,53,35300.0,16.5,641,29000.0,24,4,0.265,0,Own,Debt consolidation,0
2878,67,32200.0,23.1,769,4900.0,48,1,0.59,1,Rent,Business,0
2879,64,49600.0,21.7,666,44000.0,24,3,0.329,0,Own,Medical,0
2880,69,110600.0,16.8,779,83900.0,60,3,0.214,0,Rent,Car,0
2881,20,134800.0,2.0,762,20100.0,36,1,0.034,0,Mortgage,Debt consolidation,0
2882,30,32600.0,3.7,754,4000.0,60,4,0.32,0,Rent,Education,0
2883,47,63800.0,9.3,574,46800.0,24,2,0.112,2,Rent,Car,0
2884,20,64800.0,0.3,671,7500.0,48,2,0.051,0,Mortgage,Business,0
2885,36,59500.0,9.7,768,16200.0,60,3,0.193,0,Mortgage,Home improvement,0
2886,26,59800.0,4.8,692,43700.0,24,3,0.326,0,Rent,Debt consolidation,0
2887,67,57100.0,18.8,714,46900.0,12,7,0.535,0,Own,Car,0
2888,21,114000.0,3.0,559,80100.0,36,6,0.254,0,Own,Business,0
2889,25,85100.0,3.2,824,68600.0,48,2,0.381,0,Rent,Medical,0
2890,28,28900.0,2.3,607,15200.0,60,2,0.152,0,Rent,Debt consolidation,0
2891,25,73000.0,0.7,510,52000.0,24,5,0.458,0,Rent,Education,1
2892,48,76600.0,13.2,642,26200.0,60,1,0.445,0,Mortgage,Car,0
2893,37,57400.0,7.4,474,41200.0,60,6,0.642,0,Rent,Business,1
2894,66,86300.0,15.1,583,54200.0,48,7,0.107,0,Mortgage,Home improvement,0
2895,31,53900.0,7.7,850,29000.0,12,5,0.137,0,Own,Debt consolidation,0
2896,46,54200.0,9.8,640,48400.0,12,8,0.25,1,Own,Debt consolidation,0
2897,52,52100.0,18.4,556,23400.0,60,3,0.362,0,Mortgage,Debt consolidation,0
2898,51,17900.0,9.0,672,10300.0,48,1,0.35,0,Own,Home improvement,0
2899,60,47100.0,16.3,598,22800.0,36,2,0.72,0,Rent,Education,1
2900,28,,1.9,739,9500.0,60,5,0.244,0,Mortgage,Car,0
2901,44,27100.0,7.5,599,9000.0,12,8,0.247,0,Rent,Car,1
2902,60,100400.0,15.3,692,88500.0,48,2,0.054,1,Rent,Debt consolidation,0
2903,63,,23.3,578,24200.0,48,3,0.25,0,Mortgage,Debt consolidation,0
2904,50,48300.0,13.2,850,30300.0,60,1,0.261,0,Mortgage,Debt consolidation,0
2905,52,37000.0,11.2,710,19700.0,48,4,0.085,0,Mortgage,Home improvement,0
2906,63,56800.0,12.5,658,45800.0,36,6,0.333,0,Mortgage,Business,0
2907,51,80500.0,8.0,647,55900.0,12,2,0.481,0,Rent,Home improvement,1
2908,68,32400.0,18.4,626,3800.0,60,5,0.424,0,Own,Medical,0
2909,24,48900.0,0.5,609,17200.0,48,5,0.118,0,Mortgage,Debt consolidation,1
2910,36,75700.0,6.5,607,49600.0,36,0,0.365,0,Own,Business,1
2911,23,18600.0,0.0,804,3500.0,60,4,0.182,1,Mortgage,Car,0
2912,22,47600.0,1.3,626,22700.0,36,3,0.351,0,Mortgage,Debt consolidation,0
2913,43,39600.0,13.1,500,12700.0,36,3,0.123,0,Mortgage,Car,0
2914,29,45800.0,9.3,577,4800.0,60,1,0.052,1,Rent,Medical,0
2915,39,38100.0,2.7,744,34200.0,48,1,0.395,0,Rent,Home improvement,1
2916,41,52500.0,6.8,650,44100.0,60,2,0.176,1,Mortgage,Home improvement,0
2917,50,128300.0,10.2,659,87900.0,60,4,0.232,0,Rent,Debt consolidation,0
2918,68,41700.0,20.4,764,9200.0,36,6,0.142,0,Mortgage,Business,0
2919,63,56700.0,14.3,608,50500.0,24,2,0.224,0,Rent,Education,0
2920,38,132900.0,13.0,721,77900.0,60,0,0.233,0,Own,Debt consolidation,0
2921,35,37200.0,6.9,617,32400.0,36,10,0.09,0,Mortgage,Education,0
2922,58,121500.0,15.6,716,10500.0,36,3,0.228,0,Rent,Car,0
2923,24,49200.0,6.0,639,9700.0,36,3,0.241,0,Rent,Car,0
2924,46,119500.0,11.2,651,74800.0,12,6,0.246,0,Rent,Medical,0
2925,40,71300.0,10.0,736,58500.0,12,10,0.53,1,Rent,Debt consolidation,0
2926,27,57200.0,1.3,730,11400.0,36,6,0.415,0,Rent,Home improvement,0
2927,50,47400.0,8.7,657,15100.0,48,5,0.172,0,Rent,Business,1
2928,34,35900.0,4.6,632,19700.0,36,7,0.352,0,Mortgage,Debt consolidation,0
2929,27,50900.0,9.0,798,45800.0,24,3,0.056,0,Mortgage,Car,0
2930,52,76800.0,15.5,717,56000.0,36,1,0.118,0,Mortgage,Business,0
2931,27,48700.0,4.4,639,40700.0,48,5,0.328,1,Own,Debt consolidation,0
2932,53,41800.0,11.1,618,26100.0,24,1,0.506,1,Rent,Car,1
2933,26,43200.0,5.9,752,34400.0,36,3,0.094,0,Own,Business,0
2934,41,80500.0,5.1,679,38700.0,48,1,0.145,0,Mortgage,Medical,0
2935,60,90500.0,12.1,657,14100.0,36,5,0.101,0,Mortgage,Business,0
2936,30,,3.1,679,22900.0,36,5,0.207,0,Rent,Car,1
2937,58,35100.0,21.9,697,19700.0,60,2,0.285,0,Mortgage,Car,0
2938,56,59300.0,20.9,665,27400.0,24,1,0.419,0,Rent,Car,0
2939,65,105200.0,17.4,766,29800.0,24,4,0.29,0,Rent,Car,0
2940,26,86900.0,1.2,771,62300.0,12,5,0.13,0,Rent,Business,0
2941,55,26200.0,9.9,713,19600.0,48,3,0.352,1,Rent,Car,1
2942,67,43000.0,19.8,780,15500.0,60,4,0.667,0,Rent,Home improvement,0
2943,58,30800.0,16.5,671,25800.0,48,6,0.504,0,Mortgage,Debt consolidation,1
2944,27,42900.0,6.0,725,15600.0,60,1,0.19,0,Rent,Education,0
2945,61,109300.0,19.9,750,15500.0,48,6,0.181,2,Mortgage,Debt consolidation,0
2946,23,24100.0,1.4,752,4600.0,24,6,0.383,0,Mortgage,Debt consolidation,0
2947,49,21800.0,,743,10300.0,24,8,0.09,0,Own,Education,0
2948,44,32400.0,8.3,720,3800.0,48,6,0.292,0,Rent,Debt consolidation,0
2949,46,56600.0,12.8,827,37400.0,48,3,0.069,0,Own,Debt consolidation,0
2950,45,66900.0,9.3,627,48600.0,36,3,0.057,0,Rent,Debt consolidation,0
2951,19,61000.0,1.0,658,31500.0,36,2,0.213,0,Rent,Education,0
2952,44,88200.0,11.5,653,71400.0,36,0,0.041,0,Rent,Education,0
2953,67,20300.0,19.8,641,17500.0,36,8,0.214,1,Own,Home improvement,0
2954,41,88800.0,11.6,511,38200.0,36,6,0.01,0,Mortgage,Business,1
2955,32,41900.0,0.9,780,5300.0,48,7,0.233,0,Rent,Debt consolidation,0
2956,70,70700.0,,588,17400.0,60,5,0.321,0,Rent,Business,0
2957,23,25300.0,1.2,684,15400.0,36,3,0.675,0,Mortgage,Debt consolidation,0
2958,43,49100.0,5.7,556,19400.0,60,4,0.209,0,Own,Debt consolidation,0
2959,45,55200.0,9.6,720,34900.0,36,4,0.152,1,Rent,Home improvement,0
2960,43,87400.0,8.9,607,53900.0,36,6,0.255,0,Rent,Car,0
2961,66,22200.0,23.1,579,12500.0,60,3,0.22,0,Own,Business,0
2962,40,49800.0,9.2,686,9200.0,60,0,0.638,0,Rent,Business,1
2963,69,28500.0,23.5,614,8400.0,60,4,0.259,0,Rent,Debt consolidation,0
2964,21,63100.0,2.1,624,23400.0,24,7,0.295,0,Own,Debt consolidation,0
2965,56,72300.0,13.6,684,54300.0,24,7,0.057,0,Mortgage,Business,0
2966,49,93300.0,12.8,734,58800.0,48,7,0.163,0,Rent,Business,0
2967,30,37500.0,7.0,605,22400.0,60,3,0.09,0,Mortgage,Home improvement,1
2968,30,77900.0,8.4,591,48400.0,36,1,0.19,2,Rent,Car,1
2969,56,96800.0,14.8,672,46200.0,12,2,0.329,1,Rent,Car,0
2970,51,21600.0,8.3,713,1800.0,36,6,0.221,0,Mortgage,Debt consolidation,0
2971,50,66600.0,7.6,787,14700.0,12,5,0.522,0,Rent,Debt consolidation,0
2972,20,79200.0,0.0,584,13400.0,24,3,0.07,0,Rent,Car,0
2973,49,43100.0,5.4,645,4500.0,48,3,0.26,0,Mortgage,Medical,0
2974,70,26800.0,26.2,764,8600.0,24,2,0.316,0,Mortgage,Debt consolidation,0
2975,18,78500.0,0.0,828,56500.0,48,2,0.033,0,Rent,Car,0
2976,42,26900.0,7.7,591,4000.0,36,8,0.473,1,Mortgage,Business,0
2977,44,,7.1,611,6500.0,36,4,0.177,0,Mortgage,Education,1
2978,65,48000.0,21.9,700,7500.0,36,2,0.376,0,Own,Business,0
2979,32,70100.0,2.3,624,19600.0,60,2,0.371,1,Rent,Debt consolidation,0
2980,43,35800.0,,609,7900.0,36,3,0.372,0,Own,Home improvement,0
2981,56,34800.0,12.9,690,2200.0,60,5,0.234,1,Rent,Home improvement,0
2982,21,51500.0,1.5,794,14700.0,36,7,0.184,1,Own,Home improvement,0
2983,60,81100.0,18.7,565,72700.0,36,4,0.465,0,Mortgage,Debt consolidation,0
2984,61,153800.0,20.8,790,51700.0,60,2,0.441,0,Rent,Home improvement,0
2985,56,23100.0,18.3,624,5300.0,24,4,0.317,0,Rent,Debt consolidation,0
2986,52,57400.0,13.6,698,27100.0,24,2,0.196,0,Mortgage,Business,0
2987,57,28500.0,18.7,797,7000.0,60,1,0.207,0,Rent,Car,0
2988,59,81600.0,14.4,696,42900.0,36,4,0.467,0,Mortgage,Business,0
2989,65,30700.0,13.3,646,12000.0,24,4,0.093,0,Rent,Home improvement,1
2990,40,35000.0,6.8,727,28400.0,60,4,0.238,0,Rent,Education,0
2991,42,36500.0,7.2,656,30600.0,24,4,0.469,0,Rent,Business,1
2992,51,47200.0,11.3,712,31000.0,36,6,0.186,0,Own,Car,0
2993,28,57600.0,,654,13400.0,48,6,0.06,0,Rent,Car,0
2994,63,62400.0,16.6,739,28300.0,48,3,0.209,0,Mortgage,Business,0
2995,58,48900.0,17.9,558,15100.0,36,2,0.068,0,Mortgage,Home improvement,0
2996,51,25200.0,18.3,589,18400.0,12,4,0.097,0,Mortgage,Debt consolidation,0
2997,33,70500.0,0.8,557,5300.0,60,3,0.206,0,Rent,Debt consolidation,0
2998,36,47700.0,3.3,665,29200.0,60,4,0.188,0,Mortgage,Debt consolidation,0
2999,41,87600.0,6.8,548,28400.0,24,3,0.199,0,Rent,Home improvement,1
3000,53,34400.0,16.3,615,15800.0,36,6,0.266,0,Mortgage,Debt consolidation,0
3001,59,22000.0,15.8,581,7100.0,36,3,0.122,0,Own,Business,0
3002,53,48200.0,11.8,788,17400.0,24,3,0.054,1,Own,Debt consolidation,0
3003,67,93700.0,21.8,591,58400.0,60,1,0.368,0,Rent,Medical,0
3004,68,53100.0,22.9,567,29500.0,60,2,0.502,1,Mortgage,Home improvement,0
3005,55,44400.0,14.7,690,11400.0,36,2,0.366,1,Own,Car,0
3006,37,31700.0,5.2,805,2800.0,60,3,0.081,0,Mortgage,Debt consolidation,0
3007,49,118100.0,,661,91800.0,60,5,0.425,1,Own,Debt consolidation,0
3008,40,29300.0,8.1,667,13700.0,48,3,0.423,0,Mortgage,Medical,0
3009,51,34100.0,12.5,773,19600.0,60,6,0.381,0,Own,Business,0
3010,61,65200.0,15.7,740,30300.0,36,3,0.212,0,Rent,Debt consolidation,0
3011,37,19400.0,10.4,704,11200.0,60,3,0.06,2,Rent,Car,0
3012,44,92700.0,11.1,623,54000.0,12,2,0.294,0,Mortgage,Business,0
3013,20,67000.0,2.0,706,4200.0,36,6,0.031,2,Mortgage,Education,1
3014,57,76900.0,19.6,561,38700.0,36,6,0.596,0,Rent,Business,1
3015,43,64800.0,11.4,620,30900.0,24,9,0.593,0,Mortgage,Business,0
3016,42,45200.0,8.1,785,5900.0,48,5,0.159,0,Rent,Debt consolidation,0
3017,46,28800.0,14.3,774,19700.0,36,7,0.225,0,Mortgage,Car,0
3018,29,45700.0,5.8,705,11400.0,36,3,0.316,0,Mortgage,Medical,0
3019,49,30100.0,20.2,516,2900.0,36,5,0.147,0,Mortgage,Education,0
3020,57,62500.0,16.5,573,45800.0,24,3,0.077,1,Rent,Education,0
3021,36,73400.0,9.3,616,57600.0,24,0,0.145,0,Rent,Medical,0
3022,24,102600.0,3.3,656,26100.0,24,6,0.313,0,Mortgage,Debt consolidation,0
3023,38,59000.0,7.7,570,37400.0,60,7,0.17,0,Own,Car,1
3024,28,77800.0,3.2,650,4200.0,48,3,0.263,0,Mortgage,Car,0
3025,37,42300.0,8.5,811,28000.0,36,4,0.434,0,Own,Home improvement,0
3026,51,38600.0,14.8,702,17200.0,48,5,0.458,0,Rent,Education,0
3027,24,62100.0,5.9,688,44900.0,36,4,0.222,0,Mortgage,Business,0
3028,57,40400.0,16.5,589,15500.0,24,3,0.241,0,Rent,Medical,0
3029,29,56100.0,3.0,539,19500.0,12,4,0.449,0,Mortgage,Medical,0
3030,65,28800.0,17.8,572,22000.0,36,2,0.15,0,Rent,Business,0
3031,56,31500.0,11.2,536,2600.0,24,4,0.285,1,Rent,Medical,0
3032,32,,10.6,676,14100.0,60,3,0.379,0,Mortgage,Debt consolidation,0
3033,47,76400.0,10.0,701,30600.0,24,8,0.177,1,Mortgage,Education,0
3034,23,29900.0,4.9,593,16700.0,36,1,0.055,0,Mortgage,Car,0
3035,23,68500.0,2.8,682,3700.0,36,4,0.394,0,Mortgage,Business,0
3036,68,37600.0,20.9,788,20300.0,48,4,0.477,0,Own,Medical,0
3037,60,49400.0,16.4,827,18400.0,60,2,0.616,0,Mortgage,Education,0
3038,26,99600.0,0.8,732,58300.0,36,2,0.125,0,Rent,Education,0
3039,32,73400.0,2.7,656,60300.0,12,0,0.134,0,Own,Debt consolidation,0
3040,28,73000.0,9.2,729,31000.0,48,5,0.527,0,Mortgage,Business,0
3041,38,127300.0,8.3,778,66400.0,24,4,0.384,0,Own,Education,0
3042,33,34500.0,9.4,509,15300.0,24,4,0.496,0,Rent,Car,1
3043,35,29900.0,11.0,789,4500.0,48,5,0.273,0,Rent,Education,0
3044,46,34200.0,10.0,626,24800.0,24,7,0.206,0,Mortgage,Education,0
3045,28,43200.0,5.3,627,34700.0,24,2,0.226,0,Rent,Education,0
3046,64,15100.0,18.5,642,11200.0,36,4,0.307,0,Own,Car,0
3047,56,44200.0,,696,37800.0,36,4,0.306,0,Mortgage,Education,0
3048,58,37300.0,15.4,581,16700.0,60,2,0.146,1,Rent,Education,0
3049,26,72500.0,5.0,647,43800.0,24,4,0.331,0,Rent,Debt consolidation,0
3050,55,58500.0,13.3,712,11300.0,36,2,0.412,0,Rent,Car,0
3051,62,,16.6,687,32000.0,48,3,0.356,0,Rent,Business,0
3052,27,65800.0,3.1,700,35800.0,60,1,0.272,0,Rent,Debt consolidation,0
3053,57,70400.0,21.9,644,19200.0,36,2,0.357,0,Rent,Debt consolidation,0
3054,36,33400.0,1.7,725,24500.0,36,4,0.225,0,Mortgage,Education,0
3055,59,38300.0,17.9,755,21000.0,36,2,0.066,0,Rent,Business,0
3056,43,16100.0,9.2,750,13800.0,36,5,0.169,0,Mortgage,Home improvement,0
3057,60,28400.0,14.9,704,20000.0,24,5,0.263,0,Mortgage,Debt consolidation,0
3058,25,33800.0,2.0,745,26900.0,48,4,0.255,0,Rent,Business,1
3059,38,50900.0,10.0,740,26200.0,24,2,0.144,1,Own,Debt consolidation,0
3060,32,30600.0,7.8,850,15000.0,36,3,0.125,0,Mortgage,Education,0
3061,31,,5.8,767,26300.0,36,9,0.102,0,Mortgage,Car,1
3062,34,26600.0,9.7,663,3700.0,24,5,0.142,0,Rent,Education,0
3063,38,53400.0,,597,5100.0,24,3,0.294,0,Rent,Debt consolidation,1
3064,24,60600.0,4.8,649,53700.0,36,4,0.116,0,Rent,Education,0
3065,55,59900.0,13.2,643,49600.0,60,8,0.159,0,Rent,Debt consolidation,0
3066,47,49300.0,13.1,711,42500.0,48,2,0.186,0,Rent,Medical,0
3067,61,22700.0,18.7,614,2300.0,36,1,0.247,0,Rent,Education,1
3068,55,36000.0,12.4,765,10000.0,36,7,0.111,0,Rent,Home improvement,0
3069,25,40000.0,0.0,559,32700.0,60,3,0.194,0,Rent,Education,1
3070,21,40100.0,0.0,539,5100.0,48,3,0.174,0,Own,Debt consolidation,0
3071,40,50900.0,9.0,659,22100.0,48,6,0.191,0,Rent,Home improvement,0
3072,43,100000.0,10.9,603,34000.0,12,5,0.427,1,Mortgage,Home improvement,1
3073,30,73600.0,1.3,569,58700.0,24,9,0.052,0,Own,Business,0
3074,59,29900.0,19.5,619,14700.0,24,2,0.151,0,Own,Education,0
3075,48,68800.0,12.5,609,20400.0,60,4,0.321,0,Mortgage,Debt consolidation,0
3076,57,67500.0,19.6,671,33500.0,60,2,0.199,1,Rent,Car,0
3077,23,32800.0,,620,4800.0,24,2,0.256,1,Own,Debt consolidation,1
3078,61,74900.0,14.0,627,50300.0,48,4,0.246,0,Own,Car,0
3079,28,45200.0,5.4,670,26000.0,60,2,0.115,0,Mortgage,Home improvement,0
3080,41,24200.0,,751,13600.0,60,2,0.353,2,Mortgage,Education,0
3081,41,61500.0,7.6,788,26000.0,36,6,0.085,0,Rent,Education,0
3082,61,54600.0,12.9,682,16400.0,24,1,0.175,0,Mortgage,Business,0
3083,32,43700.0,5.9,688,4600.0,60,2,0.107,0,Rent,Debt consolidation,0
3084,30,48100.0,,655,41100.0,24,5,0.226,0,Rent,Business,0
3085,36,34200.0,10.6,708,13800.0,24,3,0.585,0,Rent,Home improvement,0
3086,37,66500.0,6.4,701,31400.0,24,3,0.167,0,Rent,Business,0
3087,27,48000.0,8.8,776,17700.0,36,5,0.148,0,Mortgage,Education,0
3088,27,53300.0,0.0,519,47400.0,24,5,0.336,0,Rent,Medical,1
3089,30,58600.0,5.2,651,42600.0,36,5,0.424,0,Rent,Car,0
3090,42,27500.0,13.9,697,3600.0,60,4,0.371,2,Mortgage,Home improvement,0
3091,36,31300.0,4.5,668,17700.0,36,4,0.271,0,Rent,Debt consolidation,1
3092,38,16200.0,7.5,595,7500.0,60,2,0.219,0,Mortgage,Debt consolidation,0
3093,56,65000.0,14.0,566,47100.0,60,3,0.398,0,Rent,Home improvement,0
3094,30,26700.0,2.7,735,24000.0,48,6,0.099,0,Rent,Education,1
3095,66,52400.0,19.9,609,35800.0,36,3,0.632,0,Own,Business,1
3096,57,59000.0,11.7,530,46300.0,60,3,0.096,0,Mortgage,Business,1
3097,27,66200.0,3.3,739,31600.0,36,1,0.43,0,Mortgage,Debt consolidation,0
3098,34,26800.0,7.9,707,9900.0,24,1,0.265,0,Mortgage,Education,0
3099,27,47400.0,3.0,661,28300.0,60,2,0.144,0,Own,Medical,0
3100,32,113000.0,2.6,597,77600.0,36,8,0.283,0,Mortgage,Medical,1
3101,37,115500.0,10.7,661,28100.0,60,6,0.425,0,Rent,Education,0
3102,24,80300.0,4.6,767,38400.0,36,5,0.315,0,Mortgage,Debt consolidation,0
3103,18,58000.0,0.0,541,8500.0,36,1,0.159,0,Mortgage,Home improvement,1
3104,41,29700.0,5.3,545,6900.0,48,3,0.024,0,Own,Debt consolidation,0
3105,55,,11.9,620,56100.0,36,3,0.35,0,Mortgage,Business,0
3106,34,45300.0,8.0,668,7800.0,36,4,0.263,0,Rent,Home improvement,0
3107,63,64900.0,18.8,630,48000.0,60,3,0.035,0,Mortgage,Debt consolidation,1
3108,37,35700.0,10.0,721,13100.0,36,3,0.274,0,Rent,Debt consolidation,0
3109,65,45000.0,17.8,757,27600.0,12,1,0.073,0,Mortgage,Debt consolidation,0
3110,30,53200.0,2.0,692,43800.0,48,4,0.062,0,Rent,Medical,0
3111,46,55400.0,14.0,715,39500.0,12,3,0.403,0,Rent,Debt consolidation,1
3112,58,62700.0,14.3,692,47200.0,36,3,0.104,0,Own,Home improvement,0
3113,21,36700.0,,671,10000.0,24,3,0.288,0,Mortgage,Business,0
3114,67,25000.0,15.0,567,8900.0,24,3,0.202,0,Mortgage,Medical,0
3115,37,,5.9,588,74400.0,60,7,0.113,2,Own,Car,1
3116,44,170200.0,13.4,562,121000.0,24,4,0.029,0,Mortgage,Debt consolidation,0
3117,51,61300.0,11.1,658,44200.0,48,3,0.114,0,Rent,Debt consolidation,0
3118,52,25300.0,16.0,689,17200.0,36,7,0.224,0,Rent,Business,0
3119,19,33300.0,0.0,554,8200.0,24,6,0.434,0,Mortgage,Education,0
3120,63,63200.0,16.3,676,18700.0,60,2,0.109,0,Mortgage,Home improvement,0
3121,51,95900.0,12.7,600,81600.0,24,5,0.202,0,Rent,Business,1
3122,70,26700.0,26.0,584,13900.0,36,4,0.535,0,Mortgage,Car,0
3123,42,46100.0,6.1,620,31900.0,48,3,0.555,0,Mortgage,Debt consolidation,1
3124,50,54100.0,14.8,580,30300.0,48,3,0.419,1,Mortgage,Business,1
3125,41,75500.0,12.4,719,63100.0,36,1,0.596,0,Mortgage,Education,0
3126,65,41300.0,16.6,657,32600.0,60,2,0.199,0,Mortgage,Business,0
3127,62,22400.0,16.5,735,6100.0,60,0,0.263,0,Rent,Education,0
3128,66,66900.0,19.6,635,53700.0,36,9,0.456,0,Rent,Car,0
3129,44,86000.0,6.0,638,26200.0,48,4,0.379,0,Mortgage,Debt consolidation,0
3130,59,47000.0,15.0,820,20000.0,36,5,0.211,0,Rent,Car,0
3131,37,60000.0,11.4,540,46400.0,36,4,0.187,0,Rent,Business,1
3132,42,38700.0,11.2,773,12600.0,36,5,0.5,0,Rent,Car,0
3133,58,32100.0,15.5,802,9500.0,24,8,0.232,0,Mortgage,Medical,0
3134,22,81900.0,1.9,731,50600.0,48,5,0.362,0,Mortgage,Business,0
3135,55,59500.0,16.5,644,53500.0,24,1,0.048,0,Rent,Debt consolidation,0
3136,18,62600.0,0.0,784,10100.0,12,5,0.16,0,Mortgage,Business,0
3137,48,103900.0,10.3,644,67100.0,36,3,0.292,0,Rent,Debt consolidation,0
3138,43,28900.0,14.6,614,14400.0,12,3,0.227,0,Rent,Home improvement,0
3139,42,37200.0,13.5,639,14800.0,36,6,0.099,2,Rent,Home improvement,0
3140,44,53000.0,12.4,624,36400.0,36,5,0.27,0,Rent,Car,0
3141,44,37000.0,7.9,594,19300.0,24,2,0.228,0,Rent,Car,0
3142,39,72500.0,5.3,759,52800.0,24,3,0.354,0,Rent,Medical,0
3143,41,44600.0,8.2,608,30400.0,12,10,0.074,1,Rent,Debt consolidation,0
3144,48,29800.0,12.2,668,26400.0,36,2,0.277,0,Mortgage,Home improvement,0
3145,58,50700.0,10.7,554,37500.0,24,2,0.271,0,Mortgage,Debt consolidation,1
3146,47,53400.0,13.1,672,5700.0,48,5,0.308,0,Rent,Car,0
3147,52,78200.0,17.5,578,55700.0,36,4,0.089,1,Rent,Debt consolidation,0
3148,62,59700.0,19.3,576,36000.0,36,1,0.066,0,Mortgage,Business,0
3149,70,61700.0,18.8,661,7800.0,12,4,0.09,0,Mortgage,Education,0
3150,23,57500.0,,755,32500.0,36,1,0.299,0,Mortgage,Debt consolidation,0
3151,55,44600.0,15.7,705,30700.0,36,5,0.013,0,Mortgage,Education,0
3152,29,34300.0,3.9,711,7500.0,36,7,0.2,1,Rent,Home improvement,0
3153,28,56600.0,5.3,660,23800.0,60,2,0.356,0,Rent,Home improvement,0
3154,60,41500.0,18.6,643,21200.0,24,3,0.207,0,Mortgage,Debt consolidation,1
3155,21,114100.0,3.0,733,45800.0,24,4,0.122,0,Rent,Education,0
3156,62,95900.0,14.2,625,76200.0,60,2,0.178,0,Rent,Car,0
3157,58,67300.0,16.7,737,13000.0,60,5,0.128,0,Own,Home improvement,0
3158,70,59200.0,19.7,769,41800.0,36,4,0.111,0,Rent,Education,0
3159,53,46900.0,13.7,603,33400.0,36,5,0.324,0,Mortgage,Home improvement,1
3160,64,26100.0,21.0,614,11200.0,12,2,0.258,0,Own,Debt consolidation,0
3161,24,44000.0,5.3,626,22400.0,60,3,0.307,0,Rent,Education,1
3162,65,51600.0,23.0,553,9300.0,36,4,0.119,0,Own,Debt consolidation,0
3163,26,55000.0,4.5,632,11900.0,36,4,0.029,0,Mortgage,Business,0
3164,34,62000.0,6.1,774,31100.0,36,4,0.228,0,Mortgage,Car,0
3165,24,77700.0,1.6,586,18700.0,36,3,0.296,0,Rent,Home improvement,0
3166,39,34700.0,3.2,776,25500.0,48,7,0.271,0,Rent,Business,0
3167,57,34800.0,19.6,635,20000.0,12,1,0.084,0,Mortgage,Debt consolidation,0
3168,32,101300.0,4.6,839,9900.0,36,5,0.094,0,Rent,Education,0
3169,61,72100.0,18.7,615,25500.0,12,5,0.252,0,Mortgage,Education,0
3170,50,40300.0,14.8,658,31400.0,48,2,0.279,1,Own,Medical,1
3171,51,46500.0,9.5,597,13300.0,24,3,0.08,0,Own,Business,1
3172,67,46600.0,16.8,615,30800.0,60,1,0.129,0,Rent,Debt consolidation,0
3173,40,49800.0,13.4,777,6500.0,36,5,0.377,0,Mortgage,Medical,0
3174,36,62100.0,8.1,708,52200.0,36,6,0.259,0,Rent,Medical,0
3175,70,174100.0,19.1,752,75200.0,36,2,0.206,0,Rent,Education,0
3176,47,53900.0,11.2,565,25200.0,36,13,0.183,0,Rent,Education,1
3177,50,,16.1,722,36500.0,36,5,0.456,0,Mortgage,Business,0
3178,33,21100.0,8.8,592,7600.0,36,4,0.557,1,Rent,Education,1
3179,29,38500.0,0.0,563,25700.0,24,2,0.391,0,Rent,Education,0
3180,26,90600.0,8.0,689,5700.0,36,2,0.519,1,Rent,Business,1
3181,29,59900.0,7.3,688,11300.0,60,6,0.232,2,Rent,Debt consolidation,1
3182,28,5500.0,3.5,674,1200.0,24,6,0.18,0,Rent,Debt consolidation,1
3183,57,68700.0,12.0,727,40500.0,60,3,0.335,0,Mortgage,Home improvement,0
3184,21,127900.0,3.0,740,103200.0,60,4,0.229,0,Mortgage,Home improvement,0
3185,51,18100.0,14.6,788,1900.0,48,3,0.341,0,Own,Car,0
3186,68,104800.0,,575,81200.0,12,4,0.511,0,Rent,Car,0
3187,58,12300.0,15.3,790,9200.0,36,3,0.113,0,Rent,Business,0
3188,39,78400.0,17.8,821,9000.0,60,3,0.609,2,Mortgage,Debt consolidation,0
3189,21,48800.0,1.2,641,8400.0,36,4,0.218,0,Mortgage,Debt consolidation,0
3190,62,15100.0,15.4,537,5200.0,24,4,0.083,0,Own,Debt consolidation,0
3191,18,61300.0,0.0,559,9000.0,36,3,0.082,0,Mortgage,Home improvement,0
3192,54,87200.0,19.7,633,60600.0,36,3,0.145,0,Own,Business,0
3193,53,58800.0,16.5,831,28100.0,12,0,0.165,0,Rent,Car,0
3194,28,65700.0,8.2,671,26200.0,24,6,0.138,0,Own,Debt consolidation,0
3195,57,39900.0,16.3,621,26600.0,36,4,0.304,0,Rent,Debt consolidation,0
3196,27,19300.0,7.4,615,5800.0,36,6,0.253,0,Own,Debt consolidation,0
3197,29,69300.0,1.9,564,54800.0,24,6,0.311,0,Rent,Education,1
3198,61,117600.0,17.7,740,71300.0,60,3,0.352,0,Rent,Debt consolidation,0
3199,69,86200.0,21.3,663,29700.0,24,4,0.426,0,Mortgage,Medical,0
3200,32,18100.0,9.7,838,9200.0,24,6,0.241,2,Rent,Business,0
3201,66,23000.0,20.2,720,6200.0,24,4,0.471,0,Mortgage,Medical,0
3202,66,32100.0,17.3,736,28500.0,24,5,0.151,0,Rent,Car,0
3203,58,22100.0,16.2,651,9300.0,36,6,0.325,0,Mortgage,Business,0
3204,25,50100.0,0.0,583,40700.0,12,1,0.463,0,Mortgage,Medical,0
3205,33,59700.0,0.0,600,52600.0,60,5,0.249,0,Mortgage,Business,1
3206,53,,16.5,560,12100.0,60,3,0.213,0,Mortgage,Debt consolidation,0
3207,70,72300.0,19.7,743,48500.0,36,3,0.34,0,Rent,Debt consolidation,0
3208,61,66200.0,16.4,639,35500.0,48,5,0.327,0,Mortgage,Car,0
3209,40,37300.0,,746,4800.0,36,6,0.348,0,Mortgage,Home improvement,0
3210,30,45000.0,9.0,681,38700.0,60,8,0.071,0,Mortgage,Education,0
3211,68,18500.0,21.6,647,8100.0,24,2,0.041,2,Mortgage,Debt consolidation,0
3212,32,41500.0,11.4,576,33600.0,36,3,0.233,0,Mortgage,Debt consolidation,0
3213,36,49200.0,8.7,694,29900.0,12,7,0.502,0,Rent,Home improvement,1
3214,69,53300.0,21.3,653,7400.0,12,3,0.29,0,Rent,Business,0
3215,47,59200.0,12.3,742,23900.0,60,3,0.331,0,Mortgage,Car,0
3216,32,55400.0,1.7,613,12000.0,24,8,0.22,1,Rent,Home improvement,1
3217,18,43000.0,0.0,719,8400.0,36,3,0.142,1,Rent,Home improvement,0
3218,40,56600.0,1.5,801,37200.0,24,3,0.131,0,Rent,Car,0
3219,70,80900.0,19.0,692,6100.0,60,6,0.039,0,Own,Business,0
3220,40,46700.0,8.9,733,40700.0,36,2,0.03,0,Mortgage,Debt consolidation,0
3221,55,57500.0,12.4,716,24900.0,24,0,0.247,0,Own,Car,0
3222,31,44700.0,3.8,822,20800.0,36,5,0.119,0,Rent,Debt consolidation,1
3223,59,35500.0,21.9,700,10800.0,24,5,0.323,0,Rent,Business,0
3224,59,63700.0,19.7,726,7800.0,24,3,0.538,0,Own,Car,0
3225,50,37100.0,10.7,667,20400.0,48,1,0.04,1,Mortgage,Debt consolidation,0
3226,58,59500.0,14.6,608,20400.0,60,6,0.238,0,Own,Education,1
3227,48,49700.0,8.2,573,28800.0,48,4,0.288,0,Rent,Home improvement,0
3228,38,,10.1,771,22000.0,24,3,0.205,0,Mortgage,Home improvement,0
3229,57,41600.0,14.9,589,9700.0,36,1,0.334,0,Mortgage,Debt consolidation,0
3230,62,38000.0,11.7,730,16800.0,48,4,0.355,0,Mortgage,Car,1
3231,62,21500.0,17.9,703,6700.0,24,4,0.095,0,Rent,Debt consolidation,0
3232,29,59400.0,5.7,743,15100.0,48,4,0.327,0,Mortgage,Debt consolidation,0
3233,53,55000.0,16.9,629,38700.0,36,2,0.304,0,Mortgage,Debt consolidation,0
3234,18,75000.0,0.0,607,4500.0,60,5,0.058,0,Mortgage,Debt consolidation,0
3235,48,37600.0,10.9,700,10500.0,36,4,0.09,0,Mortgage,Education,0
3236,48,126500.0,18.0,647,63400.0,60,3,0.308,0,Rent,Debt consolidation,0
3237,37,40500.0,7.6,572,18400.0,36,5,0.237,1,Rent,Car,0
3238,70,31600.0,23.0,825,26800.0,48,5,0.044,1,Rent,Medical,0
3239,64,29800.0,16.8,607,22900.0,24,4,0.244,0,Own,Business,1
3240,20,20600.0,2.0,591,14200.0,36,2,0.448,0,Mortgage,Debt consolidation,1
3241,29,105500.0,0.0,651,51400.0,36,4,0.379,0,Rent,Car,1
3242,29,97300.0,3.0,770,40300.0,12,3,0.038,0,Mortgage,Debt consolidation,0
3243,65,66200.0,15.2,497,5400.0,36,5,0.151,0,Rent,Car,0
3244,45,31300.0,,764,23400.0,24,3,0.28,0,Mortgage,Home improvement,0
3245,56,121300.0,19.0,597,50500.0,60,3,0.206,1,Rent,Business,0
3246,60,,15.0,691,13300.0,60,3,0.491,0,Rent,Business,0
3247,58,42900.0,18.2,616,24300.0,48,4,0.12,1,Mortgage,Education,0
3248,22,,4.0,829,69500.0,36,2,0.16,0,Own,Home improvement,0
3249,25,68100.0,2.7,680,33700.0,24,5,0.305,0,Rent,Debt consolidation,0
3250,38,,11.0,613,26100.0,36,6,0.336,0,Rent,Home improvement,0
3251,35,55500.0,8.4,646,46300.0,24,4,0.805,2,Mortgage,Car,1
3252,57,40200.0,15.9,677,5900.0,36,4,0.04,0,Mortgage,Home improvement,0
3253,26,36100.0,5.5,684,31600.0,60,5,0.158,0,Own,Business,0
3254,37,19500.0,13.1,705,8300.0,24,6,0.422,2,Rent,Debt consolidation,0
3255,30,42600.0,2.9,670,36400.0,12,5,0.361,0,Mortgage,Debt consolidation,0
3256,28,86900.0,1.1,560,71900.0,24,2,0.152,0,Mortgage,Debt consolidation,1
3257,27,66100.0,0.5,643,26100.0,36,8,0.181,1,Rent,Car,1
3258,28,49500.0,7.0,719,36100.0,12,2,0.309,0,Rent,Business,0
3259,47,29800.0,15.0,616,3800.0,36,3,0.132,0,Mortgage,Business,0
3260,39,54900.0,6.8,724,6600.0,24,6,0.352,0,Rent,Business,0
3261,41,81300.0,2.8,673,28700.0,24,3,0.292,0,Own,Debt consolidation,1
3262,43,60800.0,8.0,653,34600.0,48,5,0.405,0,Rent,Education,1
3263,57,53300.0,17.2,766,3100.0,60,4,0.306,0,Mortgage,Car,0
3264,63,32900.0,17.8,531,16100.0,24,6,0.287,0,Own,Business,0
3265,45,75600.0,11.3,616,66500.0,24,5,0.574,0,Rent,Business,1
3266,52,10200.0,12.0,769,8000.0,24,2,0.104,0,Rent,Business,0
3267,57,59400.0,18.6,816,14700.0,48,4,0.163,0,Rent,Debt consolidation,0
3268,54,177200.0,15.4,850,88400.0,36,9,0.533,0,Mortgage,Home improvement,0
3269,25,23100.0,4.6,674,4500.0,36,5,0.259,1,Rent,Debt consolidation,0
3270,70,43400.0,21.3,707,11900.0,36,1,0.046,0,Mortgage,Business,0
3271,26,48800.0,4.8,735,40700.0,60,1,0.197,0,Mortgage,Debt consolidation,0
3272,39,38900.0,9.8,772,34900.0,12,4,0.325,0,Rent,Home improvement,0
3273,52,82300.0,10.8,695,21100.0,24,3,0.368,0,Mortgage,Debt consolidation,0
3274,39,62100.0,9.5,744,14300.0,36,2,0.283,0,Rent,Car,0
3275,30,52900.0,7.2,707,19900.0,36,7,0.417,1,Rent,Debt consolidation,0
3276,66,73000.0,22.7,712,31300.0,24,7,0.071,0,Rent,Home improvement,0
3277,21,49400.0,2.4,597,6200.0,60,0,0.302,1,Own,Home improvement,1
3278,31,240400.0,2.3,644,42200.0,48,4,0.146,0,Rent,Debt consolidation,0
3279,70,,18.4,628,21700.0,60,5,0.282,0,Rent,Medical,0
3280,56,54000.0,13.9,575,13500.0,60,1,0.051,0,Mortgage,Debt consolidation,0
3281,22,20800.0,2.2,538,16000.0,36,4,0.202,0,Rent,Home improvement,0
3282,57,37400.0,15.2,636,25800.0,60,2,0.226,0,Mortgage,Medical,1
3283,69,87000.0,17.0,649,44000.0,48,5,0.035,0,Rent,Home improvement,0
3284,23,25100.0,0.0,678,10500.0,36,5,0.072,0,Rent,Education,1
3285,39,16700.0,2.1,714,12600.0,48,8,0.347,0,Own,Medical,0
3286,42,49800.0,0.2,685,9500.0,60,4,0.324,0,Rent,Home improvement,0
3287,24,97300.0,2.0,649,78300.0,48,5,0.306,0,Rent,Education,0
3288,28,,10.0,597,4600.0,48,3,0.364,0,Mortgage,Home improvement,0
3289,27,41400.0,9.0,740,34600.0,24,5,0.353,0,Mortgage,Debt consolidation,0
3290,27,19400.0,0.7,662,3300.0,60,0,0.233,0,Mortgage,Business,0
3291,39,61500.0,8.8,635,45500.0,36,3,0.43,0,Mortgage,Home improvement,1
3292,42,68200.0,5.2,655,4500.0,36,7,0.174,0,Mortgage,Debt consolidation,0
3293,30,20100.0,0.9,611,14900.0,48,4,0.113,0,Rent,Car,1
3294,33,86400.0,2.4,628,47200.0,36,7,0.186,0,Rent,Home improvement,0
3295,28,71900.0,3.3,625,4800.0,24,3,0.221,0,Rent,Debt consolidation,0
3296,60,86300.0,16.3,647,61100.0,48,1,0.227,0,Mortgage,Home improvement,0
3297,29,65600.0,5.2,722,8900.0,24,4,0.283,0,Mortgage,Business,0
3298,66,68000.0,21.2,703,34600.0,24,5,0.41,0,Rent,Debt consolidation,0
3299,46,63600.0,10.2,794,21100.0,24,5,0.19,0,Mortgage,Debt consolidation,0
3300,60,75700.0,16.9,767,52600.0,36,4,0.388,0,Rent,Car,0
3301,51,19700.0,9.9,827,15300.0,24,4,0.183,0,Rent,Business,0
3302,32,23100.0,1.6,715,10300.0,36,3,0.038,0,Mortgage,Education,0
3303,49,33900.0,7.9,713,23500.0,60,1,0.28,0,Rent,Medical,0
3304,32,45900.0,7.5,631,38100.0,36,4,0.249,0,Rent,Debt consolidation,0
3305,24,59500.0,1.4,736,37800.0,60,4,0.36,0,Mortgage,Business,0
3306,31,57700.0,0.0,618,18700.0,36,3,0.443,0,Mortgage,Debt consolidation,0
3307,32,85700.0,5.4,552,38000.0,24,2,0.352,0,Rent,Debt consolidation,0
3308,25,87100.0,0.0,792,21400.0,48,4,0.105,1,Mortgage,Debt consolidation,0
3309,19,31700.0,1.0,570,13900.0,36,1,0.244,0,Mortgage,Debt consolidation,0
3310,68,55200.0,18.3,705,14300.0,60,4,0.432,0,Mortgage,Medical,0
3311,45,32100.0,12.8,600,23600.0,24,5,0.284,0,Own,Home improvement,0
3312,39,44600.0,11.7,760,25400.0,60,3,0.295,0,Mortgage,Debt consolidation,0
3313,67,57600.0,16.7,771,33900.0,36,2,0.515,0,Own,Car,0
3314,29,8900.0,,712,1300.0,60,4,0.366,0,Mortgage,Home improvement,1
3315,39,163700.0,10.1,770,8400.0,24,5,0.34,0,Rent,Debt consolidation,0
3316,62,65100.0,17.9,671,46900.0,36,7,0.288,0,Rent,Home improvement,0
3317,51,36400.0,14.3,849,18600.0,24,4,0.258,0,Mortgage,Debt consolidation,0
3318,39,128500.0,4.4,730,108200.0,60,4,0.273,0,Rent,Home improvement,0
3319,31,41200.0,6.9,598,20900.0,24,5,0.338,0,Mortgage,Home improvement,0
3320,19,52400.0,0.0,676,12200.0,36,4,0.172,0,Mortgage,Car,0
3321,22,38400.0,2.6,658,24700.0,48,5,0.191,1,Mortgage,Business,0
3322,26,,6.0,650,72300.0,36,5,0.123,0,Mortgage,Business,0
3323,59,46500.0,18.4,537,4900.0,48,1,0.292,0,Rent,Car,0
3324,51,52800.0,14.2,701,33800.0,48,4,0.103,0,Own,Debt consolidation,0
3325,40,89500.0,10.7,559,20600.0,24,4,0.146,0,Rent,Education,0
3326,59,65700.0,18.5,468,17500.0,48,3,0.27,0,Mortgage,Business,0
3327,26,47700.0,7.7,642,3700.0,36,2,0.425,0,Rent,Education,0
3328,29,85400.0,4.3,610,49800.0,36,6,0.078,0,Rent,Debt consolidation,0
3329,38,174400.0,8.5,601,117200.0,24,7,0.161,0,Mortgage,Debt consolidation,1
3330,66,57500.0,22.0,422,14100.0,36,3,0.022,0,Rent,Debt consolidation,1
3331,50,52000.0,11.3,602,37600.0,60,4,0.122,1,Rent,Debt consolidation,1
3332,63,53400.0,14.0,656,37300.0,60,4,0.099,0,Rent,Education,0
3333,31,94400.0,,619,37600.0,60,4,0.355,0,Rent,Medical,0
3334,62,36300.0,17.0,701,3900.0,48,3,0.106,0,Rent,Business,0
3335,21,42700.0,0.0,781,12300.0,12,4,0.119,0,Own,Car,0
3336,30,22700.0,6.3,711,4300.0,36,4,0.205,0,Rent,Car,0
3337,45,27100.0,15.1,752,23400.0,24,9,0.047,0,Own,Debt consolidation,0
3338,20,37800.0,0.0,759,28200.0,48,6,0.346,0,Rent,Business,1
3339,63,47700.0,21.1,588,5600.0,24,5,0.363,0,Mortgage,Business,0
3340,63,118700.0,10.4,705,57700.0,60,5,0.251,0,Own,Debt consolidation,0
3341,46,64100.0,10.0,750,17700.0,24,2,0.501,2,Mortgage,Education,1
3342,34,31100.0,11.9,635,2400.0,12,0,0.014,1,Mortgage,Medical,0
3343,23,34100.0,1.0,607,11000.0,60,8,0.356,0,Mortgage,Education,0
3344,50,97500.0,13.1,712,15400.0,24,4,0.239,0,Own,Home improvement,0
3345,46,86100.0,13.5,551,20600.0,12,5,0.31,2,Rent,Education,0
3346,58,49700.0,10.9,583,16300.0,36,3,0.107,2,Mortgage,Debt consolidation,0
3347,49,39300.0,12.6,617,15600.0,60,4,0.076,0,Mortgage,Debt consolidation,0
3348,24,86000.0,2.6,706,38500.0,24,6,0.504,0,Mortgage,Debt consolidation,0
3349,24,29800.0,6.0,688,14700.0,36,6,0.432,1,Rent,Home improvement,0
3350,59,59600.0,12.7,753,21700.0,24,2,0.319,1,Mortgage,Education,0
3351,26,152700.0,2.1,596,72300.0,36,6,0.175,0,Rent,Car,1
3352,67,54300.0,16.8,592,22000.0,36,5,0.601,0,Mortgage,Car,0
3353,23,33300.0,0.0,712,29000.0,36,5,0.433,0,Rent,Home improvement,0
3354,56,60200.0,,606,6500.0,36,4,0.152,0,Mortgage,Car,0
3355,69,38800.0,20.5,622,21300.0,60,3,0.32,0,Rent,Debt consolidation,0
3356,41,24400.0,7.5,521,5200.0,48,5,0.407,0,Own,Debt consolidation,0
3357,21,69600.0,0.0,693,25700.0,48,3,0.199,0,Mortgage,Education,1
3358,64,85700.0,16.7,793,44100.0,36,3,0.407,0,Own,Home improvement,0
3359,27,42000.0,2.2,588,29200.0,36,3,0.229,0,Rent,Education,0
3360,45,,7.0,752,35800.0,36,6,0.359,1,Own,Debt consolidation,0
3361,70,30300.0,20.0,665,14200.0,36,3,0.282,0,Mortgage,Business,0
3362,57,45500.0,14.5,529,12200.0,24,12,0.132,0,Rent,Debt consolidation,0
3363,20,37000.0,0.0,598,26700.0,24,3,0.226,0,Own,Home improvement,0
3364,61,29600.0,,593,7100.0,36,3,0.199,0,Rent,Car,0
3365,26,126300.0,3.9,645,60800.0,24,5,0.534,0,Rent,Car,0
3366,57,61900.0,13.9,704,47600.0,24,6,0.071,0,Rent,Home improvement,0
3367,50,65300.0,12.4,818,25700.0,36,6,0.102,0,Mortgage,Home improvement,0
3368,33,76200.0,12.5,556,39900.0,48,4,0.26,0,Mortgage,Medical,1
3369,40,72100.0,15.2,631,10900.0,24,3,0.067,0,Rent,Business,0
3370,24,39900.0,0.0,598,3900.0,48,1,0.406,0,Mortgage,Debt consolidation,0
3371,70,56200.0,18.1,569,49900.0,12,3,0.195,0,Mortgage,Home improvement,0
3372,30,42900.0,1.6,678,8700.0,60,4,0.22,0,Mortgage,Education,0
3373,34,61000.0,9.6,670,20400.0,36,3,0.118,0,Own,Education,0
3374,44,58200.0,9.2,525,27900.0,36,4,0.291,0,Rent,Debt consolidation,0
3375,53,40500.0,14.7,671,14900.0,48,4,0.368,0,Mortgage,Business,0
3376,44,25200.0,16.4,574,3300.0,36,4,0.249,0,Mortgage,Business,0
3377,44,52700.0,10.4,671,11500.0,36,6,0.162,1,Mortgage,Medical,0
3378,48,44300.0,14.1,772,20800.0,36,1,0.025,1,Rent,Business,0
3379,63,19000.0,19.6,707,8000.0,60,3,0.257,0,Mortgage,Debt consolidation,0
3380,38,63200.0,6.2,684,46000.0,60,4,0.325,0,Rent,Debt consolidation,0
3381,62,79400.0,20.8,628,25000.0,36,5,0.131,0,Rent,Education,0
3382,59,173500.0,13.9,675,147300.0,60,7,0.063,0,Mortgage,Home improvement,0
3383,68,40300.0,24.0,715,11700.0,24,7,0.105,0,Mortgage,Business,0
3384,66,37400.0,17.4,707,12400.0,36,3,0.247,1,Mortgage,Debt consolidation,0
3385,60,28100.0,15.4,662,24100.0,36,4,0.295,0,Rent,Home improvement,1
3386,31,54400.0,1.9,687,41600.0,36,4,0.396,0,Own,Debt consolidation,0
3387,59,54200.0,13.6,565,17300.0,60,5,0.335,1,Mortgage,Education,1
3388,57,32700.0,14.3,611,12600.0,60,6,0.553,0,Mortgage,Debt consolidation,0
3389,33,44900.0,0.0,727,34400.0,60,7,0.337,0,Rent,Home improvement,0
3390,53,18200.0,13.3,737,2200.0,36,4,0.244,0,Mortgage,Medical,0
3391,31,77900.0,3.7,677,23400.0,36,4,0.103,0,Mortgage,Business,0
3392,45,33300.0,13.2,788,16700.0,48,4,0.116,0,Rent,Home improvement,0
3393,60,48200.0,18.1,711,36400.0,24,4,0.495,0,Mortgage,Education,0
3394,27,24000.0,1.5,651,12700.0,60,2,0.375,0,Rent,Debt consolidation,1
3395,35,36600.0,5.4,572,17100.0,12,6,0.248,0,Own,Medical,1
3396,60,42600.0,16.1,785,37000.0,60,5,0.245,0,Own,Home improvement,0
3397,42,48700.0,14.1,732,7300.0,48,6,0.252,0,Mortgage,Debt consolidation,0
3398,68,62300.0,17.5,814,44400.0,12,6,0.363,0,Rent,Home improvement,0
3399,18,100700.0,0.0,843,15900.0,24,3,0.323,0,Mortgage,Debt consolidation,0
3400,56,70700.0,11.8,567,47600.0,36,4,0.194,0,Rent,Medical,1
3401,61,79300.0,12.8,567,40600.0,24,4,0.255,0,Mortgage,Debt consolidation,1
3402,66,101000.0,20.1,441,27800.0,60,6,0.341,0,Mortgage,Education,0
3403,26,65200.0,3.8,743,33400.0,24,6,0.179,0,Mortgage,Business,0
3404,70,48100.0,24.6,723,38400.0,36,7,0.271,0,Rent,Debt consolidation,0
3405,38,81200.0,11.1,678,36700.0,24,2,0.193,0,Rent,Education,0
3406,36,83800.0,14.4,572,4700.0,24,3,0.138,0,Rent,Home improvement,0
3407,36,67800.0,7.0,663,6700.0,24,4,0.363,1,Rent,Business,0
3408,51,23700.0,,685,13900.0,60,4,0.298,0,Rent,Car,0
3409,52,32200.0,9.7,733,20200.0,48,5,0.133,0,Mortgage,Debt consolidation,0
3410,43,42700.0,12.1,692,16700.0,60,2,0.251,0,Mortgage,Debt consolidation,0
3411,21,72400.0,1.6,723,18600.0,36,1,0.097,1,Mortgage,Business,0
3412,70,,22.8,660,31900.0,24,4,0.205,0,Rent,Car,0
3413,29,86500.0,1.0,765,26700.0,12,5,0.725,0,Mortgage,Car,0
3414,22,94600.0,2.7,721,10700.0,36,8,0.329,0,Own,Car,0
3415,49,89300.0,13.0,575,35600.0,12,5,0.327,0,Mortgage,Medical,0
3416,39,89600.0,8.8,781,45500.0,12,1,0.457,0,Mortgage,Debt consolidation,0
3417,50,29200.0,10.8,768,25400.0,36,4,0.18,0,Rent,Medical,1
3418,64,62400.0,22.0,707,34500.0,24,4,0.22,0,Rent,Debt consolidation,0
3419,23,36200.0,,692,8200.0,36,8,0.35,0,Mortgage,Education,0
3420,33,21500.0,2.7,803,16300.0,36,4,0.185,0,Own,Education,0
3421,45,42500.0,13.0,539,12700.0,48,5,0.041,0,Mortgage,Business,0
3422,59,95100.0,7.8,769,82300.0,36,4,0.102,0,Mortgage,Debt consolidation,0
3423,49,61700.0,14.4,632,20100.0,48,0,0.326,0,Mortgage,Medical,0
3424,38,134400.0,2.4,758,110600.0,36,5,0.239,0,Mortgage,Debt consolidation,0
3425,50,53600.0,11.2,680,42700.0,12,2,0.147,0,Mortgage,Car,0
3426,69,166700.0,16.5,571,130800.0,36,5,0.378,1,Rent,Education,1
3427,43,53600.0,9.4,630,4500.0,12,6,0.345,0,Mortgage,Home improvement,0
3428,64,49600.0,20.9,752,38300.0,36,2,0.246,1,Rent,Debt consolidation,1
3429,59,,10.8,653,17200.0,48,5,0.272,0,Mortgage,Car,0
3430,33,85400.0,4.9,620,28500.0,48,3,0.224,0,Own,Business,0
3431,31,38100.0,3.7,620,17800.0,24,3,0.429,0,Rent,Education,0
3432,58,35500.0,20.7,721,21100.0,24,4,0.148,0,Rent,Business,0
3433,28,93000.0,5.3,810,79200.0,24,3,0.4,1,Rent,Car,1
3434,35,87500.0,3.3,499,62400.0,60,6,0.536,0,Rent,Education,1
3435,30,86300.0,3.4,850,35700.0,36,6,0.343,0,Own,Car,0
3436,50,40900.0,17.5,686,24500.0,36,3,0.484,0,Rent,Debt consolidation,1
3437,33,47800.0,8.1,716,9900.0,12,3,0.124,0,Mortgage,Medical,0
3438,52,47600.0,10.8,635,19500.0,48,3,0.373,1,Mortgage,Business,0
3439,67,72500.0,18.8,670,52400.0,36,4,0.169,0,Mortgage,Car,0
3440,61,106600.0,16.5,685,60300.0,12,2,0.227,0,Own,Car,0
3441,68,58900.0,18.4,586,42200.0,36,7,0.066,0,Mortgage,Car,0
3442,19,131600.0,0.0,606,63600.0,48,5,0.068,0,Rent,Business,0
3443,42,76800.0,7.6,765,28700.0,36,3,0.244,0,Mortgage,Education,0
3444,29,43600.0,8.6,546,29700.0,60,5,0.405,2,Mortgage,Home improvement,1
3445,66,74200.0,,705,9600.0,60,5,0.097,0,Mortgage,Home improvement,0
3446,55,115000.0,14.5,640,101400.0,36,4,0.107,0,Own,Business,0
3447,34,133100.0,6.8,593,113900.0,60,5,0.148,1,Mortgage,Debt consolidation,1
3448,47,88700.0,18.3,828,70800.0,60,5,0.042,0,Rent,Debt consolidation,0
3449,50,49700.0,12.8,594,39800.0,36,2,0.131,0,Rent,Home improvement,0
3450,44,44000.0,13.7,580,21300.0,48,5,0.167,0,Rent,Medical,1
3451,43,65400.0,8.2,655,31000.0,36,4,0.122,0,Rent,Debt consolidation,0
3452,20,113200.0,0.0,609,84600.0,36,4,0.167,0,Own,Debt consolidation,0
3453,41,60900.0,9.2,671,17700.0,36,5,0.074,0,Rent,Car,0
3454,36,61500.0,,682,47500.0,60,3,0.381,0,Own,Education,1
3455,61,50300.0,16.6,689,11100.0,60,1,0.047,0,Mortgage,Home improvement,0
3456,63,41600.0,20.7,660,33200.0,36,5,0.452,0,Mortgage,Debt consolidation,0
3457,57,45200.0,13.2,614,23000.0,36,5,0.071,0,Mortgage,Education,0
3458,19,52500.0,0.4,721,40300.0,36,5,0.339,0,Rent,Business,0
3459,62,115700.0,19.7,661,54300.0,60,5,0.302,0,Rent,Debt consolidation,0
3460,39,43500.0,5.9,630,24700.0,36,0,0.242,0,Rent,Business,0
3461,40,50300.0,12.1,788,42100.0,24,7,0.386,0,Mortgage,Car,0
3462,68,31800.0,20.2,660,12900.0,24,4,0.265,0,Mortgage,Education,0
3463,63,70100.0,17.5,757,16600.0,12,5,0.242,0,Mortgage,Debt consolidation,0
3464,20,97100.0,0.0,768,12400.0,24,4,0.23,0,Mortgage,Medical,0
3465,37,110400.0,6.5,773,60900.0,36,3,0.17,1,Mortgage,Debt consolidation,0
3466,57,54300.0,16.7,725,30900.0,24,2,0.471,0,Mortgage,Debt consolidation,0
3467,46,65300.0,16.4,670,37700.0,60,4,0.224,0,Own,Business,0
3468,31,45400.0,6.9,665,3700.0,36,1,0.363,0,Mortgage,Car,0
3469,45,63800.0,14.2,650,4700.0,36,4,0.34,2,Mortgage,Home improvement,0
3470,63,57400.0,14.4,497,46600.0,48,6,0.171,0,Mortgage,Education,0
3471,29,50500.0,4.0,728,32400.0,36,4,0.221,1,Rent,Education,1
3472,57,52500.0,19.3,690,7700.0,48,4,0.553,0,Own,Business,0
3473,56,61400.0,12.5,736,7000.0,60,4,0.255,1,Rent,Debt consolidation,0
3474,64,42300.0,21.3,661,7900.0,36,4,0.127,0,Rent,Debt consolidation,0
3475,33,43400.0,8.2,723,31900.0,36,4,0.365,0,Rent,Business,0
3476,29,115100.0,5.2,560,76500.0,36,2,0.49,0,Own,Car,1
3477,47,190100.0,10.6,576,112700.0,36,3,0.328,0,Mortgage,Car,1
3478,46,26800.0,8.2,472,15900.0,36,7,0.271,0,Rent,Medical,0
3479,39,26100.0,13.7,659,20400.0,36,8,0.306,1,Rent,Car,0
3480,59,30400.0,18.3,608,10100.0,36,3,0.411,0,Rent,Debt consolidation,0
3481,60,46600.0,17.8,598,15100.0,36,5,0.246,0,Rent,Debt consolidation,0
3482,31,76700.0,4.0,697,31600.0,12,5,0.01,0,Rent,Debt consolidation,0
3483,60,65900.0,16.9,636,58700.0,24,2,0.423,0,Mortgage,Business,0
3484,30,53400.0,,555,27900.0,36,0,0.28,0,Rent,Education,0
3485,39,63900.0,9.6,850,32900.0,12,7,0.215,1,Own,Car,0
3486,19,34700.0,1.0,667,25600.0,48,1,0.31,2,Rent,Debt consolidation,0
3487,36,43400.0,4.9,583,8700.0,60,2,0.183,0,Mortgage,Debt consolidation,0
3488,68,48500.0,15.6,616,19100.0,48,8,0.156,0,Own,Debt consolidation,0
3489,41,22200.0,9.5,656,13200.0,36,3,0.337,0,Rent,Debt consolidation,1
3490,55,27400.0,9.6,656,24400.0,36,2,0.261,0,Rent,Home improvement,0
3491,23,,1.0,774,5100.0,48,4,0.198,0,Mortgage,Home improvement,0
3492,51,71800.0,11.7,664,31200.0,48,3,0.196,0,Own,Debt consolidation,0
3493,37,55400.0,9.1,818,45400.0,60,5,0.098,0,Mortgage,Education,0
3494,57,66500.0,21.5,635,44300.0,36,3,0.267,0,Rent,Debt consolidation,0
3495,67,19500.0,13.8,704,11100.0,24,6,0.297,0,Rent,Debt consolidation,0
3496,46,23300.0,18.0,752,6300.0,36,4,0.213,0,Mortgage,Home improvement,0
3497,23,68300.0,1.3,766,14300.0,60,5,0.075,0,Rent,Car,0
3498,43,12200.0,11.0,775,4500.0,36,4,0.385,0,Rent,Car,0
3499,24,90400.0,0.0,648,24100.0,60,5,0.095,0,Rent,Debt consolidation,0
3500,41,,12.2,670,14500.0,48,2,0.433,0,Mortgage,Debt consolidation,1
3501,21,74700.0,1.3,472,49500.0,60,4,0.38,0,Rent,Business,1
3502,51,31400.0,13.0,654,23900.0,36,3,0.491,0,Mortgage,Car,0
3503,34,82800.0,0.6,757,16200.0,60,6,0.26,0,Rent,Education,0
3504,28,243800.0,4.2,742,76400.0,60,1,0.499,0,Mortgage,Education,0
3505,18,15700.0,0.0,663,11000.0,60,2,0.563,0,Own,Business,1
3506,65,69400.0,,806,13100.0,60,4,0.297,0,Own,Business,0
3507,62,19800.0,21.1,639,3400.0,36,4,0.168,0,Rent,Car,1
3508,61,60700.0,20.6,613,22800.0,48,3,0.422,0,Mortgage,Business,0
3509,21,44200.0,0.0,633,9200.0,36,2,0.305,0,Own,Debt consolidation,0
3510,36,52300.0,12.0,580,6100.0,48,4,0.044,0,Mortgage,Car,0
3511,69,31100.0,20.5,720,9800.0,48,5,0.335,0,Own,Home improvement,0
3512,48,72400.0,12.1,693,57500.0,48,5,0.253,0,Own,Debt consolidation,0
3513,24,23800.0,2.7,719,2300.0,36,6,0.608,0,Rent,Business,0
3514,25,91200.0,3.0,637,48400.0,48,2,0.344,0,Rent,Car,0
3515,31,39900.0,0.0,665,21100.0,60,6,0.199,0,Mortgage,Business,1
3516,69,24300.0,19.8,496,12200.0,36,7,0.327,0,Mortgage,Debt consolidation,1
3517,26,108800.0,0.0,700,52200.0,36,6,0.034,0,Rent,Education,0
3518,65,47400.0,23.7,678,3100.0,60,3,0.166,0,Own,Medical,0
3519,53,127200.0,18.8,582,11500.0,48,2,0.455,0,Rent,Home improvement,1
3520,66,90300.0,21.8,662,43800.0,36,4,0.239,0,Own,Debt consolidation,0
3521,61,32900.0,16.5,649,28700.0,36,3,0.134,0,Rent,Car,0
3522,35,47000.0,,811,18600.0,48,2,0.771,0,Mortgage,Debt consolidation,0
3523,61,52100.0,15.2,585,23500.0,48,3,0.213,0,Own,Debt consolidation,0
3524,26,105200.0,,697,93100.0,36,5,0.193,0,Mortgage,Business,1
3525,33,61000.0,3.9,583,43400.0,24,1,0.103,0,Rent,Home improvement,0
3526,29,53500.0,0.0,625,37700.0,60,4,0.179,0,Rent,Car,1
3527,25,44400.0,5.9,692,21300.0,60,9,0.489,0,Mortgage,Medical,0
3528,22,47800.0,4.0,653,38900.0,36,2,0.094,0,Mortgage,Education,0
3529,27,,8.6,670,51200.0,60,0,0.496,1,Mortgage,Education,0
3530,24,49100.0,5.5,697,29900.0,36,6,0.363,0,Mortgage,Medical,0
3531,38,40200.0,11.6,631,28900.0,24,4,0.246,0,Rent,Medical,0
3532,21,37000.0,1.4,741,14600.0,48,4,0.173,0,Rent,Business,0
3533,21,37200.0,0.0,646,32000.0,12,4,0.139,0,Mortgage,Business,1
3534,70,24300.0,20.9,662,21600.0,24,0,0.745,2,Mortgage,Car,0
3535,22,33700.0,3.5,699,18500.0,60,4,0.092,0,Rent,Debt consolidation,0
3536,21,103700.0,0.8,688,24800.0,36,2,0.196,0,Own,Debt consolidation,0
3537,19,44200.0,0.0,722,31300.0,24,4,0.402,0,Mortgage,Home improvement,0
3538,25,69700.0,0.0,695,22600.0,36,3,0.33,0,Mortgage,Home improvement,1
3539,45,14200.0,7.8,708,7700.0,36,5,0.418,0,Mortgage,Debt consolidation,0
3540,61,65100.0,22.7,644,8100.0,36,3,0.265,0,Rent,Business,0
3541,56,45200.0,20.8,584,33300.0,36,5,0.164,0,Own,Home improvement,0
3542,48,38500.0,12.0,556,33300.0,36,4,0.254,0,Mortgage,Debt consolidation,0
3543,22,53700.0,,536,7000.0,36,6,0.183,0,Mortgage,Car,0
3544,59,38300.0,13.5,811,25700.0,36,4,0.35,0,Mortgage,Education,0
3545,19,17000.0,1.0,493,13300.0,60,8,0.14,0,Mortgage,Home improvement,0
3546,51,77700.0,18.5,765,11100.0,36,5,0.476,0,Own,Medical,0
3547,39,55400.0,3.8,604,14400.0,60,3,0.167,0,Rent,Education,0
3548,64,41900.0,19.8,765,16100.0,60,2,0.29,0,Own,Home improvement,0
3549,34,30200.0,8.0,494,23000.0,36,6,0.102,0,Rent,Business,1
3550,51,23500.0,14.8,651,11000.0,12,1,0.645,0,Rent,Car,0
3551,41,54800.0,14.1,786,9100.0,36,6,0.049,0,Own,Business,0
3552,45,109800.0,16.9,727,29400.0,60,3,0.228,0,Mortgage,Car,0
3553,67,54300.0,18.9,643,24300.0,12,4,0.238,0,Rent,Car,0
3554,55,24600.0,16.8,515,2100.0,24,5,0.545,0,Rent,Medical,0
3555,39,54900.0,8.7,564,32200.0,48,5,0.294,0,Mortgage,Business,0
3556,41,47700.0,7.3,781,3400.0,60,3,0.149,0,Rent,Education,0
3557,55,75500.0,15.6,642,53900.0,12,1,0.265,0,Rent,Home improvement,0
3558,36,66400.0,9.2,664,44700.0,36,4,0.192,0,Mortgage,Business,0
3559,26,11000.0,3.9,693,8600.0,24,4,0.463,0,Rent,Education,0
3560,42,64400.0,7.0,566,11900.0,60,12,0.18,0,Rent,Education,0
3561,21,29700.0,0.0,703,16700.0,48,2,0.261,0,Mortgage,Medical,0
3562,26,24100.0,1.8,636,17200.0,36,3,0.046,0,Mortgage,Medical,0
3563,40,44600.0,6.3,693,21800.0,60,3,0.417,0,Rent,Debt consolidation,1
3564,60,60200.0,17.7,624,9700.0,36,1,0.04,0,Mortgage,Business,0
3565,59,21600.0,,544,2900.0,60,5,0.053,0,Rent,Car,0
3566,31,69700.0,8.1,636,39400.0,24,2,0.108,1,Own,Car,0
3567,40,71800.0,6.2,721,34000.0,12,5,0.057,0,Mortgage,Debt consolidation,0
3568,26,50200.0,1.5,702,42200.0,36,3,0.262,0,Mortgage,Medical,0
3569,58,31800.0,20.7,672,24100.0,24,2,0.184,0,Mortgage,Car,0
3570,31,30000.0,4.7,742,20000.0,60,2,0.137,0,Rent,Debt consolidation,0
3571,60,81900.0,16.9,654,72500.0,36,5,0.262,0,Rent,Car,0
3572,62,,17.1,675,14700.0,24,2,0.304,0,Rent,Home improvement,0
3573,54,83500.0,17.8,632,10700.0,48,5,0.223,0,Mortgage,Business,0
3574,35,45100.0,10.3,747,5200.0,36,1,0.241,0,Own,Debt consolidation,0
3575,68,46700.0,23.3,693,34700.0,36,3,0.292,0,Rent,Debt consolidation,0
3576,54,20900.0,14.5,625,7500.0,24,6,0.14,0,Own,Home improvement,0
3577,52,,11.0,551,38100.0,60,4,0.042,0,Rent,Debt consolidation,0
3578,63,66600.0,23.8,758,10000.0,48,6,0.149,0,Rent,Education,0
3579,64,25100.0,21.0,610,5500.0,60,4,0.22,0,Rent,Debt consolidation,0
3580,22,62900.0,0.2,676,44500.0,48,5,0.158,0,Rent,Debt consolidation,0
3581,64,51300.0,22.7,850,39500.0,36,5,0.24,0,Mortgage,Business,0
3582,58,35500.0,14.4,734,27900.0,12,3,0.104,0,Rent,Education,0
3583,28,75200.0,8.2,799,10100.0,48,8,0.136,0,Mortgage,Debt consolidation,0
3584,34,16300.0,10.8,627,6100.0,24,6,0.202,0,Own,Debt consolidation,0
3585,57,58300.0,12.8,756,34900.0,60,4,0.574,0,Mortgage,Home improvement,0
3586,29,110200.0,6.1,672,91600.0,24,5,0.034,1,Rent,Home improvement,1
3587,41,100700.0,11.5,699,25500.0,36,5,0.186,0,Rent,Car,0
3588,54,59600.0,,832,33400.0,36,3,0.15,0,Mortgage,Business,0
3589,52,42200.0,11.4,648,7300.0,36,7,0.238,0,Own,Debt consolidation,0
3590,66,35700.0,23.5,672,24500.0,48,4,0.171,1,Rent,Car,0
3591,23,42100.0,,598,6700.0,48,4,0.457,0,Own,Car,0
3592,33,64300.0,2.3,741,57900.0,48,3,0.437,0,Own,Car,1
3593,70,32700.0,20.4,625,4200.0,60,3,0.528,0,Mortgage,Business,0
3594,48,71600.0,12.0,752,45300.0,36,3,0.314,0,Mortgage,Medical,0
3595,31,142400.0,2.0,538,101200.0,36,7,0.151,2,Mortgage,Education,1
3596,33,47500.0,6.9,714,12800.0,60,7,0.211,0,Own,Debt consolidation,0
3597,35,25000.0,9.7,619,6700.0,24,6,0.274,0,Mortgage,Education,0
3598,47,25000.0,12.3,728,13900.0,24,4,0.484,0,Rent,Medical,0
3599,33,72300.0,4.4,669,42400.0,12,8,0.273,1,Mortgage,Home improvement,0
3600,50,47600.0,12.4,627,31500.0,48,5,0.122,0,Rent,Home improvement,0
3601,41,76000.0,9.2,639,41300.0,48,3,0.102,0,Mortgage,Debt consolidation,0
3602,50,37500.0,13.5,602,7400.0,24,5,0.269,0,Mortgage,Medical,0
3603,26,74300.0,6.5,737,62100.0,24,4,0.184,0,Rent,Business,0
3604,51,45300.0,14.0,586,8700.0,12,6,0.135,2,Rent,Education,1
3605,67,34000.0,15.4,649,18000.0,36,2,0.355,0,Mortgage,Home improvement,0
3606,25,40100.0,1.1,698,33400.0,24,1,0.089,0,Mortgage,Education,0
3607,35,26900.0,,799,22200.0,48,4,0.364,0,Own,Debt consolidation,0
3608,54,132500.0,17.8,669,25500.0,60,5,0.188,0,Rent,Debt consolidation,0
3609,50,46700.0,16.7,651,11800.0,48,4,0.283,0,Own,Debt consolidation,0
3610,53,67700.0,19.3,692,38000.0,60,6,0.441,0,Mortgage,Debt consolidation,0
3611,47,37500.0,12.0,504,12600.0,60,5,0.124,0,Rent,Debt consolidation,0
3612,54,29000.0,16.7,574,19500.0,48,6,0.368,0,Rent,Debt consolidation,0
3613,50,43600.0,8.4,640,21500.0,36,8,0.246,2,Rent,Car,1
3614,21,85000.0,2.5,613,23500.0,60,3,0.256,0,Mortgage,Debt consolidation,0
3615,57,37800.0,12.4,542,15100.0,36,5,0.103,0,Own,Medical,0
3616,41,31700.0,9.0,739,20200.0,36,2,0.322,0,Mortgage,Education,0
3617,20,53000.0,2.0,691,38000.0,12,4,0.297,0,Rent,Debt consolidation,0
3618,39,62900.0,9.3,681,22900.0,36,4,0.144,0,Rent,Home improvement,0
3619,41,111500.0,6.6,614,15500.0,60,4,0.352,0,Rent,Business,1
3620,22,58500.0,2.8,676,20500.0,48,5,0.29,1,Rent,Debt consolidation,1
3621,70,67600.0,19.2,711,39600.0,36,11,0.181,0,Rent,Debt consolidation,0
3622,29,70200.0,1.5,649,48800.0,36,3,0.358,1,Mortgage,Debt consolidation,0
3623,35,27500.0,13.1,706,21900.0,60,4,0.153,1,Mortgage,Medical,0
3624,41,30300.0,12.4,606,26300.0,48,1,0.37,0,Rent,Debt consolidation,1
3625,62,28500.0,18.6,678,14200.0,36,4,0.063,0,Rent,Business,0
3626,57,25200.0,14.4,761,20100.0,36,5,0.231,0,Mortgage,Debt consolidation,0
3627,58,73000.0,15.1,769,19900.0,36,3,0.156,0,Rent,Education,0
3628,30,,9.4,776,29800.0,60,8,0.143,1,Rent,Debt consolidation,0
3629,62,51000.0,18.5,693,25900.0,24,4,0.113,0,Rent,Education,0
3630,61,13400.0,8.0,673,9400.0,60,7,0.062,0,Own,Medical,0
3631,42,137000.0,16.9,634,96900.0,24,2,0.106,0,Mortgage,Medical,0
3632,46,31300.0,11.7,525,9200.0,60,6,0.099,0,Rent,Education,0
3633,19,136700.0,,562,109800.0,36,2,0.237,0,Mortgage,Debt consolidation,0
3634,58,23800.0,19.3,657,19200.0,48,5,0.04,0,Mortgage,Medical,0
3635,68,32700.0,21.4,661,28000.0,48,4,0.61,0,Mortgage,Education,0
3636,43,,12.2,783,7200.0,48,7,0.101,0,Mortgage,Debt consolidation,0
3637,46,58800.0,9.9,775,52300.0,48,6,0.402,0,Own,Car,0
3638,44,28300.0,6.7,615,20300.0,12,6,0.023,0,Mortgage,Education,0
3639,22,28700.0,2.4,735,17400.0,24,3,0.086,1,Mortgage,Car,0
3640,50,24700.0,17.1,632,10300.0,24,8,0.291,1,Rent,Home improvement,0
3641,56,72300.0,13.3,725,55400.0,48,6,0.428,0,Rent,Education,0
3642,67,70000.0,17.4,734,49000.0,48,4,0.354,0,Rent,Home improvement,0
3643,67,121300.0,23.3,769,66400.0,24,6,0.432,0,Mortgage,Home improvement,0
3644,44,34800.0,9.0,631,31200.0,48,2,0.119,0,Mortgage,Home improvement,0
3645,68,54700.0,18.8,751,14300.0,36,1,0.296,0,Mortgage,Medical,0
3646,46,25700.0,10.1,520,15300.0,36,5,0.412,1,Rent,Debt consolidation,1
3647,52,41500.0,13.4,774,13400.0,36,3,0.352,0,Mortgage,Debt consolidation,0
3648,49,37800.0,7.7,668,16600.0,48,2,0.441,1,Mortgage,Car,1
3649,70,61800.0,19.2,670,20900.0,12,3,0.168,0,Own,Car,0
3650,57,81500.0,16.3,507,27300.0,60,3,0.114,0,Rent,Education,0
3651,24,80500.0,3.1,639,29800.0,48,7,0.142,0,Rent,Debt consolidation,0
3652,21,32200.0,3.0,778,3200.0,36,3,0.267,0,Own,Debt consolidation,0
3653,39,80800.0,13.9,636,6800.0,24,3,0.126,0,Rent,Business,1
3654,45,48000.0,15.3,727,32000.0,48,4,0.151,0,Mortgage,Medical,0
3655,53,41700.0,16.7,673,13100.0,60,3,0.109,0,Own,Business,0
3656,43,34400.0,9.6,755,2300.0,36,5,0.153,0,Mortgage,Car,0
3657,45,37100.0,8.9,685,4400.0,24,4,0.39,2,Mortgage,Home improvement,1
3658,66,117100.0,19.3,595,25300.0,36,5,0.125,0,Rent,Car,0
3659,35,57200.0,8.6,675,5200.0,36,7,0.327,0,Mortgage,Business,1
3660,44,53500.0,12.9,798,45700.0,36,9,0.125,0,Own,Business,0
3661,47,43000.0,13.5,710,22900.0,48,4,0.363,0,Mortgage,Business,1
3662,42,166500.0,9.2,661,64100.0,36,4,0.216,0,Own,Debt consolidation,0
3663,69,94100.0,22.8,850,47300.0,60,2,0.251,0,Rent,Car,0
3664,68,34200.0,23.8,763,5000.0,36,7,0.665,0,Mortgage,Debt consolidation,0
3665,45,42800.0,13.4,735,27700.0,36,3,0.482,1,Own,Debt consolidation,0
3666,41,44000.0,9.1,695,38500.0,60,4,0.218,0,Own,Car,0
3667,49,52700.0,9.9,728,8500.0,36,4,0.044,0,Rent,Debt consolidation,0
3668,27,34500.0,1.0,731,6200.0,24,3,0.144,0,Mortgage,Car,0
3669,40,61000.0,6.8,495,35600.0,36,4,0.29,0,Rent,Car,1
3670,29,101300.0,5.2,702,18100.0,36,5,0.589,0,Rent,Business,0
3671,25,25400.0,4.4,657,4000.0,48,7,0.273,0,Rent,Car,0
3672,23,27900.0,0.0,630,17300.0,60,9,0.303,0,Rent,Medical,0
3673,49,38500.0,10.9,654,22200.0,48,2,0.182,0,Mortgage,Business,0
3674,18,39400.0,0.0,546,9300.0,60,7,0.418,0,Mortgage,Education,0
3675,52,133200.0,10.9,526,99900.0,24,5,0.591,1,Rent,Business,1
3676,40,80900.0,10.1,770,11300.0,24,1,0.349,0,Rent,Debt consolidation,0
3677,37,78600.0,6.7,707,26100.0,24,4,0.039,0,Rent,Business,0
3678,58,43000.0,13.8,477,29200.0,48,5,0.174,1,Rent,Debt consolidation,1
3679,46,42500.0,11.4,624,24300.0,24,0,0.232,0,Rent,Car,0
3680,56,23700.0,16.4,740,13300.0,12,0,0.167,0,Mortgage,Business,0
3681,55,72500.0,12.3,648,45900.0,60,2,0.303,0,Own,Debt consolidation,0
3682,19,62700.0,0.0,770,37600.0,36,4,0.085,0,Rent,Car,0
3683,29,93200.0,5.8,754,73900.0,24,3,0.415,0,Mortgage,Car,0
3684,48,44100.0,9.7,561,23500.0,36,4,0.257,0,Mortgage,Education,0
3685,69,45700.0,15.4,659,17900.0,24,4,0.196,0,Rent,Debt consolidation,1
3686,26,53400.0,0.0,634,37400.0,12,3,0.475,0,Rent,Car,0
3687,23,76600.0,0.7,559,20700.0,36,5,0.334,0,Rent,Car,1
3688,67,23500.0,15.6,554,16300.0,36,4,0.086,0,Mortgage,Debt consolidation,0
3689,69,70800.0,19.4,606,20400.0,60,3,0.095,0,Rent,Education,0
3690,26,48500.0,8.0,619,22200.0,36,5,0.416,0,Mortgage,Car,0
3691,39,28900.0,4.3,693,19600.0,48,2,0.332,0,Rent,Medical,0
3692,51,17300.0,12.4,754,10100.0,48,6,0.119,0,Mortgage,Car,0
3693,28,45800.0,10.0,711,5600.0,48,6,0.322,0,Mortgage,Business,0
3694,35,101100.0,8.0,730,43400.0,60,3,0.533,0,Mortgage,Debt consolidation,1
3695,38,113200.0,6.9,649,83800.0,36,4,0.089,0,Rent,Business,0
3696,52,58600.0,13.1,718,52600.0,24,5,0.243,0,Own,Home improvement,0
3697,34,130700.0,7.7,658,58400.0,12,1,0.376,0,Mortgage,Business,1
3698,39,48000.0,13.5,635,5900.0,24,3,0.235,0,Mortgage,Education,0
3699,33,79000.0,4.4,822,28500.0,60,1,0.263,0,Mortgage,Car,0
3700,58,39100.0,13.7,484,18200.0,36,7,0.333,0,Rent,Business,1
3701,26,37900.0,0.0,520,4300.0,24,6,0.1,0,Rent,Home improvement,0
3702,30,34900.0,5.1,701,27400.0,24,1,0.197,0,Rent,Debt consolidation,0
3703,31,17500.0,1.0,649,8900.0,60,7,0.636,0,Rent,Business,1
3704,66,93300.0,,555,37700.0,36,6,0.048,1,Rent,Car,1
3705,68,35600.0,17.3,586,13800.0,24,8,0.279,0,Own,Car,0
3706,44,32800.0,13.6,596,2400.0,60,4,0.279,1,Rent,Car,0
3707,26,27200.0,1.7,741,13400.0,48,4,0.215,1,Rent,Debt consolidation,0
3708,58,44300.0,17.2,767,20100.0,36,6,0.176,0,Mortgage,Business,0
3709,44,118400.0,5.6,801,40700.0,36,2,0.111,0,Rent,Business,0
3710,63,139600.0,18.4,543,85100.0,48,5,0.423,0,Rent,Debt consolidation,0
3711,37,21400.0,4.0,561,8500.0,36,2,0.18,0,Own,Home improvement,0
3712,70,41100.0,19.5,555,22000.0,60,2,0.029,0,Mortgage,Business,0
3713,60,29200.0,23.4,773,23400.0,48,6,0.23,0,Mortgage,Car,0
3714,29,,7.2,703,28900.0,36,1,0.481,0,Mortgage,Debt consolidation,0
3715,56,56600.0,14.8,676,22000.0,48,3,0.233,0,Rent,Business,0
3716,33,35700.0,15.0,688,28100.0,60,3,0.12,0,Mortgage,Home improvement,0
3717,36,50800.0,4.5,665,18000.0,12,5,0.161,0,Rent,Home improvement,0
3718,31,38600.0,8.7,580,16300.0,12,3,0.199,0,Mortgage,Debt consolidation,0
3719,54,109900.0,9.8,711,80300.0,48,5,0.186,0,Rent,Medical,0
3720,31,64400.0,4.5,655,35600.0,24,4,0.161,0,Mortgage,Debt consolidation,0
3721,51,68500.0,9.2,574,57800.0,48,5,0.249,0,Mortgage,Business,1
3722,48,12900.0,12.8,716,5800.0,36,1,0.304,0,Rent,Debt consolidation,0
3723,57,47400.0,15.8,636,21700.0,36,2,0.389,0,Rent,Home improvement,0
3724,70,138900.0,19.9,688,12000.0,24,8,0.134,0,Mortgage,Business,0
3725,18,95100.0,,660,20700.0,48,4,0.323,0,Own,Education,0
3726,70,19500.0,19.1,741,9900.0,24,4,0.104,0,Own,Debt consolidation,0
3727,23,41900.0,3.0,688,8800.0,24,1,0.262,0,Mortgage,Medical,0
3728,45,,13.3,599,11700.0,36,3,0.192,0,Mortgage,Education,0
3729,36,115300.0,2.8,696,33500.0,24,0,0.131,1,Mortgage,Home improvement,0
3730,51,55400.0,11.0,698,3800.0,36,3,0.024,0,Rent,Education,0
3731,56,33400.0,,711,15200.0,60,2,0.158,0,Mortgage,Business,0
3732,63,49900.0,19.9,753,29900.0,48,2,0.136,0,Mortgage,Car,0
3733,39,13300.0,12.7,621,4500.0,36,2,0.422,0,Own,Debt consolidation,1
3734,67,28500.0,19.0,723,20200.0,36,11,0.133,1,Rent,Business,0
3735,35,49900.0,5.9,532,8700.0,60,3,0.466,1,Rent,Debt consolidation,1
3736,28,74800.0,1.4,660,9500.0,60,5,0.334,0,Rent,Debt consolidation,0
3737,38,18600.0,9.0,648,15700.0,60,6,0.291,0,Rent,Medical,0
3738,46,40500.0,,786,33800.0,24,3,0.174,0,Mortgage,Car,0
3739,53,81200.0,13.2,657,32100.0,24,4,0.23,0,Own,Home improvement,1
3740,62,23700.0,17.3,719,9600.0,24,5,0.159,0,Rent,Education,0
3741,29,55000.0,6.1,529,42500.0,24,2,0.391,0,Rent,Education,1
3742,34,50700.0,4.7,642,25400.0,12,4,0.239,0,Rent,Business,1
3743,67,115500.0,17.3,602,17300.0,60,5,0.088,0,Mortgage,Medical,0
3744,41,43700.0,10.5,850,6500.0,24,2,0.248,0,Own,Home improvement,0
3745,30,45000.0,0.0,617,7300.0,24,8,0.099,0,Mortgage,Business,1
3746,70,,19.0,676,53700.0,60,5,0.501,0,Mortgage,Debt consolidation,0
3747,41,25300.0,5.7,680,14200.0,60,2,0.321,0,Mortgage,Medical,0
3748,70,43900.0,24.4,543,13400.0,24,1,0.101,0,Own,Business,0
3749,66,39000.0,17.9,628,7300.0,24,9,0.093,0,Mortgage,Education,0
3750,66,45700.0,17.5,702,7100.0,60,3,0.183,0,Mortgage,Debt consolidation,1
3751,48,74900.0,11.9,677,50900.0,60,4,0.132,0,Own,Debt consolidation,0
3752,60,64700.0,15.0,486,52000.0,36,4,0.435,0,Mortgage,Debt consolidation,1
3753,68,33700.0,18.8,625,16900.0,36,3,0.062,0,Rent,Debt consolidation,0
3754,32,52500.0,5.9,752,37100.0,48,6,0.166,1,Own,Home improvement,0
3755,20,103300.0,0.0,717,30000.0,48,3,0.128,0,Mortgage,Home improvement,0
3756,35,32300.0,5.5,767,17700.0,24,1,0.413,0,Mortgage,Debt consolidation,0
3757,51,52700.0,10.2,591,22300.0,36,3,0.384,0,Rent,Home improvement,0
3758,47,44500.0,8.1,772,5500.0,60,5,0.473,0,Own,Education,0
3759,22,47500.0,1.8,666,22100.0,48,2,0.373,0,Mortgage,Debt consolidation,0
3760,47,21700.0,12.5,797,16700.0,24,5,0.127,0,Mortgage,Debt consolidation,0
3761,27,99200.0,0.0,670,9300.0,48,2,0.087,0,Mortgage,Business,0
3762,44,33300.0,12.7,506,15200.0,48,1,0.434,2,Mortgage,Car,1
3763,48,81900.0,14.3,738,64900.0,24,1,0.201,0,Own,Debt consolidation,0
3764,51,35900.0,16.1,635,25900.0,36,3,0.378,1,Mortgage,Education,1
3765,39,35900.0,9.3,640,16900.0,36,2,0.409,0,Mortgage,Debt consolidation,0
3766,39,89900.0,10.3,554,17600.0,60,7,0.181,0,Own,Debt consolidation,0
3767,53,80600.0,20.6,800,62200.0,24,10,0.219,0,Mortgage,Debt consolidation,0
3768,57,54400.0,14.7,628,9800.0,60,1,0.244,0,Rent,Home improvement,0
3769,60,71700.0,13.7,796,20500.0,36,3,0.211,0,Rent,Education,0
3770,35,42400.0,2.2,636,6600.0,60,2,0.057,0,Mortgage,Education,1
3771,40,48800.0,14.1,596,21500.0,60,9,0.247,0,Rent,Education,0
3772,35,35200.0,12.1,776,20600.0,60,10,0.12,0,Mortgage,Home improvement,0
3773,45,77000.0,8.0,664,58000.0,60,5,0.262,1,Own,Home improvement,0
3774,24,34700.0,0.2,665,15300.0,36,4,0.237,0,Mortgage,Debt consolidation,0
3775,40,103000.0,7.8,567,90100.0,24,0,0.256,0,Rent,Debt consolidation,1
3776,28,41900.0,7.7,633,23300.0,36,5,0.131,0,Own,Debt consolidation,0
3777,46,49500.0,7.3,704,27900.0,48,3,0.578,0,Mortgage,Education,0
3778,63,71600.0,12.1,566,14200.0,36,6,0.214,0,Rent,Home improvement,1
3779,70,49600.0,27.3,627,10500.0,36,5,0.339,0,Rent,Debt consolidation,0
3780,41,42200.0,10.1,636,22800.0,12,5,0.249,0,Mortgage,Debt consolidation,1
3781,20,48300.0,2.0,675,32000.0,48,3,0.234,0,Mortgage,Business,0
3782,30,76600.0,4.2,788,17200.0,24,2,0.313,0,Mortgage,Car,0
3783,23,35200.0,3.4,646,16200.0,36,2,0.498,0,Rent,Debt consolidation,1
3784,58,46000.0,11.5,615,16200.0,36,7,0.05,0,Rent,Business,0
3785,70,49300.0,,850,20900.0,36,5,0.204,0,Mortgage,Debt consolidation,0
3786,47,75500.0,11.9,635,18000.0,60,2,0.026,0,Rent,Debt consolidation,0
3787,27,46600.0,0.0,655,7900.0,48,6,0.248,0,Own,Debt consolidation,0
3788,19,121100.0,0.0,641,39000.0,48,3,0.48,0,Rent,Education,1
3789,69,45300.0,19.3,648,35700.0,36,3,0.21,0,Rent,Debt consolidation,0
3790,34,43500.0,5.5,676,31900.0,24,9,0.244,0,Rent,Education,0
3791,23,45000.0,0.3,744,6100.0,48,3,0.367,0,Rent,Car,0
3792,27,25400.0,0.6,702,3200.0,24,6,0.427,0,Rent,Debt consolidation,0
3793,31,29200.0,0.0,756,13700.0,60,4,0.212,0,Mortgage,Education,0
3794,52,37600.0,14.0,754,10700.0,60,4,0.299,0,Own,Debt consolidation,0
3795,65,86500.0,17.9,687,64900.0,24,4,0.192,0,Rent,Education,0
3796,32,48200.0,1.5,700,22300.0,48,3,0.125,0,Rent,Medical,0
3797,54,38500.0,14.6,759,29800.0,36,3,0.079,0,Rent,Debt consolidation,0
3798,21,90500.0,0.3,581,12800.0,24,1,0.506,0,Rent,Home improvement,1
3799,18,106500.0,0.0,850,93100.0,36,3,0.355,0,Rent,Home improvement,0
3800,20,91800.0,0.0,629,64400.0,36,1,0.421,0,Rent,Car,0
3801,66,32000.0,21.2,642,21500.0,60,2,0.207,0,Rent,Debt consolidation,0
3802,48,38300.0,8.3,573,32500.0,36,7,0.398,0,Rent,Home improvement,1
3803,60,121400.0,17.0,575,54600.0,48,2,0.133,0,Own,Debt consolidation,0
3804,19,55300.0,0.0,748,9800.0,36,3,0.412,1,Rent,Business,0
3805,19,42900.0,0.0,850,20300.0,24,10,0.172,0,Mortgage,Education,0
3806,62,70200.0,21.1,625,52200.0,36,2,0.228,0,Rent,Education,0
3807,23,81100.0,3.6,698,63300.0,48,5,0.057,0,Mortgage,Debt consolidation,0
3808,26,36800.0,6.6,688,17100.0,48,2,0.424,0,Rent,Home improvement,0
3809,45,54700.0,11.8,750,36800.0,60,5,0.233,0,Rent,Car,0
3810,50,77900.0,14.0,847,20200.0,24,3,0.105,1,Rent,Business,0
3811,30,27400.0,0.0,792,6700.0,36,6,0.325,0,Mortgage,Car,0
3812,41,49300.0,8.2,651,27000.0,24,4,0.151,0,Own,Business,0
3813,53,28100.0,13.3,712,11500.0,60,5,0.143,1,Mortgage,Education,0
3814,41,30000.0,12.9,720,5600.0,12,3,0.416,0,Mortgage,Car,1
3815,38,37000.0,6.5,668,25800.0,24,8,0.106,0,Mortgage,Education,0
3816,21,62200.0,,582,31200.0,48,2,0.189,0,Own,Business,0
3817,41,41700.0,9.9,606,20500.0,36,2,0.171,0,Mortgage,Debt consolidation,0
3818,60,35400.0,20.3,762,7500.0,48,2,0.076,0,Rent,Debt consolidation,0
3819,51,50300.0,12.8,770,12800.0,60,7,0.103,0,Mortgage,Education,0
3820,65,27600.0,21.3,653,17600.0,36,3,0.32,0,Own,Home improvement,1
3821,24,60700.0,0.0,691,47000.0,36,3,0.103,0,Mortgage,Debt consolidation,0
3822,18,86300.0,0.0,766,17300.0,60,0,0.205,0,Mortgage,Home improvement,0
3823,47,47100.0,4.7,534,34900.0,48,5,0.235,0,Rent,Business,0
3824,27,44300.0,6.0,634,31900.0,24,6,0.292,0,Mortgage,Business,0
3825,49,59100.0,14.4,831,43900.0,60,1,0.302,0,Rent,Debt consolidation,0
3826,65,17800.0,21.5,694,9700.0,36,3,0.244,0,Own,Car,0
3827,35,64100.0,4.8,580,22400.0,48,4,0.348,1,Rent,Business,1
3828,47,231200.0,9.9,679,163100.0,36,5,0.244,2,Mortgage,Debt consolidation,0
3829,54,46100.0,14.0,752,21100.0,24,0,0.128,1,Mortgage,Debt consolidation,0
3830,25,46200.0,7.0,466,11000.0,60,2,0.235,0,Rent,Car,1
3831,65,71100.0,23.9,684,27900.0,12,6,0.252,1,Own,Home improvement,0
3832,28,111600.0,,640,49000.0,60,5,0.198,0,Mortgage,Debt consolidation,0
3833,60,79800.0,17.8,539,38300.0,60,5,0.346,0,Rent,Debt consolidation,0
3834,52,16700.0,17.6,677,13600.0,60,2,0.315,0,Mortgage,Debt consolidation,0
3835,25,65000.0,2.0,659,26000.0,12,3,0.117,0,Mortgage,Medical,0
3836,56,177400.0,14.0,668,51800.0,36,4,0.037,0,Rent,Business,0
3837,28,66900.0,3.6,642,58100.0,24,6,0.41,2,Own,Home improvement,1
3838,49,,9.5,588,7000.0,36,3,0.296,0,Mortgage,Home improvement,0
3839,68,56400.0,19.5,554,3400.0,36,9,0.138,0,Mortgage,Car,0
3840,68,25800.0,16.6,615,19900.0,36,6,0.482,0,Mortgage,Business,0
3841,64,90800.0,21.5,739,78200.0,36,3,0.313,0,Rent,Business,0
3842,44,30400.0,12.0,689,19100.0,60,3,0.233,0,Mortgage,Debt consolidation,0
3843,47,50900.0,15.9,664,20200.0,24,2,0.164,0,Rent,Car,0
3844,33,31900.0,1.1,587,16300.0,36,4,0.273,0,Own,Business,0
3845,66,37300.0,24.9,640,28200.0,48,2,0.462,1,Own,Debt consolidation,0
3846,43,103100.0,5.3,729,82700.0,24,5,0.376,0,Mortgage,Car,0
3847,58,51600.0,12.4,710,7100.0,48,5,0.252,1,Rent,Home improvement,0
3848,37,37100.0,5.7,632,29200.0,48,7,0.183,0,Mortgage,Debt consolidation,1
3849,57,27700.0,19.5,461,15900.0,48,7,0.177,0,Own,Home improvement,0
3850,29,19200.0,5.1,616,1500.0,48,4,0.201,0,Rent,Medical,0
3851,56,26200.0,14.5,631,3700.0,60,2,0.631,0,Rent,Home improvement,0
3852,20,51800.0,0.0,597,4600.0,60,5,0.19,1,Rent,Education,1
3853,23,80000.0,0.0,637,68500.0,12,0,0.158,0,Rent,Education,1
3854,36,37000.0,10.6,735,15300.0,36,3,0.399,0,Rent,Car,0
3855,43,107500.0,12.4,667,70800.0,60,5,0.258,0,Rent,Debt consolidation,0
3856,55,34200.0,18.9,749,1800.0,12,1,0.408,0,Rent,Debt consolidation,0
3857,37,43500.0,8.8,549,31500.0,36,4,0.43,0,Mortgage,Medical,0
3858,18,28600.0,0.0,646,13100.0,48,0,0.127,0,Mortgage,Debt consolidation,1
3859,35,80400.0,3.1,515,67100.0,24,4,0.175,0,Rent,Home improvement,0
3860,41,,10.6,636,68900.0,36,2,0.036,1,Own,Car,0
3861,46,20300.0,10.1,586,14600.0,48,2,0.083,0,Mortgage,Debt consolidation,0
3862,52,41200.0,11.9,773,24100.0,12,3,0.106,0,Rent,Debt consolidation,0
3863,31,92300.0,1.9,703,45500.0,24,4,0.122,0,Mortgage,Home improvement,0
3864,50,23800.0,15.6,751,20400.0,60,9,0.192,0,Own,Business,0
3865,51,65100.0,14.6,636,30700.0,60,4,0.359,0,Rent,Home improvement,0
3866,59,90300.0,17.9,588,73000.0,36,1,0.264,0,Rent,Medical,0
3867,45,51000.0,8.9,586,4100.0,36,4,0.226,0,Mortgage,Debt consolidation,0
3868,60,64500.0,17.3,691,39300.0,24,3,0.302,1,Rent,Debt consolidation,0
3869,29,118200.0,0.4,815,97500.0,60,5,0.165,0,Mortgage,Medical,0
3870,55,129900.0,14.4,703,105800.0,24,4,0.202,0,Rent,Home improvement,0
3871,20,47500.0,0.0,640,22000.0,60,5,0.525,0,Mortgage,Education,0
3872,23,37600.0,0.0,655,17000.0,48,4,0.322,0,Own,Car,1
3873,63,30900.0,17.0,667,22800.0,12,7,0.192,0,Own,Debt consolidation,0
3874,43,79900.0,17.1,832,26700.0,36,5,0.187,0,Mortgage,Business,0
3875,50,24700.0,7.4,769,20900.0,60,5,0.203,0,Own,Business,0
3876,49,43200.0,8.7,691,11400.0,60,3,0.149,0,Mortgage,Education,0
3877,54,51600.0,15.1,679,5800.0,36,4,0.402,0,Rent,Debt consolidation,0
3878,31,38100.0,,694,26900.0,24,5,0.074,0,Mortgage,Debt consolidation,0
3879,27,56400.0,4.2,710,22200.0,48,6,0.093,0,Own,Education,0
3880,20,176700.0,2.0,637,62300.0,48,5,0.233,2,Mortgage,Debt consolidation,0
3881,63,46100.0,17.0,602,14900.0,36,5,0.219,1,Mortgage,Debt consolidation,0
3882,29,39400.0,2.9,753,34800.0,24,4,0.283,0,Mortgage,Home improvement,0
3883,48,81400.0,12.2,672,43600.0,60,3,0.168,2,Rent,Education,0
3884,42,55300.0,7.6,746,49400.0,36,2,0.233,0,Rent,Car,0
3885,26,100700.0,5.4,802,34400.0,24,2,0.099,0,Mortgage,Business,0
3886,39,53200.0,3.6,712,21400.0,24,4,0.135,0,Rent,Education,0
3887,22,43300.0,4.0,699,10000.0,24,6,0.096,0,Mortgage,Debt consolidation,0
3888,27,20100.0,3.7,850,8400.0,36,1,0.062,0,Rent,Debt consolidation,0
3889,25,21800.0,2.2,687,2200.0,24,5,0.417,0,Rent,Debt consolidation,0
3890,61,19600.0,12.3,583,1000.0,36,2,0.267,0,Rent,Education,0
3891,48,59300.0,9.1,648,25800.0,24,5,0.189,0,Rent,Business,0
3892,67,24800.0,23.2,794,17000.0,24,6,0.312,0,Rent,Debt consolidation,0
3893,41,91800.0,8.6,566,38700.0,24,6,0.265,0,Own,Education,0
3894,28,49800.0,4.8,610,24400.0,36,2,0.071,0,Own,Business,0
3895,50,43400.0,10.2,759,18600.0,36,4,0.444,0,Rent,Education,0
3896,67,32100.0,19.5,648,16000.0,36,1,0.276,0,Rent,Car,0
3897,46,66900.0,7.1,661,47400.0,48,6,0.134,0,Rent,Debt consolidation,0
3898,18,32800.0,0.0,756,24000.0,36,5,0.138,0,Mortgage,Business,0
3899,34,30000.0,7.5,613,22900.0,48,3,0.405,0,Mortgage,Debt consolidation,1
3900,67,88800.0,20.6,553,20500.0,12,4,0.051,0,Rent,Debt consolidation,0
3901,45,58500.0,8.1,559,25700.0,36,0,0.178,0,Mortgage,Debt consolidation,0
3902,68,43600.0,,717,33000.0,12,2,0.156,0,Rent,Home improvement,0
3903,44,67600.0,12.0,691,57500.0,36,4,0.449,0,Mortgage,Debt consolidation,1
3904,18,49200.0,0.0,615,25200.0,36,6,0.248,0,Mortgage,Car,0
3905,64,,17.5,577,27900.0,48,2,0.122,0,Rent,Education,0
3906,58,32600.0,21.7,648,22800.0,36,1,0.435,0,Own,Business,0
3907,55,138000.0,11.9,759,123200.0,36,3,0.076,0,Rent,Business,0
3908,69,36700.0,23.6,603,15100.0,24,0,0.433,1,Mortgage,Car,0
3909,28,106700.0,0.5,617,20300.0,60,5,0.256,0,Own,Debt consolidation,0
3910,66,44600.0,21.2,575,33900.0,24,5,0.355,0,Own,Debt consolidation,0
3911,30,73400.0,6.9,641,48000.0,12,2,0.178,0,Mortgage,Business,0
3912,69,70800.0,18.9,697,12300.0,24,1,0.33,0,Mortgage,Medical,0
3913,28,87000.0,0.3,839,28300.0,60,5,0.192,0,Mortgage,Debt consolidation,0
3914,47,32200.0,5.7,687,16800.0,60,3,0.16,0,Rent,Education,0
3915,59,83900.0,14.6,666,56400.0,36,5,0.056,0,Mortgage,Home improvement,0
3916,22,123400.0,3.2,739,88100.0,12,2,0.188,1,Rent,Car,0
3917,21,43100.0,0.0,726,7900.0,48,3,0.417,0,Own,Business,0
3918,63,49900.0,18.3,624,11700.0,36,4,0.159,0,Rent,Car,0
3919,21,37700.0,0.0,850,25700.0,12,2,0.119,0,Mortgage,Home improvement,0
3920,50,41200.0,12.1,668,6100.0,36,3,0.563,0,Mortgage,Debt consolidation,0
3921,67,115300.0,16.2,689,54600.0,36,5,0.254,0,Rent,Business,0
3922,50,29700.0,12.6,714,15300.0,36,7,0.043,0,Mortgage,Medical,0
3923,43,30600.0,8.5,698,10400.0,48,3,0.33,0,Mortgage,Home improvement,0
3924,40,109700.0,5.2,792,79700.0,48,6,0.679,0,Rent,Debt consolidation,1
3925,51,67000.0,11.2,623,6500.0,36,2,0.353,0,Mortgage,Debt consolidation,0
3926,48,141500.0,9.2,733,100600.0,12,3,0.216,0,Rent,Business,0
3927,44,39100.0,6.5,683,23400.0,12,2,0.232,0,Rent,Debt consolidation,0
3928,26,52200.0,6.4,749,25100.0,60,4,0.275,1,Rent,Debt consolidation,0
3929,53,35200.0,12.9,653,27900.0,24,2,0.445,0,Rent,Business,1
3930,57,52700.0,9.0,642,11700.0,36,10,0.319,0,Rent,Business,0
3931,55,20200.0,12.9,729,14800.0,24,3,0.091,0,Mortgage,Education,0
3932,21,69000.0,,699,14500.0,24,5,0.1,0,Mortgage,Medical,0
3933,55,57600.0,12.5,604,51400.0,36,0,0.346,0,Rent,Home improvement,0
3934,56,47600.0,19.7,778,3700.0,24,6,0.347,0,Rent,Education,0
3935,27,40300.0,1.0,729,21000.0,48,6,0.259,0,Own,Car,0
3936,62,31300.0,19.1,664,6000.0,36,5,0.095,0,Rent,Debt consolidation,0
3937,45,70500.0,13.9,633,28000.0,48,6,0.505,0,Mortgage,Debt consolidation,0
3938,43,27300.0,11.4,699,4800.0,36,2,0.502,0,Rent,Home improvement,0
3939,56,63300.0,11.1,723,13600.0,24,3,0.058,0,Rent,Education,0
3940,45,,8.0,542,14100.0,60,2,0.315,0,Rent,Medical,1
3941,46,103000.0,14.7,700,5900.0,60,7,0.089,0,Mortgage,Education,0
3942,34,23100.0,4.0,722,15300.0,24,1,0.154,0,Mortgage,Business,0
3943,67,37500.0,22.5,482,16300.0,48,5,0.235,0,Mortgage,Education,0
3944,69,60500.0,19.1,686,5400.0,36,5,0.271,0,Rent,Education,0
3945,24,47300.0,2.8,726,40100.0,48,1,0.162,0,Mortgage,Medical,0
3946,56,24400.0,11.0,716,15000.0,12,3,0.246,0,Rent,Debt consolidation,0
3947,19,59400.0,0.0,734,16300.0,12,4,0.256,0,Rent,Medical,0
3948,37,48800.0,5.0,644,20600.0,24,4,0.243,0,Rent,Business,0
3949,69,127700.0,21.1,587,59500.0,12,2,0.166,0,Mortgage,Car,0
3950,27,43200.0,3.9,526,23100.0,36,7,0.256,0,Rent,Debt consolidation,1
3951,37,87900.0,9.0,757,68500.0,60,4,0.263,0,Own,Debt consolidation,0
3952,29,26000.0,2.9,726,14300.0,36,3,0.317,0,Rent,Debt consolidation,0
3953,56,29300.0,12.4,763,25800.0,36,4,0.27,0,Own,Debt consolidation,1
3954,42,70300.0,10.1,612,46900.0,24,4,0.336,2,Mortgage,Car,0
3955,49,84300.0,9.3,734,75000.0,36,2,0.028,0,Mortgage,Business,0
3956,67,30400.0,22.8,550,15800.0,48,1,0.412,0,Mortgage,Education,0
3957,45,49600.0,10.5,600,31100.0,60,5,0.495,0,Mortgage,Business,0
3958,56,24600.0,14.2,680,16700.0,36,3,0.15,0,Rent,Debt consolidation,0
3959,23,44800.0,3.4,723,31000.0,36,1,0.475,0,Rent,Home improvement,0
3960,29,74500.0,4.2,804,5300.0,24,3,0.099,0,Mortgage,Home improvement,0
3961,68,39400.0,15.0,651,6200.0,60,4,0.098,0,Rent,Car,0
3962,63,43300.0,14.8,601,10500.0,36,2,0.147,0,Mortgage,Home improvement,0
3963,52,27900.0,16.8,597,7800.0,36,6,0.305,0,Rent,Home improvement,0
3964,38,35400.0,8.3,615,29000.0,36,5,0.173,0,Mortgage,Car,0
3965,28,118100.0,0.0,848,78400.0,12,5,0.391,0,Mortgage,Medical,0
3966,63,50800.0,19.1,731,8700.0,36,4,0.189,1,Mortgage,Business,0
3967,59,29700.0,,759,12200.0,60,3,0.076,0,Rent,Debt consolidation,0
3968,30,41900.0,2.2,651,10800.0,12,4,0.237,0,Mortgage,Debt consolidation,0
3969,49,22100.0,,670,16700.0,24,3,0.469,0,Mortgage,Debt consolidation,0
3970,50,29500.0,15.8,726,24500.0,24,1,0.283,0,Rent,Medical,0
3971,43,96800.0,4.1,630,18400.0,24,2,0.159,0,Rent,Car,0
3972,67,45600.0,17.1,647,18400.0,60,10,0.111,0,Mortgage,Business,0
3973,24,126200.0,2.8,616,108500.0,48,4,0.098,0,Rent,Car,0
3974,31,46700.0,9.9,634,28400.0,60,3,0.437,0,Mortgage,Education,0
3975,23,48100.0,3.7,674,37900.0,60,4,0.278,0,Mortgage,Debt consolidation,0
3976,54,67500.0,11.9,604,23900.0,36,3,0.14,0,Mortgage,Business,0
3977,52,12900.0,18.2,693,2900.0,36,3,0.146,0,Own,Car,1
3978,70,54300.0,16.7,693,34600.0,36,1,0.057,0,Rent,Car,0
3979,46,47800.0,12.0,656,8000.0,48,5,0.279,0,Rent,Debt consolidation,0
3980,25,103100.0,4.3,604,78800.0,48,2,0.191,0,Own,Car,0
3981,41,79400.0,6.6,678,54900.0,36,5,0.355,0,Own,Home improvement,0
3982,22,27800.0,3.7,630,8600.0,36,8,0.438,0,Mortgage,Education,0
3983,53,91200.0,12.5,674,43200.0,48,1,0.454,0,Mortgage,Education,1
3984,53,43000.0,16.1,758,31400.0,24,1,0.131,0,Mortgage,Debt consolidation,0
3985,63,31200.0,12.5,570,26400.0,36,1,0.128,0,Mortgage,Education,0
3986,36,54100.0,8.2,844,18900.0,36,4,0.2,0,Mortgage,Education,0
3987,34,44300.0,5.2,664,32000.0,36,5,0.417,0,Mortgage,Car,1
3988,21,105800.0,3.0,703,22800.0,36,4,0.618,0,Mortgage,Car,0
3989,40,58100.0,8.7,610,47500.0,48,3,0.198,0,Mortgage,Debt consolidation,0
3990,43,54300.0,13.7,761,34400.0,48,2,0.053,0,Rent,Debt consolidation,0
3991,57,76900.0,,660,13800.0,36,4,0.246,0,Mortgage,Debt consolidation,0
3992,57,84700.0,15.2,638,57500.0,36,3,0.393,0,Mortgage,Home improvement,0
3993,25,72500.0,5.2,624,48200.0,12,3,0.378,0,Own,Education,1
3994,33,99700.0,8.4,649,67900.0,24,1,0.072,0,Mortgage,Education,1
3995,45,66500.0,12.2,703,22800.0,24,2,0.412,0,Mortgage,Debt consolidation,0
3996,35,53300.0,0.0,684,36200.0,48,2,0.498,0,Rent,Debt consolidation,0
3997,19,91100.0,0.0,667,68600.0,48,5,0.101,0,Mortgage,Business,1
3998,62,46800.0,21.8,613,16100.0,24,4,0.387,0,Rent,Medical,0
3999,56,49800.0,11.4,608,11300.0,60,1,0.097,0,Mortgage,Medical,0
4000,45,115900.0,13.4,633,93300.0,36,4,0.408,0,Rent,Debt consolidation,1
4001,34,110300.0,8.5,707,63700.0,48,5,0.505,0,Mortgage,Education,1
4002,62,48800.0,15.4,723,21500.0,36,4,0.102,1,Rent,Car,0
4003,19,39100.0,0.0,734,31200.0,48,1,0.081,0,Mortgage,Car,0
4004,41,101900.0,7.5,670,16900.0,36,4,0.289,0,Rent,Car,0
4005,60,73100.0,23.0,701,54000.0,12,3,0.373,0,Rent,Car,0
4006,68,57400.0,17.4,657,26800.0,24,5,0.194,0,Rent,Business,0
4007,31,41700.0,2.8,531,3600.0,48,9,0.252,0,Rent,Car,0
4008,52,57900.0,10.6,653,50800.0,60,3,0.346,0,Rent,Car,0
4009,28,48500.0,7.6,640,34500.0,36,7,0.174,2,Rent,Education,1
4010,24,35200.0,1.7,587,8200.0,48,5,0.466,0,Mortgage,Debt consolidation,0
4011,36,52300.0,5.3,625,43700.0,12,2,0.09,0,Mortgage,Debt consolidation,0
4012,64,56000.0,22.6,681,47300.0,48,3,0.41,0,Rent,Business,0
4013,54,40600.0,16.1,579,29700.0,60,5,0.172,0,Rent,Business,1
4014,43,77000.0,7.2,613,12200.0,36,4,0.314,0,Rent,Home improvement,0
4015,32,93400.0,1.9,794,19500.0,36,4,0.129,0,Mortgage,Debt consolidation,0
4016,25,79600.0,6.3,542,55000.0,12,5,0.222,0,Rent,Debt consolidation,1
4017,32,42700.0,5.7,655,35300.0,24,3,0.01,0,Mortgage,Car,0
4018,26,71500.0,0.0,577,16600.0,12,2,0.255,0,Own,Debt consolidation,0
4019,27,51000.0,0.0,610,22500.0,48,7,0.136,0,Rent,Medical,0
4020,54,26400.0,11.1,654,4800.0,48,2,0.311,0,Mortgage,Business,0
4021,25,68600.0,0.0,591,31300.0,24,6,0.554,0,Rent,Debt consolidation,0
4022,20,52700.0,0.0,716,31400.0,60,4,0.082,0,Mortgage,Home improvement,0
4023,46,179300.0,7.9,778,11800.0,60,7,0.136,0,Rent,Medical,1
4024,33,101600.0,3.2,737,60600.0,36,2,0.363,0,Mortgage,Business,0
4025,42,70000.0,8.2,752,41600.0,60,4,0.137,0,Own,Car,0
4026,25,55500.0,7.0,560,24200.0,60,6,0.317,0,Rent,Car,0
4027,29,53200.0,3.6,651,43200.0,24,1,0.221,0,Mortgage,Medical,0
4028,41,29700.0,8.7,707,4900.0,60,6,0.024,0,Mortgage,Business,1
4029,54,20500.0,15.9,740,1900.0,36,2,0.277,2,Mortgage,Debt consolidation,0
4030,39,31700.0,7.7,810,14900.0,24,1,0.238,0,Rent,Medical,0
4031,46,47900.0,12.4,756,24100.0,24,6,0.179,0,Rent,Business,0
4032,45,17100.0,11.6,742,4700.0,48,3,0.254,0,Mortgage,Home improvement,0
4033,32,37300.0,6.0,850,32400.0,60,4,0.342,0,Rent,Medical,0
4034,32,43300.0,13.9,678,11500.0,36,6,0.065,0,Mortgage,Home improvement,0
4035,40,44000.0,11.5,647,12300.0,36,1,0.378,0,Mortgage,Business,0
4036,19,35200.0,0.0,684,26000.0,36,5,0.169,0,Rent,Business,1
4037,54,41300.0,15.5,597,34500.0,60,2,0.219,0,Rent,Medical,0
4038,50,116100.0,10.4,675,58700.0,24,2,0.302,0,Rent,Home improvement,1
4039,34,68300.0,7.7,532,4500.0,36,3,0.614,0,Rent,Debt consolidation,1
4040,37,37000.0,3.5,628,13000.0,36,6,0.074,1,Own,Business,0
4041,35,47400.0,3.5,661,11400.0,12,6,0.211,0,Mortgage,Home improvement,0
4042,52,48300.0,14.6,746,23400.0,60,8,0.463,2,Rent,Car,0
4043,58,33400.0,19.0,759,21000.0,60,6,0.011,0,Mortgage,Car,0
4044,23,33400.0,3.5,593,12800.0,36,5,0.181,0,Mortgage,Car,0
4045,39,81200.0,11.0,836,41100.0,48,3,0.254,0,Rent,Education,1
4046,18,39700.0,0.0,682,27600.0,60,3,0.185,0,Rent,Car,1
4047,41,28400.0,9.7,689,7400.0,24,5,0.247,0,Mortgage,Debt consolidation,0
4048,31,48000.0,3.7,541,10400.0,12,6,0.354,0,Rent,Business,0
4049,35,52000.0,9.2,620,38200.0,48,4,0.459,0,Rent,Car,0
4050,42,18300.0,12.7,754,1500.0,36,4,0.223,0,Mortgage,Debt consolidation,0
4051,35,48000.0,6.6,684,8500.0,48,5,0.154,0,Mortgage,Medical,0
4052,38,75700.0,7.6,679,4600.0,36,3,0.077,1,Mortgage,Education,0
4053,58,61400.0,20.8,688,32100.0,48,5,0.351,0,Mortgage,Debt consolidation,0
4054,60,149500.0,16.7,555,83700.0,24,3,0.409,0,Mortgage,Debt consolidation,1
4055,18,91600.0,0.0,662,45900.0,24,4,0.056,0,Rent,Debt consolidation,0
4056,38,101200.0,9.5,783,40700.0,24,2,0.163,1,Rent,Business,0
4057,62,198800.0,17.3,757,99300.0,36,3,0.187,0,Mortgage,Medical,0
4058,46,71600.0,8.7,660,15400.0,48,2,0.379,1,Rent,Car,0
4059,28,53200.0,5.1,795,40000.0,60,1,0.3,0,Rent,Medical,0
4060,49,79800.0,12.3,569,70500.0,36,2,0.228,0,Rent,Medical,0
4061,25,37100.0,7.0,592,18900.0,36,4,0.29,0,Rent,Home improvement,1
4062,19,51700.0,1.0,819,19000.0,24,4,0.14,0,Mortgage,Debt consolidation,0
4063,51,35500.0,11.4,716,25700.0,36,2,0.123,0,Rent,Home improvement,0
4064,45,59800.0,13.0,647,12800.0,60,4,0.272,0,Rent,Debt consolidation,0
4065,58,35400.0,16.9,666,11400.0,24,4,0.477,1,Own,Medical,0
4066,36,34800.0,11.1,605,29500.0,48,4,0.27,0,Rent,Home improvement,0
4067,63,60300.0,16.4,692,12600.0,12,3,0.335,0,Rent,Medical,0
4068,40,45800.0,9.4,686,6700.0,36,3,0.356,0,Rent,Car,0
4069,57,18700.0,15.3,672,9600.0,48,8,0.235,0,Mortgage,Home improvement,0
4070,23,23700.0,2.2,577,13000.0,48,8,0.469,1,Mortgage,Debt consolidation,1
4071,23,27600.0,0.0,691,15400.0,36,6,0.345,0,Own,Debt consolidation,0
4072,59,31500.0,18.1,628,6000.0,60,3,0.266,0,Rent,Business,0
4073,62,60300.0,18.9,591,40000.0,60,4,0.289,0,Rent,Debt consolidation,1
4074,67,54700.0,23.5,771,14000.0,36,2,0.069,0,Mortgage,Home improvement,0
4075,35,83500.0,6.8,844,71500.0,36,8,0.489,0,Own,Business,1
4076,19,71400.0,0.0,825,17400.0,36,2,0.163,0,Rent,Home improvement,0
4077,69,83800.0,22.8,722,5400.0,36,6,0.086,0,Own,Debt consolidation,0
4078,49,66400.0,10.0,649,35400.0,48,5,0.54,0,Mortgage,Education,0
4079,31,54400.0,8.5,664,12100.0,36,5,0.099,0,Mortgage,Home improvement,0
4080,58,84900.0,19.2,702,49600.0,36,3,0.279,0,Mortgage,Business,0
4081,65,77600.0,22.6,636,19000.0,24,4,0.06,0,Own,Home improvement,0
4082,33,59200.0,7.1,776,24500.0,12,2,0.141,0,Rent,Medical,0
4083,58,92600.0,14.5,507,18800.0,36,8,0.202,0,Own,Debt consolidation,0
4084,59,15200.0,,646,6300.0,60,3,0.521,0,Rent,Education,0
4085,44,42400.0,11.5,734,7000.0,48,7,0.267,0,Own,Medical,0
4086,51,42100.0,11.5,602,14200.0,60,7,0.197,0,Rent,Debt consolidation,0
4087,32,87200.0,9.6,651,19100.0,48,4,0.484,0,Mortgage,Debt consolidation,0
4088,67,107500.0,21.3,717,79900.0,24,7,0.269,0,Rent,Education,0
4089,70,,18.1,791,15900.0,48,7,0.042,2,Mortgage,Education,0
4090,69,99300.0,26.0,566,19000.0,60,4,0.181,0,Rent,Car,0
4091,57,27300.0,15.9,561,3300.0,36,2,0.297,0,Rent,Medical,0
4092,20,27700.0,0.0,594,2000.0,36,2,0.507,0,Mortgage,Home improvement,0
4093,37,43600.0,5.1,547,10600.0,36,5,0.055,0,Own,Debt consolidation,0
4094,41,41800.0,13.7,553,19200.0,12,2,0.078,0,Mortgage,Debt consolidation,0
4095,68,22500.0,25.5,592,8800.0,24,7,0.12,1,Mortgage,Home improvement,0
4096,46,67800.0,14.2,769,59400.0,24,1,0.2,0,Rent,Debt consolidation,0
4097,46,68900.0,15.2,645,49800.0,36,5,0.236,0,Mortgage,Debt consolidation,0
4098,25,83000.0,6.4,673,9700.0,60,8,0.179,0,Mortgage,Medical,0
4099,60,39500.0,18.5,594,7300.0,24,4,0.139,0,Own,Education,0
4100,35,48100.0,7.8,721,3500.0,12,5,0.389,0,Mortgage,Debt consolidation,0
4101,22,48300.0,3.2,820,8100.0,48,6,0.16,0,Own,Debt consolidation,0
4102,70,114000.0,23.0,599,57000.0,60,8,0.067,0,Own,Home improvement,0
4103,28,11900.0,1.8,808,1400.0,36,4,0.168,0,Rent,Debt consolidation,0
4104,18,30400.0,0.0,699,3100.0,36,3,0.26,0,Mortgage,Home improvement,0
4105,22,49200.0,4.0,671,7400.0,36,4,0.202,0,Own,Debt consolidation,0
4106,41,28500.0,8.6,702,17600.0,48,4,0.288,0,Rent,Education,0
4107,23,43100.0,1.1,701,2900.0,60,1,0.272,0,Mortgage,Education,0
4108,62,46000.0,19.0,819,40200.0,24,5,0.105,0,Rent,Business,0
4109,45,35300.0,8.9,712,13200.0,60,7,0.322,0,Rent,Home improvement,0
4110,35,50600.0,2.8,713,17000.0,48,5,0.1,0,Mortgage,Education,0
4111,18,67100.0,0.0,636,30400.0,48,1,0.327,0,Rent,Business,0
4112,43,,8.6,737,21400.0,12,10,0.242,0,Own,Home improvement,0
4113,26,39100.0,3.3,593,15900.0,60,4,0.224,0,Mortgage,Debt consolidation,0
4114,69,45100.0,18.6,679,20900.0,36,6,0.248,0,Mortgage,Business,0
4115,33,48800.0,9.8,850,16500.0,36,4,0.073,0,Own,Debt consolidation,0
4116,43,20500.0,12.6,470,6600.0,36,4,0.186,0,Mortgage,Debt consolidation,1
4117,18,61700.0,0.0,689,4500.0,24,2,0.167,0,Rent,Debt consolidation,0
4118,24,39100.0,0.0,692,24300.0,24,3,0.12,0,Mortgage,Home improvement,0
4119,28,92100.0,3.0,652,52900.0,12,4,0.114,0,Mortgage,Car,0
4120,20,65900.0,2.0,654,40800.0,24,11,0.099,1,Rent,Education,0
4121,56,88000.0,15.8,677,74800.0,36,3,0.556,0,Own,Home improvement,0
4122,68,29600.0,20.3,650,13400.0,48,7,0.23,0,Rent,Business,0
4123,70,40700.0,21.4,688,32500.0,48,3,0.07,0,Rent,Debt consolidation,0
4124,32,26300.0,7.9,631,11200.0,36,3,0.458,0,Own,Car,0
4125,59,34500.0,16.3,832,15700.0,24,5,0.164,0,Rent,Car,1
4126,44,91700.0,11.8,650,53900.0,36,5,0.188,0,Mortgage,Business,0
4127,20,103100.0,0.0,716,24100.0,48,4,0.471,1,Mortgage,Debt consolidation,0
4128,22,27600.0,4.0,616,6500.0,48,3,0.064,1,Mortgage,Car,0
4129,47,39000.0,10.7,745,18900.0,36,7,0.098,0,Rent,Debt consolidation,0
4130,40,47200.0,9.4,729,5100.0,60,7,0.42,0,Mortgage,Debt consolidation,0
4131,18,65700.0,0.0,704,16500.0,48,1,0.44,0,Mortgage,Business,0
4132,67,20300.0,18.4,588,14700.0,60,5,0.267,1,Rent,Business,1
4133,56,22000.0,15.2,610,9800.0,48,6,0.25,1,Mortgage,Debt consolidation,0
4134,44,62600.0,10.4,805,4500.0,36,6,0.467,0,Rent,Business,0
4135,70,18500.0,18.1,609,1900.0,60,2,0.292,0,Own,Car,0
4136,69,39200.0,21.7,721,32600.0,60,1,0.224,0,Own,Medical,0
4137,69,53200.0,15.5,594,45900.0,60,2,0.261,0,Mortgage,Debt consolidation,0
4138,31,60300.0,10.5,751,35900.0,60,0,0.199,0,Rent,Home improvement,0
4139,64,45700.0,,615,9500.0,60,7,0.211,0,Rent,Car,0
4140,44,40800.0,12.3,593,14800.0,48,2,0.265,0,Mortgage,Education,0
4141,56,74800.0,10.0,613,23200.0,24,6,0.233,0,Rent,Car,0
4142,63,56500.0,15.6,626,40500.0,36,5,0.251,0,Rent,Debt consolidation,0
4143,26,35500.0,7.4,702,18000.0,36,5,0.207,0,Rent,Debt consolidation,0
4144,41,50000.0,,676,35600.0,48,4,0.265,0,Mortgage,Debt consolidation,0
4145,24,59400.0,6.0,582,21200.0,36,5,0.415,0,Rent,Debt consolidation,0
4146,32,115700.0,8.7,668,91300.0,36,5,0.035,0,Rent,Car,0
4147,39,72600.0,10.0,579,30100.0,60,6,0.255,0,Own,Debt consolidation,1
4148,63,90000.0,15.5,721,36400.0,36,8,0.026,0,Own,Medical,0
4149,63,36100.0,21.0,736,16800.0,24,5,0.303,0,Mortgage,Business,0
4150,38,37700.0,4.7,668,20800.0,48,2,0.11,1,Mortgage,Education,0
4151,35,43600.0,3.2,692,35300.0,36,4,0.521,0,Rent,Education,0
4152,46,45600.0,7.4,810,20000.0,24,7,0.346,0,Own,Education,0
4153,66,29600.0,22.1,657,24900.0,36,4,0.355,0,Own,Home improvement,0
4154,69,92300.0,20.2,594,35500.0,60,2,0.514,0,Rent,Medical,0
4155,30,76200.0,5.1,716,24800.0,36,2,0.155,0,Mortgage,Debt consolidation,0
4156,27,42100.0,3.6,579,12700.0,36,2,0.121,0,Rent,Debt consolidation,0
4157,55,67600.0,11.4,653,4600.0,36,2,0.362,0,Mortgage,Business,0
4158,33,54800.0,4.0,622,42300.0,48,3,0.17,0,Rent,Home improvement,0
4159,28,70300.0,2.1,614,8200.0,36,6,0.415,0,Own,Debt consolidation,0
4160,19,25000.0,0.0,650,8400.0,36,3,0.178,0,Mortgage,Business,0
4161,39,45600.0,6.9,742,12000.0,48,6,0.2,0,Mortgage,Medical,1
4162,38,47600.0,4.8,758,32500.0,60,3,0.43,0,Mortgage,Business,0
4163,47,67000.0,13.3,744,56500.0,36,4,0.224,0,Mortgage,Education,0
4164,28,35800.0,6.0,697,26600.0,36,3,0.292,0,Mortgage,Business,0
4165,55,14000.0,10.9,649,4500.0,48,3,0.195,0,Rent,Home improvement,0
4166,54,28500.0,13.5,481,12500.0,24,3,0.139,0,Mortgage,Business,1
4167,42,47500.0,15.2,699,12300.0,60,3,0.054,0,Rent,Home improvement,1
4168,27,50600.0,0.7,488,42300.0,36,5,0.401,1,Mortgage,Business,1
4169,44,113800.0,11.7,516,17200.0,24,3,0.195,0,Own,Car,0
4170,53,65600.0,14.3,657,56400.0,12,3,0.357,0,Mortgage,Business,0
4171,37,51100.0,10.9,691,37900.0,12,3,0.095,0,Own,Education,0
4172,31,48200.0,6.1,634,31600.0,48,3,0.329,0,Rent,Debt consolidation,0
4173,44,85100.0,9.1,793,60200.0,48,6,0.302,0,Rent,Debt consolidation,0
4174,36,36500.0,7.4,707,12400.0,48,3,0.205,0,Mortgage,Debt consolidation,0
4175,39,45700.0,8.6,650,13800.0,48,10,0.35,0,Rent,Education,0
4176,36,28400.0,,781,10600.0,36,2,0.075,0,Mortgage,Debt consolidation,0
4177,34,99700.0,2.4,795,20400.0,60,6,0.55,0,Mortgage,Debt consolidation,0
4178,55,59700.0,18.5,711,40900.0,60,2,0.124,0,Rent,Debt consolidation,0
4179,42,34400.0,12.8,608,15600.0,36,5,0.075,0,Rent,Car,0
4180,42,46300.0,6.5,626,37200.0,48,6,0.403,0,Mortgage,Debt consolidation,1
4181,52,63200.0,12.7,554,50300.0,60,6,0.077,0,Rent,Education,0
4182,37,43200.0,6.9,667,7900.0,36,3,0.628,0,Mortgage,Car,0
4183,23,37500.0,0.0,586,8800.0,24,5,0.304,1,Own,Debt consolidation,0
4184,63,35300.0,12.4,644,14100.0,36,3,0.357,1,Mortgage,Debt consolidation,0
4185,20,58100.0,0.0,691,8800.0,60,6,0.416,0,Mortgage,Education,0
4186,48,41000.0,10.9,511,26100.0,48,6,0.229,0,Rent,Business,1
4187,32,39100.0,1.3,569,26500.0,48,4,0.541,0,Rent,Car,0
4188,29,25100.0,4.9,629,16600.0,60,3,0.14,0,Mortgage,Business,0
4189,20,51000.0,2.0,666,22900.0,24,5,0.274,0,Rent,Debt consolidation,0
4190,65,44800.0,21.3,630,34300.0,60,6,0.125,0,Mortgage,Debt consolidation,0
4191,40,41700.0,,648,23600.0,36,6,0.414,0,Rent,Education,0
4192,36,54100.0,1.7,614,48400.0,48,2,0.267,0,Rent,Debt consolidation,1
4193,57,71300.0,17.7,554,53000.0,36,6,0.288,0,Mortgage,Debt consolidation,0
4194,20,69600.0,1.2,627,46200.0,36,1,0.043,0,Rent,Medical,0
4195,47,64600.0,12.9,653,10000.0,36,5,0.365,0,Mortgage,Medical,0
4196,44,43500.0,16.2,645,33000.0,36,6,0.157,0,Rent,Debt consolidation,0
4197,47,36900.0,9.1,679,11400.0,12,5,0.151,0,Rent,Education,0
4198,24,29100.0,,704,11800.0,36,6,0.077,0,Mortgage,Car,0
4199,68,36400.0,16.8,725,16100.0,36,4,0.207,2,Mortgage,Education,0
4200,30,49500.0,6.3,619,16400.0,60,4,0.383,0,Mortgage,Business,1
4201,53,33100.0,14.1,544,4700.0,12,2,0.249,0,Rent,Business,0
4202,57,51400.0,12.0,772,11300.0,12,6,0.393,0,Mortgage,Home improvement,0
4203,36,30300.0,2.9,701,22200.0,36,3,0.345,1,Mortgage,Medical,0
4204,24,21400.0,1.3,594,12900.0,48,1,0.18,0,Rent,Debt consolidation,0
4205,33,73800.0,2.3,692,62800.0,36,3,0.102,0,Rent,Business,0
4206,60,38700.0,18.4,755,28900.0,60,6,0.262,0,Mortgage,Home improvement,0
4207,66,32300.0,18.0,808,12700.0,24,4,0.372,0,Mortgage,Car,0
4208,67,28400.0,17.7,690,20400.0,36,4,0.225,2,Own,Business,0
4209,29,60600.0,2.1,755,32700.0,60,3,0.444,1,Mortgage,Debt consolidation,1
4210,50,97500.0,13.6,573,28600.0,36,7,0.201,0,Rent,Medical,1
4211,26,40100.0,3.3,667,35200.0,36,1,0.081,0,Mortgage,Home improvement,0
4212,55,44000.0,15.4,643,36900.0,60,1,0.284,0,Rent,Medical,0
4213,40,83800.0,9.3,697,12200.0,36,4,0.222,0,Mortgage,Debt consolidation,0
4214,55,19800.0,14.6,799,15100.0,24,1,0.588,0,Mortgage,Home improvement,0
4215,54,131100.0,11.3,690,15200.0,24,1,0.147,0,Rent,Education,0
4216,70,166400.0,18.6,595,139700.0,60,8,0.124,0,Rent,Debt consolidation,0
4217,43,12700.0,8.8,569,7400.0,60,0,0.178,0,Rent,Education,0
4218,36,46700.0,13.4,802,8900.0,24,6,0.373,0,Rent,Car,0
4219,45,34200.0,6.8,711,25500.0,36,5,0.363,0,Rent,Debt consolidation,0
4220,26,42900.0,1.9,706,21000.0,36,3,0.253,0,Rent,Home improvement,0
4221,23,39800.0,,643,4000.0,24,1,0.526,1,Mortgage,Medical,1
4222,45,73600.0,9.9,691,53600.0,60,6,0.402,1,Own,Debt consolidation,0
4223,61,46300.0,20.4,591,33300.0,36,1,0.115,1,Rent,Debt consolidation,0
4224,46,31100.0,10.3,701,14300.0,60,0,0.244,0,Rent,Education,0
4225,59,45000.0,15.7,576,30200.0,48,1,0.16,1,Rent,Car,1
4226,27,63400.0,6.0,641,5300.0,24,5,0.306,0,Mortgage,Business,0
4227,41,27100.0,14.6,619,8700.0,48,2,0.585,0,Own,Car,0
4228,50,21500.0,17.0,409,13400.0,48,1,0.085,0,Rent,Car,1
4229,36,132800.0,6.8,642,32700.0,36,4,0.148,0,Own,Education,0
4230,18,35600.0,0.0,598,15400.0,24,6,0.388,0,Own,Debt consolidation,1
4231,21,45800.0,1.3,653,38600.0,60,3,0.269,0,Rent,Debt consolidation,0
4232,67,40200.0,20.0,670,30300.0,48,1,0.382,1,Rent,Business,1
4233,50,64500.0,10.3,811,33800.0,48,2,0.312,0,Own,Business,0
4234,32,118900.0,8.4,694,64200.0,36,3,0.154,0,Mortgage,Debt consolidation,0
4235,31,65500.0,5.8,697,52700.0,48,3,0.062,1,Mortgage,Medical,0
4236,20,22900.0,,710,17900.0,48,1,0.231,0,Rent,Debt consolidation,0
4237,68,24500.0,16.2,740,3100.0,36,7,0.231,0,Rent,Education,0
4238,23,40200.0,2.2,706,17900.0,24,4,0.376,2,Rent,Home improvement,0
4239,58,42900.0,10.3,693,9100.0,36,2,0.196,0,Mortgage,Business,0
4240,30,20700.0,3.1,727,2500.0,48,2,0.159,0,Mortgage,Business,0
4241,35,73800.0,5.1,476,22000.0,24,2,0.299,0,Rent,Medical,1
4242,32,,6.5,837,16200.0,60,3,0.238,0,Mortgage,Debt consolidation,0
4243,61,103400.0,22.8,797,75000.0,24,6,0.363,0,Mortgage,Home improvement,0
4244,19,121800.0,1.0,687,100600.0,60,6,0.077,0,Own,Debt consolidation,0
4245,36,43300.0,11.5,557,17700.0,24,1,0.074,0,Mortgage,Education,0
4246,32,61100.0,7.5,767,25000.0,48,5,0.243,0,Own,Debt consolidation,0
4247,32,26500.0,9.0,614,4800.0,36,4,0.061,0,Rent,Car,1
4248,28,67000.0,9.6,713,14400.0,48,7,0.477,1,Own,Home improvement,0
4249,66,38200.0,17.0,567,5200.0,60,7,0.232,0,Mortgage,Home improvement,0
4250,38,28500.0,5.6,848,25100.0,12,4,0.36,0,Mortgage,Home improvement,0
4251,40,42400.0,10.8,555,6700.0,24,6,0.191,0,Rent,Home improvement,0
4252,38,38800.0,8.0,676,26900.0,12,2,0.281,0,Rent,Business,0
4253,69,41700.0,21.1,500,13300.0,36,0,0.128,0,Rent,Car,0
4254,35,78800.0,,667,39900.0,60,11,0.062,0,Rent,Education,0
4255,36,33100.0,5.4,636,26200.0,12,6,0.182,0,Rent,Medical,1
4256,35,116700.0,,761,98700.0,48,0,0.189,0,Mortgage,Home improvement,0
4257,35,25300.0,3.5,636,6400.0,36,4,0.217,1,Rent,Home improvement,0
4258,22,109900.0,3.7,761,90600.0,60,5,0.129,0,Rent,Car,0
4259,50,29500.0,14.4,588,7800.0,36,7,0.136,0,Rent,Debt consolidation,0
4260,19,49000.0,0.0,647,36000.0,60,2,0.322,0,Own,Education,1
4261,29,38400.0,1.9,649,2400.0,36,1,0.206,1,Rent,Medical,0
4262,28,41300.0,2.0,710,20900.0,60,4,0.103,0,Mortgage,Business,0
4263,33,73200.0,7.7,699,48800.0,36,8,0.086,0,Rent,Debt consolidation,0
4264,58,103800.0,14.9,728,79200.0,36,3,0.189,0,Mortgage,Debt consolidation,0
4265,49,88900.0,12.1,691,68000.0,60,3,0.659,0,Rent,Car,1
4266,70,40000.0,16.4,723,12200.0,36,3,0.158,0,Own,Home improvement,0
4267,36,53800.0,14.2,598,41700.0,36,2,0.438,0,Rent,Education,0
4268,67,33200.0,19.8,701,10800.0,36,2,0.18,0,Rent,Debt consolidation,0
4269,20,29900.0,,799,7400.0,60,4,0.331,0,Rent,Education,0
4270,44,27600.0,8.8,536,1400.0,48,3,0.331,0,Own,Home improvement,0
4271,60,39400.0,14.8,709,9900.0,24,3,0.122,0,Rent,Medical,0
4272,46,55500.0,16.9,724,8400.0,60,2,0.097,0,Mortgage,Debt consolidation,0
4273,67,18800.0,13.8,787,11700.0,36,4,0.153,0,Own,Business,0
4274,34,47900.0,7.2,728,8300.0,12,3,0.097,0,Own,Car,0
4275,19,104600.0,0.0,678,57300.0,24,2,0.346,0,Own,Debt consolidation,0
4276,59,85900.0,15.2,704,13500.0,12,4,0.281,0,Rent,Business,0
4277,21,36600.0,0.0,611,23700.0,48,3,0.041,1,Mortgage,Debt consolidation,0
4278,58,24400.0,,639,7100.0,24,5,0.495,0,Mortgage,Education,0
4279,56,61700.0,15.3,563,19300.0,12,1,0.427,0,Mortgage,Home improvement,1
4280,62,15400.0,9.9,789,9200.0,36,3,0.302,0,Mortgage,Business,0
4281,43,,9.1,706,72400.0,60,3,0.639,1,Mortgage,Car,1
4282,65,44100.0,18.5,597,39400.0,36,2,0.263,2,Rent,Medical,1
4283,27,122500.0,0.0,692,43300.0,36,6,0.153,1,Mortgage,Debt consolidation,0
4284,41,20700.0,13.7,763,17700.0,48,4,0.325,0,Mortgage,Medical,0
4285,24,77600.0,0.6,749,44300.0,12,4,0.269,0,Own,Debt consolidation,0
4286,58,46600.0,15.3,596,38200.0,60,7,0.209,0,Mortgage,Business,0
4287,55,41500.0,13.0,419,3100.0,24,3,0.22,0,Own,Debt consolidation,1
4288,60,24700.0,16.6,702,1900.0,12,2,0.349,0,Own,Medical,0
4289,58,66000.0,19.9,599,7500.0,36,4,0.124,0,Rent,Car,0
4290,34,68700.0,13.8,720,50400.0,12,5,0.258,2,Rent,Business,1
4291,21,119700.0,3.0,746,20000.0,24,6,0.229,2,Own,Debt consolidation,0
4292,67,81100.0,22.9,759,16200.0,48,3,0.449,0,Mortgage,Debt consolidation,0
4293,44,36400.0,15.5,810,19900.0,36,1,0.225,0,Rent,Debt consolidation,0
4294,23,29700.0,2.7,769,25700.0,12,4,0.156,0,Rent,Home improvement,0
4295,67,24700.0,24.3,810,13100.0,36,2,0.242,0,Rent,Education,0
4296,70,102400.0,23.2,780,68900.0,48,3,0.352,0,Rent,Debt consolidation,0
4297,41,33200.0,9.6,787,7000.0,60,9,0.179,0,Own,Medical,0
4298,58,102800.0,17.1,667,85000.0,24,5,0.314,0,Rent,Education,0
4299,19,63700.0,0.0,567,6200.0,60,8,0.397,0,Mortgage,Education,0
4300,22,57800.0,2.5,850,16800.0,48,12,0.315,0,Own,Business,0
4301,32,42000.0,1.0,675,18300.0,36,4,0.556,2,Own,Debt consolidation,0
4302,52,68200.0,8.7,768,16500.0,24,4,0.262,0,Rent,Business,0
4303,25,48600.0,3.4,626,29800.0,36,3,0.159,0,Rent,Home improvement,0
4304,19,40800.0,0.0,747,25600.0,24,3,0.184,0,Rent,Education,0
4305,53,69400.0,14.0,474,16000.0,48,4,0.214,0,Rent,Business,0
4306,58,45600.0,16.4,637,2600.0,48,1,0.087,0,Rent,Debt consolidation,1
4307,57,32900.0,16.1,662,3700.0,24,1,0.136,0,Mortgage,Debt consolidation,0
4308,60,66200.0,14.1,707,3300.0,24,4,0.536,0,Rent,Home improvement,0
4309,60,47500.0,19.5,756,38900.0,60,2,0.137,0,Rent,Debt consolidation,0
4310,49,62600.0,12.1,582,36200.0,36,5,0.244,1,Rent,Debt consolidation,0
4311,45,39100.0,,723,6600.0,36,8,0.164,0,Rent,Business,0
4312,63,26800.0,14.4,768,3400.0,60,5,0.331,0,Rent,Business,0
4313,36,116700.0,6.7,850,86900.0,24,3,0.192,0,Mortgage,Debt consolidation,0
4314,23,106200.0,5.0,727,78500.0,36,3,0.512,0,Mortgage,Education,0
4315,57,76300.0,18.5,633,64000.0,48,8,0.185,0,Mortgage,Car,0
4316,32,40400.0,3.2,568,7500.0,36,3,0.198,0,Rent,Car,0
4317,69,42200.0,18.8,816,20800.0,36,4,0.168,0,Mortgage,Home improvement,0
4318,39,97800.0,5.4,729,15000.0,60,2,0.028,0,Own,Car,0
4319,63,41100.0,16.0,668,29900.0,12,8,0.044,0,Mortgage,Medical,0
4320,20,35700.0,0.0,540,14300.0,24,2,0.203,0,Mortgage,Debt consolidation,0
4321,52,125000.0,13.2,596,80200.0,36,4,0.207,2,Mortgage,Debt consolidation,0
4322,41,47900.0,11.1,721,3600.0,48,4,0.207,0,Rent,Debt consolidation,0
4323,42,118700.0,7.2,698,84400.0,36,1,0.451,0,Own,Debt consolidation,0
4324,32,,5.3,514,6000.0,24,5,0.097,0,Mortgage,Education,0
4325,69,63500.0,19.7,721,48700.0,36,6,0.166,0,Mortgage,Business,0
4326,38,138100.0,11.2,545,28700.0,36,2,0.264,0,Mortgage,Debt consolidation,0
4327,63,49800.0,16.2,778,35900.0,48,3,0.054,0,Rent,Education,0
4328,40,43000.0,7.1,687,7100.0,60,5,0.483,0,Rent,Debt consolidation,0
4329,20,27300.0,0.0,633,16800.0,36,3,0.188,1,Mortgage,Debt consolidation,0
4330,64,84200.0,15.0,749,60000.0,48,4,0.131,0,Mortgage,Debt consolidation,0
4331,27,33400.0,5.2,698,12600.0,48,4,0.308,0,Own,Debt consolidation,0
4332,32,46800.0,5.2,776,12100.0,48,3,0.256,0,Mortgage,Business,0
4333,63,,18.2,676,9100.0,36,9,0.181,0,Rent,Debt consolidation,0
4334,65,106800.0,22.6,681,32300.0,12,6,0.192,0,Mortgage,Car,0
4335,66,87300.0,23.2,647,51300.0,48,2,0.321,0,Rent,Car,0
4336,40,48300.0,3.9,691,4200.0,36,7,0.387,0,Mortgage,Debt consolidation,0
4337,58,27500.0,17.9,806,2300.0,36,7,0.085,0,Mortgage,Medical,0
4338,35,105700.0,7.5,630,31100.0,24,2,0.654,0,Rent,Business,1
4339,57,40800.0,14.2,722,11600.0,12,7,0.624,0,Rent,Home improvement,0
4340,44,28200.0,11.4,600,5700.0,24,4,0.246,0,Mortgage,Debt consolidation,0
4341,20,20300.0,0.0,505,13400.0,24,4,0.127,0,Own,Education,1
4342,40,35500.0,,687,2500.0,24,2,0.089,0,Rent,Car,0
4343,42,23700.0,11.1,700,19800.0,24,5,0.36,2,Mortgage,Debt consolidation,0
4344,31,35900.0,2.6,661,24900.0,12,9,0.575,1,Rent,Car,1
4345,37,71100.0,5.8,550,27900.0,24,5,0.255,1,Rent,Business,0
4346,44,40600.0,5.3,694,31700.0,60,4,0.34,0,Mortgage,Debt consolidation,0
4347,20,58600.0,0.0,691,33700.0,36,7,0.142,0,Own,Education,0
4348,26,34100.0,1.8,599,18200.0,36,8,0.421,0,Rent,Debt consolidation,0
4349,58,50600.0,12.0,562,16000.0,48,4,0.65,0,Rent,Business,1
4350,36,128100.0,9.5,650,78600.0,36,5,0.148,0,Rent,Debt consolidation,0
4351,50,,,722,7000.0,12,2,0.262,0,Mortgage,Home improvement,0
4352,47,59400.0,11.5,703,29500.0,36,5,0.301,0,Rent,Debt consolidation,0
4353,47,22400.0,10.7,600,3300.0,36,5,0.203,0,Rent,Car,0
4354,39,104800.0,9.7,681,44900.0,36,1,0.405,1,Mortgage,Debt consolidation,0
4355,43,38600.0,9.9,741,22100.0,24,7,0.163,0,Mortgage,Education,0
4356,61,82900.0,14.0,576,15100.0,36,5,0.261,1,Rent,Debt consolidation,0
4357,69,46100.0,18.4,675,11000.0,24,3,0.478,0,Mortgage,Education,0
4358,31,66600.0,4.3,777,49400.0,24,4,0.317,0,Mortgage,Debt consolidation,0
4359,53,68600.0,14.7,568,18300.0,48,4,0.314,0,Mortgage,Business,0
4360,69,39100.0,20.4,762,5100.0,24,10,0.317,1,Mortgage,Debt consolidation,0
4361,18,84600.0,0.0,800,28000.0,36,7,0.313,2,Mortgage,Car,0
4362,59,33500.0,11.8,652,28300.0,12,5,0.164,0,Rent,Education,1
4363,44,72300.0,12.4,643,46300.0,48,2,0.075,0,Rent,Car,0
4364,69,40300.0,20.4,753,21700.0,36,7,0.214,0,Rent,Debt consolidation,0
4365,48,58400.0,19.7,655,44600.0,60,5,0.268,1,Mortgage,Home improvement,0
4366,62,38900.0,16.4,482,23800.0,36,1,0.371,0,Rent,Education,1
4367,26,50300.0,4.2,662,37200.0,60,1,0.175,0,Mortgage,Education,0
4368,25,28600.0,7.0,708,17400.0,24,5,0.104,0,Mortgage,Medical,1
4369,67,55500.0,20.2,729,43500.0,48,1,0.278,0,Rent,Debt consolidation,1
4370,45,50100.0,10.6,600,29100.0,36,5,0.234,1,Rent,Business,0
4371,47,37400.0,8.6,648,10300.0,36,4,0.193,0,Mortgage,Education,0
4372,27,47700.0,8.2,748,4100.0,48,4,0.451,0,Rent,Car,0
4373,30,52400.0,1.3,665,7300.0,60,1,0.073,0,Rent,Medical,0
4374,61,36000.0,,548,17500.0,48,9,0.457,0,Rent,Home improvement,1
4375,34,46000.0,5.0,769,40300.0,36,1,0.066,0,Own,Debt consolidation,0
4376,48,29700.0,11.4,653,20700.0,36,6,0.201,0,Mortgage,Education,0
4377,34,158400.0,2.1,757,112300.0,24,3,0.273,0,Rent,Education,0
4378,31,83200.0,9.2,558,51100.0,36,3,0.062,0,Mortgage,Car,0
4379,26,56200.0,2.4,660,46000.0,36,2,0.289,1,Rent,Debt consolidation,0
4380,67,88100.0,16.0,711,59500.0,24,4,0.019,0,Rent,Education,0
4381,67,18200.0,23.4,663,4900.0,12,5,0.494,0,Mortgage,Car,0
4382,24,13600.0,0.9,575,6500.0,60,3,0.235,0,Mortgage,Debt consolidation,0
4383,36,40100.0,8.2,479,15800.0,12,3,0.155,0,Own,Debt consolidation,1
4384,47,24600.0,14.1,792,4700.0,36,7,0.202,0,Mortgage,Debt consolidation,0
4385,38,43600.0,,690,10400.0,24,5,0.062,0,Mortgage,Debt consolidation,0
4386,56,54300.0,8.6,763,15900.0,36,3,0.147,0,Own,Debt consolidation,0
4387,31,77700.0,7.3,744,15400.0,24,5,0.258,0,Rent,Business,0
4388,21,27700.0,0.9,718,6500.0,48,5,0.335,0,Mortgage,Education,0
4389,35,59900.0,5.8,644,49700.0,24,5,0.231,0,Own,Debt consolidation,0
4390,49,49400.0,12.1,709,16900.0,24,4,0.354,0,Mortgage,Home improvement,0
4391,27,58300.0,0.0,785,43900.0,24,4,0.043,0,Rent,Home improvement,0
4392,61,37800.0,17.8,677,4000.0,24,3,0.368,2,Own,Business,1
4393,18,97900.0,0.0,822,86600.0,36,4,0.144,0,Rent,Debt consolidation,0
4394,21,46500.0,0.3,550,32600.0,24,6,0.452,0,Rent,Debt consolidation,1
4395,44,119000.0,10.9,541,97700.0,48,3,0.178,0,Mortgage,Debt consolidation,0
4396,45,33000.0,14.0,749,16400.0,36,9,0.401,0,Rent,Debt consolidation,0
4397,33,71100.0,3.5,605,41900.0,24,3,0.26,1,Rent,Medical,1
4398,31,47600.0,9.6,833,17000.0,24,4,0.06,0,Rent,Debt consolidation,0
4399,21,41600.0,3.0,777,17400.0,36,1,0.338,0,Rent,Debt consolidation,0
4400,53,67200.0,12.7,797,46200.0,36,2,0.132,0,Rent,Home improvement,0
4401,38,42200.0,4.7,741,3900.0,36,5,0.199,0,Rent,Medical,0
4402,24,13000.0,0.0,596,1100.0,60,7,0.175,0,Rent,Medical,0
4403,39,10600.0,9.2,537,8400.0,12,2,0.085,0,Mortgage,Business,0
4404,67,92600.0,17.4,790,13300.0,36,2,0.352,2,Rent,Business,0
4405,31,90700.0,8.8,550,60100.0,36,2,0.149,2,Mortgage,Education,0
4406,65,126000.0,16.8,797,27700.0,24,3,0.199,0,Own,Car,0
4407,31,48600.0,2.5,724,17600.0,36,4,0.084,1,Rent,Debt consolidation,0
4408,27,25700.0,4.3,664,7700.0,36,0,0.19,0,Own,Education,0
4409,31,39700.0,3.1,705,18500.0,36,5,0.12,0,Mortgage,Business,0
4410,35,49300.0,6.8,707,37100.0,48,3,0.006,0,Own,Business,0
4411,24,29600.0,5.4,654,23500.0,12,3,0.424,0,Rent,Car,0
4412,49,111800.0,12.8,784,26700.0,36,2,0.339,0,Mortgage,Medical,0
4413,35,150200.0,7.2,781,50600.0,48,5,0.133,0,Rent,Education,0
4414,56,62300.0,15.8,682,47400.0,36,1,0.282,0,Own,Debt consolidation,0
4415,44,48800.0,5.3,622,6200.0,48,4,0.453,0,Rent,Car,0
4416,41,25700.0,10.4,774,3800.0,36,8,0.267,0,Rent,Home improvement,0
4417,42,106200.0,10.1,508,48600.0,36,4,0.419,0,Mortgage,Business,0
4418,26,,,706,36700.0,12,3,0.083,0,Rent,Home improvement,0
4419,55,42400.0,16.6,729,14200.0,36,7,0.087,0,Rent,Education,0
4420,23,62400.0,,604,6800.0,36,4,0.141,0,Rent,Home improvement,0
4421,56,36600.0,18.3,748,31900.0,12,6,0.191,0,Rent,Education,0
4422,70,52800.0,19.9,668,44800.0,24,3,0.47,0,Rent,Home improvement,1
4423,58,23800.0,16.7,626,14400.0,12,5,0.159,0,Rent,Medical,0
4424,42,84400.0,8.7,747,53100.0,36,3,0.405,0,Rent,Education,0
4425,34,46500.0,7.8,583,39200.0,12,5,0.219,1,Mortgage,Education,0
4426,64,87500.0,17.3,740,52300.0,60,7,0.257,0,Rent,Education,0
4427,31,44300.0,10.1,511,31900.0,60,1,0.144,0,Mortgage,Education,0
4428,43,45800.0,16.1,693,20300.0,60,1,0.259,0,Mortgage,Medical,0
4429,58,26700.0,18.6,674,6500.0,24,3,0.459,0,Mortgage,Education,0
4430,66,71700.0,23.8,627,54300.0,36,0,0.164,0,Mortgage,Education,0
4431,66,31600.0,14.6,701,20000.0,60,2,0.263,1,Mortgage,Debt consolidation,0
4432,22,38400.0,0.0,664,11400.0,48,3,0.208,2,Mortgage,Debt consolidation,0
4433,65,49000.0,17.8,754,28400.0,24,2,0.066,0,Rent,Medical,0
4434,24,52100.0,2.5,715,38800.0,60,4,0.06,0,Rent,Medical,0
4435,48,20900.0,11.4,706,5800.0,36,6,0.187,0,Rent,Home improvement,0
4436,67,43700.0,14.7,693,30700.0,48,4,0.308,0,Rent,Debt consolidation,0
4437,52,73000.0,17.1,632,8100.0,60,5,0.099,0,Rent,Medical,0
4438,68,,26.5,646,23600.0,60,4,0.162,0,Mortgage,Car,0
4439,36,43800.0,11.0,690,39400.0,36,3,0.386,0,Mortgage,Business,0
4440,34,53200.0,9.7,656,41800.0,24,5,0.171,0,Rent,Home improvement,0
4441,35,46000.0,7.5,759,36500.0,36,4,0.13,0,Mortgage,Education,0
4442,36,29300.0,4.7,677,18400.0,36,7,0.431,2,Mortgage,Car,0
4443,54,48100.0,14.6,700,21300.0,36,6,0.591,0,Rent,Debt consolidation,0
4444,41,80600.0,15.5,558,50400.0,36,8,0.108,0,Mortgage,Debt consolidation,0
4445,57,29000.0,14.5,745,9400.0,36,3,0.089,0,Rent,Car,0
4446,40,40700.0,7.4,624,21200.0,36,7,0.571,1,Rent,Education,0
4447,34,24600.0,9.7,587,12500.0,60,3,0.287,0,Own,Business,0
4448,28,78500.0,7.5,802,40200.0,60,2,0.431,0,Mortgage,Debt consolidation,0
4449,47,46800.0,9.1,726,18700.0,36,1,0.386,0,Rent,Business,0
4450,65,32000.0,18.0,748,11200.0,36,4,0.334,0,Mortgage,Education,0
4451,63,51300.0,16.5,706,17000.0,36,3,0.064,2,Mortgage,Home improvement,1
4452,31,26900.0,5.4,663,6500.0,36,3,0.051,0,Rent,Business,0
4453,43,29200.0,13.3,648,12300.0,12,1,0.38,0,Rent,Car,0
4454,55,23600.0,12.4,732,3500.0,48,2,0.022,0,Rent,Car,0
4455,50,28800.0,16.1,761,23500.0,48,2,0.189,0,Mortgage,Debt consolidation,0
4456,21,96600.0,,665,10600.0,36,5,0.206,1,Rent,Debt consolidation,0
4457,49,34000.0,19.4,836,25900.0,60,3,0.036,0,Rent,Education,0
4458,20,61900.0,1.8,654,15800.0,60,5,0.362,0,Rent,Business,0
4459,24,32300.0,2.1,558,25000.0,60,5,0.211,0,Own,Car,1
4460,52,71700.0,15.3,532,47500.0,60,3,0.053,0,Rent,Business,1
4461,23,29300.0,1.0,535,24400.0,36,6,0.475,0,Rent,Medical,1
4462,35,50000.0,1.4,637,39500.0,60,3,0.364,0,Mortgage,Business,0
4463,49,50300.0,11.7,651,32500.0,60,4,0.218,0,Mortgage,Home improvement,0
4464,52,157000.0,12.8,725,28100.0,36,4,0.221,0,Rent,Home improvement,0
4465,41,67200.0,4.4,668,34700.0,24,7,0.211,0,Mortgage,Business,0
4466,22,,1.4,737,12300.0,24,5,0.404,0,Mortgage,Business,1
4467,60,69000.0,10.6,674,55400.0,36,6,0.07,0,Rent,Home improvement,0
4468,68,142800.0,19.0,671,113000.0,48,5,0.216,0,Mortgage,Home improvement,0
4469,65,21700.0,19.5,624,6900.0,36,7,0.532,0,Own,Debt consolidation,0
4470,57,32200.0,,784,20000.0,48,5,0.129,0,Rent,Debt consolidation,0
4471,39,43500.0,7.2,547,14700.0,48,1,0.17,0,Rent,Debt consolidation,0
4472,64,39800.0,18.1,694,24900.0,24,2,0.27,0,Rent,Business,0
4473,43,41500.0,7.6,655,23700.0,24,3,0.101,0,Own,Education,0
4474,25,25500.0,2.8,733,12300.0,48,2,0.37,0,Mortgage,Car,0
4475,63,98900.0,18.2,668,78800.0,36,5,0.114,0,Mortgage,Debt consolidation,0
4476,34,24100.0,3.7,671,6200.0,60,4,0.225,0,Own,Car,0
4477,67,44400.0,20.4,649,32300.0,60,2,0.075,0,Rent,Education,0
4478,37,82700.0,8.4,781,52600.0,36,4,0.177,0,Own,Medical,0
4479,64,48300.0,17.9,670,14000.0,36,5,0.375,0,Own,Debt consolidation,0
4480,46,30000.0,18.5,828,12300.0,60,6,0.249,0,Mortgage,Home improvement,0
4481,42,25000.0,9.2,692,2700.0,60,3,0.184,0,Rent,Debt consolidation,0
4482,33,43700.0,5.2,672,24400.0,36,4,0.153,0,Own,Home improvement,0
4483,62,33600.0,16.3,658,27000.0,60,3,0.328,2,Rent,Home improvement,0
4484,21,54300.0,0.0,715,8200.0,36,5,0.43,0,Rent,Home improvement,0
4485,42,24300.0,11.7,623,3900.0,12,6,0.134,0,Rent,Car,0
4486,37,73600.0,5.5,682,33400.0,36,2,0.256,0,Rent,Medical,0
4487,46,51900.0,9.5,671,15000.0,48,3,0.144,0,Mortgage,Debt consolidation,0
4488,31,53900.0,3.6,696,15400.0,60,4,0.162,0,Rent,Home improvement,0
4489,53,100800.0,11.0,698,59800.0,24,3,0.227,0,Mortgage,Home improvement,0
4490,38,39400.0,2.7,702,15700.0,36,4,0.112,1,Rent,Car,0
4491,27,34100.0,2.2,678,26200.0,36,4,0.232,0,Rent,Business,1
4492,28,37300.0,6.6,796,15500.0,60,7,0.279,0,Rent,Car,0
4493,54,44500.0,15.0,704,25500.0,48,6,0.256,0,Rent,Home improvement,0
4494,31,46800.0,9.9,850,18200.0,24,5,0.022,0,Mortgage,Business,0
4495,34,32400.0,8.7,674,8700.0,60,4,0.194,0,Rent,Debt consolidation,1
4496,51,17800.0,14.8,747,8000.0,48,6,0.438,0,Rent,Debt consolidation,1
4497,35,37000.0,12.4,612,24500.0,60,6,0.156,1,Mortgage,Business,0
4498,38,58700.0,7.7,782,50500.0,60,4,0.414,0,Mortgage,Education,1
4499,30,,5.0,614,4500.0,24,1,0.096,0,Mortgage,Car,0
4500,36,89300.0,7.2,706,44800.0,60,4,0.163,0,Mortgage,Business,0
4501,54,,19.0,649,77000.0,36,2,0.229,0,Mortgage,Debt consolidation,0
4502,46,71700.0,,706,8800.0,60,0,0.65,0,Mortgage,Education,0
4503,70,97900.0,18.9,651,73900.0,24,4,0.14,0,Rent,Debt consolidation,0
4504,58,71900.0,17.8,607,20500.0,48,8,0.396,0,Mortgage,Business,0
4505,18,115300.0,0.0,648,91500.0,36,4,0.106,0,Rent,Debt consolidation,1
4506,38,123700.0,9.6,793,64300.0,12,3,0.55,0,Rent,Home improvement,0
4507,33,78900.0,7.2,707,14100.0,60,4,0.174,0,Own,Debt consolidation,0
4508,49,69800.0,11.8,567,47300.0,36,5,0.388,0,Own,Business,0
4509,32,44200.0,7.3,758,8100.0,12,6,0.007,0,Mortgage,Business,0
4510,69,48000.0,15.9,599,31800.0,60,4,0.126,0,Mortgage,Debt consolidation,1
4511,33,41400.0,6.5,729,30500.0,36,7,0.333,0,Own,Debt consolidation,0
4512,45,66900.0,9.4,714,36100.0,36,0,0.443,0,Rent,Home improvement,0
4513,24,34200.0,6.0,719,9600.0,60,2,0.256,0,Mortgage,Car,0
4514,66,44600.0,19.7,818,18800.0,36,7,0.341,1,Rent,Car,0
4515,66,15100.0,17.4,604,7500.0,12,5,0.255,0,Own,Education,0
4516,60,116000.0,12.7,719,71400.0,48,6,0.267,0,Mortgage,Medical,0
4517,36,43900.0,11.1,771,25800.0,48,6,0.08,0,Mortgage,Debt consolidation,0
4518,21,,0.1,619,24000.0,24,2,0.152,0,Mortgage,Debt consolidation,0
4519,55,101600.0,12.4,610,70600.0,36,1,0.279,0,Mortgage,Business,0
4520,40,57000.0,,647,40200.0,36,3,0.399,1,Rent,Car,1
4521,70,100900.0,22.7,696,64800.0,12,3,0.304,0,Mortgage,Debt consolidation,0
4522,55,26300.0,16.7,557,7400.0,36,2,0.164,0,Rent,Medical,1
4523,46,162500.0,11.3,714,73000.0,60,3,0.253,0,Rent,Debt consolidation,0
4524,70,84400.0,21.3,557,35300.0,36,7,0.562,0,Rent,Home improvement,1
4525,60,54400.0,17.5,773,40500.0,24,4,0.073,0,Rent,Medical,0
4526,42,100000.0,10.6,711,73700.0,60,5,0.096,1,Mortgage,Education,0
4527,18,27300.0,0.0,823,21500.0,36,4,0.109,0,Rent,Business,0
4528,22,42400.0,4.0,724,10500.0,60,5,0.368,0,Rent,Debt consolidation,1
4529,41,100900.0,9.4,646,69200.0,60,2,0.38,0,Mortgage,Business,1
4530,47,19300.0,9.1,606,15200.0,36,1,0.179,0,Rent,Medical,0
4531,19,64900.0,0.0,689,12400.0,36,1,0.2,0,Rent,Debt consolidation,0
4532,24,64000.0,4.7,668,5400.0,24,4,0.234,0,Mortgage,Debt consolidation,1
4533,55,131200.0,9.4,765,18300.0,24,7,0.1,0,Own,Debt consolidation,0
4534,57,22200.0,10.3,596,12500.0,24,2,0.147,0,Rent,Home improvement,0
4535,19,109600.0,1.0,832,44800.0,36,3,0.037,0,Rent,Debt consolidation,0
4536,44,37100.0,15.0,772,8000.0,36,1,0.446,0,Mortgage,Education,0
4537,22,39200.0,0.0,654,19600.0,60,3,0.307,0,Own,Debt consolidation,1
4538,56,26600.0,15.5,814,19100.0,24,3,0.348,0,Own,Car,0
4539,62,28500.0,16.4,607,22200.0,36,4,0.136,0,Mortgage,Car,0
4540,64,60000.0,17.6,686,41300.0,24,4,0.443,0,Rent,Education,1
4541,49,28100.0,13.3,568,22600.0,24,2,0.119,0,Mortgage,Car,0
4542,51,71000.0,9.3,818,40000.0,48,2,0.394,0,Mortgage,Car,0
4543,67,35200.0,16.3,538,26800.0,48,5,0.221,0,Mortgage,Business,0
4544,50,26700.0,11.9,555,10800.0,36,3,0.268,0,Rent,Home improvement,0
4545,41,37700.0,8.8,619,29200.0,36,4,0.06,0,Rent,Car,0
4546,57,58000.0,12.2,776,47100.0,36,2,0.109,0,Rent,Debt consolidation,0
4547,49,42700.0,14.8,746,27000.0,60,2,0.325,0,Rent,Home improvement,0
4548,62,49900.0,16.3,680,20800.0,36,5,0.216,0,Rent,Business,0
4549,45,69400.0,9.5,752,20100.0,48,0,0.421,0,Mortgage,Debt consolidation,0
4550,64,84200.0,19.2,661,27500.0,24,7,0.188,1,Mortgage,Debt consolidation,1
4551,20,42000.0,0.4,704,6800.0,36,3,0.009,0,Rent,Education,0
4552,19,29100.0,1.0,802,2600.0,36,4,0.152,0,Mortgage,Debt consolidation,0
4553,23,50900.0,0.0,650,20500.0,24,8,0.688,0,Rent,Car,0
4554,47,,7.4,609,5300.0,36,5,0.224,1,Rent,Car,1
4555,55,23600.0,13.9,708,18800.0,36,4,0.041,0,Rent,Education,0
4556,29,31400.0,4.6,729,18900.0,24,3,0.474,0,Own,Debt consolidation,0
4557,26,34200.0,0.0,679,26200.0,60,6,0.314,0,Mortgage,Debt consolidation,0
4558,63,44200.0,13.8,750,18900.0,12,5,0.217,0,Rent,Education,0
4559,57,,16.1,654,8100.0,60,5,0.475,0,Mortgage,Debt consolidation,0
4560,52,69800.0,11.3,680,20700.0,36,7,0.077,0,Rent,Home improvement,0
4561,43,22000.0,5.6,700,17100.0,24,7,0.478,0,Rent,Debt consolidation,0
4562,40,22300.0,11.7,693,3400.0,24,4,0.123,1,Own,Education,0
4563,19,41500.0,0.0,799,26700.0,48,1,0.135,0,Own,Car,0
4564,27,44900.0,7.0,700,10900.0,48,8,0.109,0,Mortgage,Car,0
4565,65,23700.0,18.9,646,8300.0,48,7,0.253,1,Rent,Debt consolidation,1
4566,35,36200.0,7.7,712,1900.0,36,5,0.315,0,Rent,Debt consolidation,0
4567,55,40100.0,14.2,751,18300.0,24,0,0.098,0,Rent,Business,0
4568,55,40300.0,6.8,732,6400.0,48,4,0.527,0,Rent,Debt consolidation,0
4569,34,52900.0,3.0,728,41300.0,60,4,0.428,0,Own,Education,0
4570,28,35200.0,3.6,550,4700.0,36,7,0.367,0,Rent,Business,0
4571,54,,15.5,471,27000.0,60,5,0.261,0,Mortgage,Home improvement,0
4572,22,62600.0,0.0,772,3900.0,36,4,0.62,0,Rent,Home improvement,0
4573,44,32700.0,10.2,705,29200.0,36,4,0.16,0,Mortgage,Home improvement,0
4574,65,51400.0,15.4,668,30600.0,36,4,0.247,0,Mortgage,Debt consolidation,0
4575,55,52200.0,15.5,726,31200.0,24,6,0.191,0,Rent,Home improvement,0
4576,58,90000.0,15.9,824,44200.0,24,4,0.344,0,Rent,Medical,0
4577,22,36300.0,3.8,783,28600.0,48,1,0.352,0,Mortgage,Medical,0
4578,28,71900.0,7.2,747,12400.0,60,3,0.212,0,Rent,Education,0
4579,32,50100.0,7.0,599,36300.0,36,4,0.443,0,Rent,Home improvement,0
4580,33,103300.0,8.6,609,76000.0,12,1,0.244,0,Mortgage,Home improvement,0
4581,28,93500.0,2.9,479,7500.0,12,8,0.199,0,Mortgage,Business,0
4582,69,54100.0,28.9,721,8800.0,36,3,0.314,0,Mortgage,Education,0
4583,26,43000.0,0.0,759,22100.0,48,3,0.24,0,Mortgage,Debt consolidation,0
4584,55,63200.0,13.2,765,8000.0,24,2,0.332,0,Rent,Business,0
4585,49,44800.0,15.1,724,13000.0,12,7,0.127,0,Mortgage,Debt consolidation,0
4586,50,113600.0,15.1,658,44700.0,48,2,0.218,0,Rent,Car,0
4587,29,51000.0,5.9,625,9400.0,24,3,0.709,0,Rent,Home improvement,0
4588,34,40000.0,8.4,604,25900.0,36,1,0.036,0,Own,Debt consolidation,0
4589,50,39000.0,6.5,657,18400.0,48,6,0.331,0,Own,Education,0
4590,33,26700.0,10.8,592,15900.0,24,3,0.103,0,Rent,Medical,0
4591,54,64700.0,13.8,810,29300.0,36,6,0.162,0,Mortgage,Business,0
4592,20,32500.0,2.0,566,13000.0,24,7,0.19,0,Mortgage,Debt consolidation,0
4593,21,84900.0,0.0,654,39800.0,36,4,0.179,1,Rent,Education,1
4594,56,25700.0,16.0,515,20900.0,60,5,0.276,1,Rent,Business,1
4595,50,52200.0,11.1,694,20200.0,48,7,0.305,0,Mortgage,Medical,0
4596,20,87100.0,2.0,670,51900.0,12,5,0.397,0,Mortgage,Education,0
4597,65,16700.0,19.8,641,12700.0,24,4,0.366,0,Mortgage,Debt consolidation,0
4598,18,134500.0,0.0,595,77700.0,24,3,0.281,0,Rent,Home improvement,0
4599,68,39600.0,16.8,670,9600.0,60,5,0.11,0,Mortgage,Business,0
4600,56,52600.0,,626,8100.0,48,5,0.241,0,Rent,Debt consolidation,0
4601,70,65200.0,20.3,659,36000.0,36,1,0.116,0,Mortgage,Car,0
4602,68,70500.0,21.5,827,47100.0,24,4,0.249,0,Mortgage,Debt consolidation,1
4603,34,56200.0,9.4,684,39500.0,60,6,0.394,0,Mortgage,Debt consolidation,0
4604,58,80700.0,16.5,713,51600.0,60,2,0.065,0,Rent,Debt consolidation,0
4605,29,63500.0,0.6,633,3400.0,24,3,0.343,0,Mortgage,Debt consolidation,0
4606,42,118200.0,9.9,607,83700.0,36,3,0.074,0,Mortgage,Medical,0
4607,30,63700.0,12.0,668,35900.0,36,2,0.403,1,Rent,Business,1
4608,43,130900.0,14.9,850,116500.0,36,1,0.172,0,Rent,Debt consolidation,0
4609,64,76900.0,9.5,647,53800.0,36,8,0.173,0,Mortgage,Car,0
4610,41,19900.0,9.4,699,8300.0,24,3,0.443,0,Rent,Business,0
4611,22,180900.0,4.0,604,113000.0,48,1,0.471,1,Mortgage,Education,0
4612,35,36800.0,6.3,450,21100.0,48,3,0.158,1,Rent,Debt consolidation,1
4613,59,103500.0,15.0,607,34900.0,36,5,0.416,2,Rent,Car,0
4614,45,49700.0,10.0,850,25000.0,36,3,0.212,0,Rent,Business,0
4615,47,83300.0,13.3,718,18600.0,12,5,0.252,0,Rent,Debt consolidation,0
4616,40,34700.0,5.4,801,4300.0,36,5,0.199,0,Mortgage,Education,0
4617,33,67000.0,9.6,642,45100.0,60,6,0.098,0,Mortgage,Debt consolidation,0
4618,49,43200.0,12.2,481,16300.0,36,0,0.118,0,Rent,Debt consolidation,1
4619,51,108000.0,10.4,581,74800.0,60,3,0.498,0,Rent,Debt consolidation,1
4620,65,61000.0,22.2,702,28400.0,48,3,0.145,0,Rent,Home improvement,0
4621,50,78300.0,8.2,689,57800.0,48,2,0.415,0,Mortgage,Medical,0
4622,70,16600.0,19.1,669,11300.0,36,3,0.057,0,Rent,Business,0
4623,61,47000.0,15.5,628,32900.0,24,2,0.271,0,Own,Business,0
4624,22,60200.0,4.0,745,25000.0,60,3,0.191,0,Mortgage,Debt consolidation,0
4625,38,54800.0,5.9,630,47500.0,48,2,0.453,0,Own,Debt consolidation,0
4626,38,79300.0,1.5,695,31300.0,60,6,0.255,0,Rent,Home improvement,1
4627,18,40800.0,0.0,686,29500.0,36,6,0.212,0,Own,Car,0
4628,27,50200.0,5.0,641,23400.0,36,5,0.287,0,Own,Business,0
4629,58,88500.0,18.4,599,22100.0,24,6,0.422,0,Rent,Debt consolidation,0
4630,36,15700.0,14.0,636,9200.0,36,4,0.319,0,Own,Debt consolidation,0
4631,25,65800.0,7.0,820,29500.0,36,2,0.305,0,Rent,Debt consolidation,0
4632,33,41500.0,6.6,759,11400.0,60,3,0.398,0,Rent,Debt consolidation,0
4633,32,31100.0,2.9,752,11700.0,60,2,0.374,0,Rent,Business,0
4634,27,58000.0,8.5,607,10800.0,36,6,0.408,0,Rent,Debt consolidation,1
4635,23,90600.0,0.9,555,80500.0,36,3,0.293,1,Mortgage,Debt consolidation,1
4636,58,82400.0,14.0,758,49200.0,12,2,0.209,0,Mortgage,Education,0
4637,61,45800.0,15.9,742,9000.0,36,1,0.173,0,Rent,Debt consolidation,0
4638,44,76000.0,6.6,681,53200.0,60,6,0.197,0,Rent,Debt consolidation,0
4639,50,75700.0,11.4,640,42500.0,48,6,0.19,0,Rent,Car,0
4640,66,46900.0,18.5,553,31100.0,36,2,0.356,0,Mortgage,Medical,0
4641,62,34700.0,19.8,739,19000.0,60,4,0.094,0,Rent,Medical,0
4642,19,35700.0,0.0,765,3600.0,12,3,0.185,0,Mortgage,Debt consolidation,0
4643,68,74500.0,16.2,616,16600.0,60,3,0.331,1,Mortgage,Car,0
4644,21,48000.0,0.0,609,33800.0,48,4,0.071,2,Mortgage,Education,0
4645,19,29100.0,1.0,769,20100.0,12,6,0.431,0,Mortgage,Debt consolidation,0
4646,39,21100.0,8.6,619,14600.0,48,6,0.269,0,Own,Home improvement,0
4647,57,74300.0,13.9,812,4700.0,12,6,0.028,0,Mortgage,Debt consolidation,0
4648,22,37300.0,0.2,661,27400.0,36,6,0.397,0,Rent,Home improvement,1
4649,33,57800.0,7.2,639,24500.0,36,5,0.186,0,Own,Debt consolidation,0
4650,31,91100.0,9.4,674,58300.0,24,2,0.186,0,Mortgage,Debt consolidation,0
4651,39,25500.0,6.1,639,7200.0,36,8,0.115,0,Rent,Debt consolidation,0
4652,70,47900.0,21.1,760,33700.0,36,4,0.115,0,Mortgage,Debt consolidation,0
4653,35,45000.0,9.7,741,39800.0,12,2,0.063,0,Rent,Home improvement,0
4654,29,59300.0,2.1,757,15700.0,60,9,0.048,1,Rent,Car,0
4655,24,91100.0,2.4,685,65300.0,24,3,0.368,1,Rent,Debt consolidation,1
4656,28,25200.0,3.9,633,14200.0,36,5,0.055,0,Rent,Medical,0
4657,25,65200.0,0.0,669,18400.0,36,3,0.245,0,Rent,Medical,0
4658,48,,12.5,636,24600.0,12,4,0.23,1,Mortgage,Education,0
4659,40,44700.0,8.9,787,30000.0,60,4,0.14,1,Mortgage,Home improvement,0
4660,44,45800.0,12.1,750,13400.0,36,5,0.44,0,Rent,Home improvement,0
4661,62,60400.0,14.0,663,5500.0,24,3,0.118,0,Mortgage,Car,0
4662,48,58200.0,,596,46100.0,36,3,0.167,0,Rent,Car,1
4663,26,65600.0,7.3,793,36100.0,36,3,0.141,0,Mortgage,Business,0
4664,37,64900.0,13.8,681,45100.0,12,4,0.355,0,Mortgage,Car,0
4665,34,30000.0,10.2,660,16900.0,36,8,0.174,0,Rent,Medical,0
4666,61,80400.0,13.7,794,39300.0,36,4,0.175,0,Mortgage,Business,0
4667,34,87900.0,7.8,629,61900.0,48,5,0.138,0,Rent,Debt consolidation,0
4668,25,53800.0,,644,4200.0,36,5,0.104,0,Mortgage,Home improvement,0
4669,57,23200.0,16.5,652,7300.0,36,5,0.03,1,Rent,Debt consolidation,0
4670,40,46300.0,6.5,565,27000.0,24,8,0.31,0,Rent,Medical,1
4671,23,54000.0,0.0,695,46000.0,24,7,0.206,0,Rent,Home improvement,1
4672,54,27700.0,13.4,609,10700.0,48,3,0.105,0,Mortgage,Business,0
4673,29,40900.0,6.6,624,36000.0,36,1,0.282,0,Mortgage,Home improvement,0
4674,64,24200.0,19.3,614,16700.0,24,7,0.163,0,Rent,Debt consolidation,0
4675,62,66400.0,18.8,623,30700.0,24,6,0.384,0,Rent,Car,0
4676,37,53300.0,8.2,603,22100.0,36,5,0.373,1,Rent,Home improvement,0
4677,47,21500.0,12.8,690,3400.0,36,2,0.136,0,Own,Debt consolidation,0
4678,48,58400.0,13.6,658,33500.0,36,4,0.081,0,Mortgage,Education,0
4679,52,47700.0,12.8,674,4500.0,36,4,0.379,0,Own,Debt consolidation,0
4680,21,63500.0,1.4,850,26300.0,36,5,0.306,1,Mortgage,Debt consolidation,0
4681,35,40300.0,12.0,658,10200.0,12,5,0.142,0,Rent,Debt consolidation,0
4682,27,,4.0,718,28300.0,36,2,0.339,0,Mortgage,Car,1
4683,54,33300.0,14.5,727,11900.0,24,4,0.296,2,Mortgage,Medical,0
4684,21,37500.0,1.5,665,17500.0,60,5,0.129,0,Own,Medical,1
4685,45,49500.0,10.1,692,18300.0,24,5,0.46,0,Mortgage,Education,0
4686,56,52800.0,13.9,672,8800.0,36,2,0.206,0,Mortgage,Education,0
4687,68,44600.0,20.6,686,15600.0,36,6,0.156,0,Mortgage,Debt consolidation,0
4688,33,39700.0,4.5,623,28300.0,36,3,0.155,0,Own,Education,1
4689,18,41100.0,0.0,630,23800.0,60,4,0.286,0,Rent,Education,0
4690,56,171800.0,12.8,671,72500.0,36,2,0.193,0,Own,Medical,0
4691,18,33300.0,0.0,512,24900.0,24,4,0.427,0,Rent,Car,0
4692,21,37100.0,,790,2000.0,36,2,0.14,0,Rent,Medical,0
4693,70,254500.0,20.2,843,191500.0,48,2,0.217,0,Rent,Car,0
4694,63,60500.0,12.0,684,6100.0,60,4,0.276,0,Rent,Car,0
4695,55,24600.0,16.6,723,19400.0,36,5,0.134,0,Mortgage,Debt consolidation,0
4696,62,74700.0,18.0,756,63900.0,36,6,0.473,1,Rent,Debt consolidation,1
4697,21,31100.0,0.0,564,23200.0,24,6,0.374,0,Rent,Home improvement,0
4698,22,77200.0,3.9,744,5100.0,60,3,0.091,0,Rent,Debt consolidation,0
4699,33,44100.0,1.8,636,21900.0,48,1,0.414,0,Rent,Medical,1
4700,19,39300.0,1.0,850,29700.0,24,0,0.426,0,Mortgage,Education,0
4701,65,109600.0,18.6,655,56300.0,36,6,0.134,0,Rent,Debt consolidation,0
4702,20,65100.0,0.0,743,23200.0,36,5,0.411,0,Own,Education,0
4703,46,79700.0,11.7,656,35900.0,24,10,0.135,0,Rent,Education,0
4704,63,60900.0,16.8,846,7200.0,48,1,0.162,0,Mortgage,Home improvement,0
4705,56,39300.0,13.5,629,18500.0,48,3,0.057,1,Own,Home improvement,0
4706,30,66500.0,2.6,763,4900.0,24,6,0.3,0,Rent,Home improvement,0
4707,42,89700.0,9.2,720,53600.0,60,3,0.254,1,Mortgage,Debt consolidation,0
4708,47,52400.0,10.1,702,20000.0,60,8,0.323,0,Mortgage,Home improvement,0
4709,58,120700.0,10.4,688,25700.0,24,4,0.219,0,Mortgage,Business,0
4710,40,75000.0,12.6,617,4900.0,36,3,0.237,0,Own,Car,0
4711,33,,5.3,463,45400.0,60,1,0.459,0,Rent,Debt consolidation,1
4712,60,55600.0,14.6,756,29100.0,36,2,0.275,0,Mortgage,Car,0
4713,64,52500.0,15.0,631,31500.0,60,2,0.231,0,Mortgage,Home improvement,1
4714,43,26200.0,12.3,764,18700.0,24,2,0.247,0,Mortgage,Medical,0
4715,19,46900.0,0.0,698,27300.0,48,3,0.431,0,Rent,Business,0
4716,44,54800.0,10.8,766,22000.0,36,4,0.325,0,Rent,Medical,1
4717,65,39800.0,17.0,734,23200.0,36,8,0.145,0,Rent,Debt consolidation,0
4718,70,58000.0,19.2,473,15300.0,48,2,0.507,0,Mortgage,Debt consolidation,1
4719,39,49500.0,5.1,719,26100.0,12,5,0.271,0,Mortgage,Debt consolidation,0
4720,25,72200.0,0.9,643,16200.0,24,1,0.139,0,Rent,Debt consolidation,0
4721,48,68300.0,12.0,763,56700.0,24,5,0.473,0,Rent,Business,0
4722,62,53300.0,18.3,717,25800.0,24,3,0.185,1,Rent,Education,0
4723,68,24700.0,17.6,718,6100.0,12,4,0.244,1,Rent,Business,1
4724,20,120000.0,0.5,648,71200.0,36,4,0.033,1,Rent,Car,0
4725,33,45700.0,8.7,597,5800.0,24,2,0.138,0,Mortgage,Debt consolidation,1
4726,43,47100.0,5.0,635,19700.0,24,4,0.175,0,Mortgage,Debt consolidation,0
4727,23,41300.0,2.0,526,32500.0,24,4,0.335,0,Mortgage,Debt consolidation,1
4728,64,38400.0,15.5,623,27000.0,60,4,0.228,0,Rent,Business,0
4729,23,106100.0,0.0,553,68700.0,12,6,0.258,0,Rent,Debt consolidation,1
4730,53,98000.0,14.8,555,44100.0,48,2,0.212,0,Rent,Home improvement,1
4731,66,61200.0,17.6,679,26300.0,12,3,0.403,0,Rent,Education,0
4732,54,46500.0,10.7,713,2800.0,12,2,0.345,0,Own,Debt consolidation,0
4733,58,66800.0,20.0,667,37400.0,36,3,0.026,0,Own,Car,0
4734,31,50900.0,8.0,630,27500.0,36,2,0.483,0,Rent,Car,1
4735,61,44600.0,11.4,594,2400.0,36,2,0.467,0,Own,Medical,0
4736,40,58000.0,4.4,645,9700.0,48,2,0.178,0,Rent,Education,0
4737,21,39300.0,3.0,604,2400.0,36,2,0.164,0,Mortgage,Education,0
4738,37,55600.0,6.7,665,14700.0,24,3,0.248,1,Rent,Debt consolidation,1
4739,36,54300.0,11.7,548,2900.0,60,4,0.274,1,Mortgage,Medical,0
4740,45,66300.0,12.6,726,26800.0,24,4,0.287,1,Mortgage,Debt consolidation,0
4741,32,36000.0,6.5,625,16400.0,48,7,0.349,0,Own,Business,0
4742,42,69900.0,,700,29500.0,36,4,0.245,0,Own,Debt consolidation,0
4743,40,31200.0,10.3,741,6800.0,24,0,0.086,0,Rent,Medical,0
4744,35,36800.0,3.0,696,18200.0,36,5,0.077,0,Mortgage,Education,0
4745,54,37600.0,18.3,734,27900.0,36,5,0.102,0,Rent,Debt consolidation,0
4746,34,28700.0,7.7,505,8500.0,36,4,0.25,2,Rent,Debt consolidation,1
4747,58,81500.0,13.5,631,25700.0,60,4,0.115,1,Rent,Debt consolidation,0
4748,31,30200.0,7.6,758,15400.0,36,2,0.282,0,Rent,Car,0
4749,63,34600.0,24.7,711,8600.0,60,8,0.255,0,Mortgage,Debt consolidation,0
4750,37,91800.0,6.9,818,30900.0,24,2,0.187,0,Mortgage,Education,0
4751,20,36900.0,2.0,806,16000.0,24,8,0.569,0,Rent,Debt consolidation,0
4752,25,44600.0,,694,16900.0,36,1,0.133,0,Mortgage,Business,1
4753,60,29600.0,,650,22100.0,60,4,0.202,0,Rent,Medical,0
4754,64,74300.0,13.9,593,57300.0,36,2,0.463,0,Own,Car,1
4755,29,74900.0,4.4,632,29400.0,48,7,0.133,0,Mortgage,Education,0
4756,49,70900.0,,637,30500.0,36,2,0.217,1,Rent,Education,1
4757,48,64100.0,17.4,623,55300.0,60,7,0.088,0,Mortgage,Debt consolidation,0
4758,25,50900.0,0.0,597,24300.0,60,4,0.054,0,Rent,Business,0
4759,41,37700.0,,702,33700.0,48,1,0.519,0,Rent,Car,0
4760,54,32600.0,18.3,806,22800.0,36,4,0.407,0,Own,Home improvement,0
4761,69,93400.0,19.7,745,25600.0,36,1,0.235,1,Rent,Business,0
4762,62,71900.0,17.1,644,17600.0,60,6,0.16,1,Mortgage,Medical,1
4763,23,34700.0,0.0,751,6400.0,36,2,0.57,0,Mortgage,Medical,0
4764,30,50000.0,2.0,698,36800.0,36,6,0.334,0,Mortgage,Business,1
4765,41,42200.0,3.7,667,13100.0,60,3,0.567,0,Rent,Home improvement,0
4766,25,27900.0,0.9,662,17400.0,48,3,0.067,1,Mortgage,Education,0
4767,48,53600.0,9.0,654,27300.0,36,8,0.227,0,Mortgage,Debt consolidation,0
4768,18,39800.0,0.0,722,29900.0,48,2,0.025,0,Own,Car,0
4769,24,30400.0,0.0,681,20900.0,36,3,0.134,0,Rent,Debt consolidation,0
4770,20,23400.0,0.0,612,2400.0,36,3,0.529,0,Mortgage,Debt consolidation,1
4771,33,22400.0,,608,7600.0,24,4,0.081,0,Rent,Education,0
4772,58,40700.0,15.9,694,20000.0,60,2,0.186,0,Mortgage,Education,0
4773,27,47000.0,2.0,704,34500.0,48,2,0.268,0,Own,Debt consolidation,0
4774,70,31600.0,17.6,645,20800.0,60,5,0.287,0,Rent,Education,0
4775,32,67900.0,5.9,579,35100.0,36,7,0.076,0,Rent,Business,1
4776,20,47400.0,2.0,770,34900.0,60,3,0.216,0,Mortgage,Education,0
4777,35,65400.0,7.2,753,27400.0,36,7,0.19,0,Mortgage,Education,0
4778,57,44700.0,13.8,511,4300.0,36,7,0.387,1,Rent,Debt consolidation,0
4779,23,33100.0,1.6,777,26100.0,60,9,0.32,0,Own,Car,0
4780,21,51900.0,0.0,653,25800.0,48,6,0.149,0,Rent,Car,0
4781,63,26100.0,17.6,685,19200.0,60,4,0.35,0,Own,Business,0
4782,49,64200.0,11.2,761,24600.0,36,3,0.073,0,Rent,Education,0
4783,36,30700.0,4.4,802,16900.0,24,4,0.112,0,Mortgage,Business,0
4784,58,77600.0,13.7,750,25700.0,36,6,0.068,0,Rent,Car,0
4785,62,41400.0,16.4,689,16500.0,60,5,0.135,0,Mortgage,Debt consolidation,0
4786,37,83400.0,,560,14600.0,36,5,0.203,0,Mortgage,Education,0
4787,47,28000.0,14.9,508,19100.0,48,5,0.419,0,Rent,Home improvement,1
4788,18,34900.0,0.0,740,10100.0,24,1,0.14,0,Rent,Debt consolidation,0
4789,34,59300.0,4.8,777,18200.0,36,3,0.442,0,Mortgage,Home improvement,0
4790,49,88000.0,10.9,605,30900.0,60,8,0.59,2,Rent,Car,1
4791,28,112800.0,6.4,648,47100.0,60,8,0.122,0,Rent,Debt consolidation,0
4792,70,50000.0,21.2,625,27000.0,36,3,0.188,0,Rent,Debt consolidation,0
4793,69,122900.0,20.7,623,77500.0,24,2,0.134,0,Mortgage,Business,0
4794,31,42400.0,6.8,756,26500.0,12,1,0.593,0,Rent,Debt consolidation,0
4795,39,84900.0,,687,34800.0,24,6,0.303,1,Mortgage,Debt consolidation,1
4796,28,30600.0,8.1,652,14100.0,60,2,0.144,0,Mortgage,Car,0
4797,44,60500.0,10.4,850,10200.0,36,6,0.236,0,Rent,Home improvement,0
4798,24,15200.0,0.0,555,7500.0,24,2,0.213,0,Mortgage,Debt consolidation,0
4799,38,28000.0,,714,22300.0,48,5,0.38,0,Mortgage,Education,1
4800,47,61900.0,15.3,586,27300.0,48,9,0.263,0,Rent,Debt consolidation,0
4801,50,25400.0,11.5,657,21500.0,36,10,0.396,0,Mortgage,Debt consolidation,1
4802,49,60700.0,15.2,682,11100.0,60,3,0.16,0,Rent,Education,0
4803,29,77100.0,2.5,738,52100.0,36,4,0.167,0,Mortgage,Debt consolidation,0
4804,59,,14.1,649,24900.0,24,3,0.255,0,Own,Car,0
4805,54,30200.0,16.4,641,19000.0,60,5,0.322,0,Mortgage,Debt consolidation,0
4806,57,38700.0,13.0,648,23700.0,24,5,0.076,0,Rent,Debt consolidation,0
4807,42,30200.0,12.1,584,2100.0,60,4,0.038,0,Mortgage,Business,0
4808,65,46600.0,19.9,721,31700.0,36,5,0.183,0,Own,Car,0
4809,38,51600.0,5.4,693,24500.0,60,9,0.456,0,Mortgage,Debt consolidation,0
4810,60,42100.0,16.6,705,20900.0,24,7,0.525,0,Mortgage,Education,1
4811,28,113200.0,2.4,664,10600.0,36,6,0.198,0,Rent,Business,0
4812,31,34200.0,6.2,655,7200.0,60,5,0.474,0,Mortgage,Car,0
4813,45,98300.0,16.5,764,81000.0,60,3,0.406,0,Rent,Debt consolidation,0
4814,47,29100.0,10.5,752,9300.0,60,6,0.442,0,Mortgage,Car,0
4815,57,50800.0,17.2,783,19500.0,24,6,0.476,0,Mortgage,Debt consolidation,1
4816,33,88600.0,6.1,700,18700.0,36,7,0.365,1,Rent,Medical,0
4817,64,86300.0,18.5,778,50700.0,36,5,0.239,0,Mortgage,Debt consolidation,0
4818,35,39700.0,6.3,637,27000.0,36,6,0.367,0,Mortgage,Business,1
4819,46,64700.0,,654,53900.0,36,2,0.273,0,Mortgage,Home improvement,0
4820,67,60500.0,20.6,766,31900.0,48,5,0.091,0,Mortgage,Home improvement,0
4821,46,37400.0,10.3,737,10600.0,36,3,0.493,1,Own,Home improvement,0
4822,54,66700.0,11.7,647,7400.0,24,2,0.192,0,Mortgage,Business,0
4823,66,124400.0,22.2,586,34400.0,60,4,0.146,0,Mortgage,Home improvement,1
4824,69,62100.0,20.7,654,35700.0,60,6,0.307,2,Mortgage,Car,0
4825,44,65100.0,9.7,615,57200.0,36,5,0.375,1,Mortgage,Debt consolidation,0
4826,40,68600.0,12.8,808,8000.0,60,5,0.527,0,Mortgage,Debt consolidation,0
4827,28,23600.0,0.0,731,9000.0,60,4,0.408,0,Own,Debt consolidation,0
4828,46,61700.0,15.0,609,38100.0,24,5,0.323,1,Mortgage,Car,1
4829,66,29500.0,16.6,586,15900.0,48,3,0.307,0,Rent,Business,0
4830,43,36500.0,10.6,608,22000.0,60,8,0.253,0,Own,Business,0
4831,36,144500.0,5.4,625,64100.0,48,4,0.245,0,Mortgage,Car,0
4832,23,43200.0,,657,12000.0,12,3,0.087,0,Mortgage,Education,0
4833,38,33900.0,11.9,759,15600.0,36,2,0.115,0,Mortgage,Home improvement,0
4834,30,87200.0,10.4,593,32600.0,48,4,0.277,0,Mortgage,Debt consolidation,0
4835,69,30500.0,19.7,850,19900.0,36,0,0.029,0,Mortgage,Debt consolidation,0
4836,45,39200.0,11.8,595,7700.0,12,5,0.272,2,Own,Education,0
4837,25,91500.0,3.0,557,43200.0,24,0,0.23,0,Mortgage,Debt consolidation,0
4838,21,50100.0,3.0,805,43300.0,60,0,0.178,0,Mortgage,Car,0
4839,63,22500.0,11.7,776,11300.0,36,6,0.145,0,Mortgage,Education,0
4840,67,64300.0,20.7,655,16200.0,60,1,0.349,0,Mortgage,Car,0
4841,58,40200.0,13.8,701,34000.0,36,1,0.236,0,Mortgage,Business,0
4842,24,105900.0,0.0,703,27300.0,60,1,0.128,0,Own,Business,0
4843,23,36200.0,0.9,681,24900.0,12,4,0.114,0,Mortgage,Business,0
4844,28,82900.0,9.5,566,11900.0,60,9,0.158,0,Rent,Business,0
4845,57,119100.0,13.6,471,92200.0,60,7,0.128,0,Rent,Home improvement,0
4846,58,32000.0,18.4,602,6500.0,36,3,0.629,0,Rent,Business,0
4847,62,44500.0,21.2,815,17100.0,36,3,0.287,0,Mortgage,Car,0
4848,23,59500.0,2.0,818,51800.0,60,3,0.31,0,Rent,Medical,0
4849,26,31900.0,,649,17300.0,48,0,0.174,0,Own,Business,0
4850,65,56100.0,13.7,593,15400.0,36,4,0.395,0,Rent,Medical,0
4851,67,43800.0,17.5,692,2200.0,36,6,0.107,1,Mortgage,Debt consolidation,0
4852,56,43400.0,17.9,705,2400.0,60,4,0.113,1,Own,Home improvement,0
4853,23,50200.0,2.2,718,14200.0,48,5,0.335,0,Own,Education,0
4854,21,50800.0,2.3,468,25300.0,36,5,0.21,0,Rent,Debt consolidation,0
4855,20,53200.0,1.2,850,24600.0,36,5,0.227,0,Mortgage,Business,0
4856,54,36300.0,21.0,761,30300.0,12,6,0.089,0,Mortgage,Medical,0
4857,62,37100.0,16.3,654,26000.0,60,3,0.314,0,Own,Debt consolidation,1
4858,51,46200.0,18.0,613,38600.0,60,4,0.117,0,Mortgage,Business,0
4859,31,47900.0,5.6,749,23200.0,36,3,0.243,0,Rent,Debt consolidation,0
4860,58,39400.0,21.1,710,16900.0,36,2,0.448,0,Rent,Debt consolidation,0
4861,21,57600.0,0.0,677,30600.0,24,8,0.372,0,Rent,Debt consolidation,1
4862,61,19800.0,17.8,707,7300.0,24,8,0.191,0,Mortgage,Debt consolidation,0
4863,65,34000.0,17.6,661,7800.0,60,1,0.634,0,Own,Car,0
4864,56,,15.6,702,32400.0,48,4,0.163,0,Mortgage,Education,0
4865,64,32000.0,22.1,728,20100.0,36,4,0.161,0,Own,Debt consolidation,0
4866,49,110700.0,13.5,697,36200.0,24,3,0.302,0,Mortgage,Car,0
4867,42,49500.0,13.3,693,21300.0,24,2,0.102,0,Mortgage,Education,0
4868,35,53600.0,4.8,781,13000.0,48,4,0.331,0,Rent,Education,0
4869,66,38500.0,16.7,542,20300.0,24,6,0.401,0,Mortgage,Business,0
4870,54,48600.0,14.4,606,17200.0,36,2,0.398,0,Rent,Medical,0
4871,28,26700.0,3.9,672,21200.0,60,3,0.508,0,Rent,Education,0
4872,68,45000.0,19.4,612,22500.0,36,4,0.124,1,Own,Business,0
4873,21,30700.0,0.0,638,12300.0,60,2,0.106,0,Rent,Debt consolidation,1
4874,49,42700.0,16.0,773,29300.0,24,1,0.005,0,Own,Debt consolidation,0
4875,28,13600.0,2.9,658,11100.0,36,1,0.253,1,Rent,Debt consolidation,1
4876,53,27900.0,18.3,524,20800.0,60,1,0.236,0,Rent,Education,0
4877,39,101900.0,8.4,636,48000.0,60,4,0.299,0,Mortgage,Car,1
4878,41,74300.0,11.1,675,26200.0,48,2,0.042,0,Own,Debt consolidation,0
4879,53,94800.0,15.7,673,58100.0,36,2,0.295,0,Rent,Car,0
4880,58,98100.0,13.5,714,73000.0,24,3,0.266,0,Rent,Debt consolidation,0
4881,38,68600.0,9.1,708,60500.0,36,8,0.226,0,Mortgage,Medical,0
4882,70,39100.0,26.6,659,17200.0,12,2,0.387,0,Own,Debt consolidation,0
4883,44,29200.0,11.2,575,18000.0,24,6,0.082,0,Rent,Home improvement,0
4884,26,87000.0,5.9,635,26000.0,36,11,0.121,0,Mortgage,Business,0
4885,18,50600.0,0.0,620,6300.0,12,5,0.174,0,Rent,Car,1
4886,28,170600.0,4.9,647,45200.0,24,7,0.134,0,Rent,Debt consolidation,0
4887,54,40800.0,15.0,725,2500.0,24,2,0.13,0,Rent,Medical,0
4888,46,131500.0,12.8,702,63500.0,36,4,0.175,0,Mortgage,Car,0
4889,35,45300.0,9.1,736,16600.0,60,3,0.435,0,Own,Home improvement,0
4890,43,95600.0,5.9,639,59900.0,60,2,0.235,0,Rent,Debt consolidation,0
4891,62,114500.0,18.3,791,65600.0,24,8,0.465,0,Mortgage,Education,0
4892,48,29400.0,11.4,724,5700.0,24,5,0.137,0,Mortgage,Debt consolidation,0
4893,21,38500.0,0.0,679,24000.0,60,3,0.476,0,Rent,Debt consolidation,1
4894,20,29200.0,2.0,718,6100.0,24,4,0.254,0,Rent,Business,0
4895,43,26500.0,7.8,616,1500.0,48,6,0.122,1,Own,Home improvement,0
4896,39,68400.0,4.2,501,59800.0,12,3,0.145,0,Rent,Home improvement,1
4897,63,44400.0,20.4,621,3200.0,36,2,0.078,0,Rent,Car,0
4898,48,50300.0,7.7,730,17100.0,24,2,0.196,0,Rent,Debt consolidation,0
4899,58,64700.0,10.2,676,38300.0,48,0,0.166,1,Mortgage,Home improvement,0
4900,49,19400.0,15.1,659,7100.0,36,5,0.151,0,Mortgage,Business,1
4901,36,93300.0,7.7,602,34900.0,24,4,0.272,1,Own,Business,1
4902,52,41200.0,15.0,514,27400.0,36,5,0.139,0,Mortgage,Business,0
4903,50,64000.0,11.5,784,36000.0,36,3,0.189,0,Rent,Medical,0
4904,56,66900.0,11.0,653,32800.0,60,7,0.249,0,Rent,Home improvement,0
4905,28,97300.0,0.4,636,78200.0,36,5,0.322,0,Own,Education,0
4906,52,46500.0,12.8,616,6600.0,24,7,0.171,1,Mortgage,Home improvement,0
4907,33,17000.0,2.2,770,7600.0,36,4,0.409,0,Mortgage,Debt consolidation,1
4908,59,50400.0,17.3,741,12800.0,24,2,0.443,0,Mortgage,Home improvement,0
4909,60,54200.0,15.4,593,4400.0,60,5,0.446,0,Rent,Home improvement,1
4910,51,29200.0,13.8,763,25800.0,60,4,0.108,0,Mortgage,Home improvement,0
4911,68,52800.0,20.5,658,35600.0,24,3,0.086,0,Rent,Car,0
4912,46,40900.0,12.4,621,9600.0,36,4,0.127,0,Mortgage,Home improvement,1
4913,19,25000.0,1.0,647,9800.0,48,5,0.298,0,Own,Home improvement,0
4914,50,68600.0,11.8,607,16600.0,24,6,0.388,1,Own,Home improvement,1
4915,59,37000.0,17.0,564,23400.0,36,5,0.044,0,Rent,Debt consolidation,0
4916,23,40000.0,2.7,732,13900.0,36,8,0.091,0,Rent,Education,0
4917,23,38900.0,0.0,652,32400.0,36,5,0.019,2,Mortgage,Car,0
4918,32,90900.0,7.5,719,20600.0,36,3,0.342,0,Mortgage,Debt consolidation,0
4919,62,48000.0,18.0,693,16700.0,36,3,0.102,0,Mortgage,Education,0
4920,45,51000.0,12.5,714,42900.0,48,6,0.556,0,Mortgage,Education,0
4921,69,39300.0,16.5,506,31500.0,36,3,0.454,2,Rent,Business,1
4922,64,61800.0,17.5,601,18500.0,48,3,0.406,1,Rent,Education,0
4923,47,96200.0,8.3,716,44300.0,36,5,0.164,0,Mortgage,Debt consolidation,0
4924,53,67800.0,16.2,568,54300.0,48,4,0.514,0,Mortgage,Home improvement,0
4925,35,69100.0,2.6,700,42800.0,24,8,0.122,0,Rent,Debt consolidation,0
4926,22,66400.0,0.0,559,39300.0,36,5,0.47,0,Rent,Debt consolidation,0
4927,39,24600.0,10.0,671,15000.0,36,5,0.752,0,Rent,Debt consolidation,1
4928,49,31600.0,10.5,799,26300.0,36,2,0.289,0,Own,Debt consolidation,0
4929,27,44200.0,0.8,732,21600.0,12,4,0.08,0,Rent,Debt consolidation,0
4930,29,34100.0,7.1,522,7000.0,36,2,0.172,1,Rent,Debt consolidation,1
4931,18,28800.0,0.0,738,13000.0,12,5,0.131,0,Mortgage,Home improvement,0
4932,56,19200.0,17.4,816,12900.0,36,1,0.053,0,Rent,Debt consolidation,0
4933,65,25000.0,21.3,850,11700.0,36,3,0.221,0,Rent,Education,0
4934,61,43100.0,16.5,708,13600.0,36,2,0.259,2,Own,Debt consolidation,0
4935,38,47300.0,7.4,561,29200.0,60,2,0.144,0,Mortgage,Medical,0
4936,49,33000.0,10.5,705,14300.0,60,5,0.239,0,Mortgage,Debt consolidation,0
4937,68,51000.0,20.5,798,44300.0,60,6,0.152,0,Mortgage,Business,1
4938,49,39500.0,10.8,655,13800.0,60,4,0.387,0,Mortgage,Debt consolidation,1
4939,33,84600.0,4.7,753,55800.0,12,4,0.041,0,Rent,Car,0
4940,35,45200.0,8.6,603,23600.0,24,8,0.274,0,Own,Business,0
4941,56,69400.0,18.8,700,8000.0,24,7,0.065,0,Rent,Car,0
4942,41,54300.0,10.4,471,24400.0,12,5,0.216,0,Rent,Debt consolidation,0
4943,62,24300.0,23.0,594,1800.0,60,8,0.014,0,Rent,Business,0
4944,63,46800.0,,670,33800.0,60,4,0.442,0,Mortgage,Debt consolidation,0
4945,19,26400.0,0.0,641,17800.0,36,4,0.271,0,Mortgage,Home improvement,0
4946,56,46400.0,17.3,566,4300.0,60,5,0.325,0,Mortgage,Car,0
4947,37,,5.3,630,16000.0,48,4,0.23,0,Mortgage,Home improvement,0
4948,45,59300.0,10.0,696,51400.0,36,4,0.327,0,Rent,Education,1
4949,32,25100.0,0.3,663,7300.0,24,4,0.19,0,Mortgage,Education,0
4950,37,49400.0,4.9,675,40400.0,60,5,0.241,0,Rent,Home improvement,0
4951,35,65300.0,2.3,729,11700.0,48,3,0.028,1,Own,Debt consolidation,0
4952,20,77200.0,0.0,643,4300.0,36,3,0.255,0,Mortgage,Car,0
4953,59,33500.0,15.2,779,16800.0,24,4,0.152,0,Rent,Business,0
4954,25,49500.0,3.1,591,12500.0,48,4,0.575,0,Rent,Car,0
4955,37,53700.0,11.3,824,42800.0,60,2,0.125,0,Rent,Business,0
4956,28,106300.0,6.0,759,66200.0,36,4,0.429,0,Rent,Debt consolidation,0
4957,26,23400.0,0.0,642,14800.0,60,6,0.133,1,Mortgage,Home improvement,0
4958,37,31100.0,9.4,647,19400.0,36,3,0.103,0,Rent,Debt consolidation,0
4959,66,199200.0,19.5,687,124900.0,60,3,0.165,0,Rent,Car,0
4960,68,,19.7,718,29300.0,36,3,0.307,0,Rent,Debt consolidation,0
4961,38,19000.0,7.9,758,11800.0,48,5,0.06,0,Rent,Home improvement,0
4962,44,36600.0,11.0,563,27800.0,60,6,0.268,1,Rent,Car,1
4963,70,12300.0,18.7,705,6500.0,60,2,0.41,0,Mortgage,Debt consolidation,0
4964,30,55300.0,4.3,501,19200.0,24,6,0.158,0,Own,Business,0
4965,68,73500.0,23.6,656,32800.0,60,5,0.329,2,Mortgage,Business,0
4966,23,31100.0,0.0,786,13200.0,36,6,0.169,0,Mortgage,Home improvement,0
4967,29,38700.0,1.3,557,12900.0,12,7,0.095,0,Mortgage,Debt consolidation,0
4968,35,77800.0,6.6,542,31400.0,48,1,0.438,0,Rent,Medical,1
4969,19,20400.0,0.0,688,7700.0,36,3,0.546,0,Mortgage,Debt consolidation,0
4970,61,25300.0,12.0,781,3700.0,36,8,0.048,0,Mortgage,Medical,0
4971,63,43700.0,17.0,696,33000.0,36,1,0.239,0,Mortgage,Business,0
4972,38,33700.0,,518,23400.0,12,4,0.348,1,Rent,Debt consolidation,0
4973,62,42300.0,17.5,535,14300.0,24,5,0.405,0,Mortgage,Education,0
4974,58,26100.0,,678,22300.0,48,7,0.338,0,Rent,Business,0
4975,60,54600.0,10.4,576,46800.0,24,5,0.247,0,Mortgage,Home improvement,0
4976,60,45500.0,18.1,681,35400.0,36,6,0.169,1,Mortgage,Medical,0
4977,48,64500.0,12.3,686,4800.0,36,2,0.267,0,Mortgage,Car,0
4978,23,54200.0,0.0,631,19800.0,24,5,0.16,0,Mortgage,Business,0
4979,66,54400.0,19.7,815,23900.0,24,3,0.113,2,Rent,Debt consolidation,0
4980,50,23800.0,13.3,717,15700.0,36,1,0.037,1,Mortgage,Home improvement,0
4981,65,62700.0,15.6,767,37000.0,60,5,0.129,0,Rent,Car,0
4982,68,41500.0,21.0,744,26000.0,60,2,0.602,0,Mortgage,Home improvement,0
4983,27,45100.0,7.2,658,31700.0,36,7,0.445,0,Rent,Debt consolidation,0
4984,39,82800.0,7.7,654,70900.0,12,4,0.394,0,Rent,Debt consolidation,0
4985,28,34200.0,1.4,646,17700.0,36,3,0.385,0,Rent,Medical,0
4986,20,96300.0,0.3,724,78800.0,36,1,0.298,1,Rent,Debt consolidation,0
4987,69,100900.0,23.0,618,74900.0,36,5,0.367,0,Own,Education,0
4988,66,71400.0,15.5,808,24100.0,36,3,0.281,2,Rent,Education,0
4989,67,30000.0,21.3,610,22200.0,48,5,0.215,0,Own,Car,0
4990,64,16400.0,16.4,687,2500.0,36,2,0.286,0,Mortgage,Business,0
4991,52,84100.0,14.3,652,15600.0,60,6,0.12,0,Own,Car,0
4992,45,51800.0,9.1,634,46300.0,36,1,0.318,0,Mortgage,Debt consolidation,0
4993,70,,19.1,844,14000.0,36,3,0.205,0,Rent,Car,0
4994,47,88100.0,16.2,635,38900.0,60,2,0.613,0,Rent,Debt consolidation,0
4995,52,31900.0,9.4,646,27400.0,36,4,0.236,0,Rent,Debt consolidation,1
4996,29,39700.0,5.9,617,14200.0,12,4,0.107,0,Mortgage,Car,0
4997,57,,20.8,673,16000.0,24,5,0.278,0,Mortgage,Education,0
4998,61,28100.0,19.3,662,3300.0,48,6,0.217,1,Mortgage,Home improvement,0
4999,53,46400.0,10.0,580,22900.0,36,3,0.382,0,Mortgage,Business,1
5000,44,84500.0,6.6,636,18600.0,36,4,0.066,1,Rent,Medical,0
1502,31,18300.0,4.1,555,5600.0,12,5,0.241,0,Rent,Medical,0
2587,37,91700.0,9.3,510,75700.0,24,4,0.471,0,Rent,Debt consolidation,1
2654,37,29400.0,5.9,694,2800.0,24,2,0.225,0,Own,Debt consolidation,0
1056,70,94900.0,21.4,752,30200.0,12,2,0.472,0,Rent,Debt consolidation,0
706,47,31100.0,11.1,796,12900.0,12,3,0.315,0,Own,Medical,0
107,59,39500.0,16.8,712,11500.0,12,3,0.208,0,Rent,Car,0
590,62,62500.0,12.7,850,52800.0,24,3,0.513,0,Mortgage,Business,0
2469,19,89200.0,1.0,697,11300.0,60,3,0.313,0,Mortgage,Car,0
2414,49,43800.0,13.0,657,37300.0,36,1,0.607,0,Rent,Education,0
1601,33,,8.6,649,27800.0,36,3,0.235,0,Rent,Home improvement,0
2465,42,33300.0,8.4,687,15600.0,12,5,0.041,0,Rent,Education,0
229,46,43500.0,11.3,633,4300.0,60,7,0.452,0,Rent,Home improvement,0
916,42,15800.0,8.7,534,2800.0,36,1,0.163,0,Rent,Home improvement,0
795,40,85500.0,5.3,642,52900.0,12,2,0.286,0,Mortgage,Business,0
3022,24,102600.0,3.3,656,26100.0,24,6,0.313,0,Mortgage,Debt consolidation,0
3544,59,38300.0,13.5,811,25700.0,36,4,0.35,0,Mortgage,Education,0
1074,45,68100.0,12.0,795,12200.0,24,6,0.111,0,Mortgage,Debt consolidation,0
3352,67,54300.0,16.8,592,22000.0,36,5,0.601,0,Mortgage,Car,0
1745,29,,2.8,643,71400.0,60,3,0.669,0,Own,Home improvement,0
1085,28,,5.9,696,18500.0,36,4,0.15,0,Mortgage,Debt consolidation,0
927,46,23400.0,11.6,743,3000.0,36,4,0.442,0,Mortgage,Education,0
3050,55,58500.0,13.3,712,11300.0,36,2,0.412,0,Rent,Car,0
1118,49,45000.0,13.0,664,23600.0,36,4,0.051,0,Own,Debt consolidation,0
643,63,,19.4,541,4100.0,36,1,0.211,0,Rent,Medical,0
4768,18,39800.0,0.0,722,29900.0,48,2,0.025,0,Own,Car,0
